customer_id,age,gender,location,tenure_months,monthly_spend,total_spend,login_frequency,support_tickets,product_usage,subscription_type,payment_method,discount_used,churn,customer_lifetime_value
C100000,56.0,Female,Mumbai,40,1008.23,43296.89,20.0,1,68.0,Monthly,Debit Card,1,0,45804.53
C100001,69.0,Male,Delhi,31,1716.53,52968.01,20.0,3,87.0,Monthly,UPI,0,0,92328.73
C100002,46.0,Female,Mumbai,65,1035.82,72203.52,23.0,7,88.0,Monthly,Wallet,1,0,83848.62
C100003,32.0,Male,Other,39,2622.21,107971.82,13.0,1,68.0,Annual,UPI,0,0,126076.33
C100004,60.0,Male,Pune,24,2117.73,49767.32,4.0,2,80.0,Monthly,Debit Card,1,0,72619.73
C100005,25.0,Male,Kolkata,68,3018.35,194697.0,34.0,1,100.0,Annual,Credit Card,0,0,223517.19
C100006,38.0,Female,Mumbai,23,1290.63,26504.91,13.0,2,58.0,Monthly,UPI,0,0,53970.79
C100007,56.0,Female,Bengaluru,61,907.66,61298.76,4.0,2,72.0,Monthly,Debit Card,0,0,66062.13
C100008,36.0,Female,Delhi,27,807.85,20045.96,17.0,2,72.0,Monthly,Credit Card,0,0,48651.48
C100009,40.0,Female,Chennai,16,2823.68,40739.57,14.0,1,75.0,Monthly,UPI,0,0,88548.88
C100010,28.0,Male,Bengaluru,45,1542.11,72798.73,21.0,1,100.0,Monthly,Debit Card,0,0,101930.48
C100011,28.0,Female,Hyderabad,27,1075.26,30031.63,15.0,3,50.0,Annual,Debit Card,0,0,59316.02
C100012,41.0,Female,Mumbai,5,2105.72,10821.19,24.0,2,100.0,Quarterly,Bank Transfer,0,0,56928.7
C100013,70.0,Male,Mumbai,59,1582.88,102988.23,12.0,1,61.0,Monthly,Credit Card,0,0,100937.16
C100014,53.0,Female,Mumbai,72,1435.14,113721.17,6.0,3,57.0,Annual,Debit Card,0,0,105718.31
C100015,57.0,Male,Hyderabad,35,2766.52,101975.1,19.0,0,66.0,Monthly,Debit Card,0,0,124721.04
C100016,41.0,Male,Mumbai,70,1708.1,115090.68,7.0,1,65.0,Monthly,Credit Card,0,0,135238.76
C100017,20.0,Male,Hyderabad,46,2168.61,89535.42,17.0,2,76.0,Monthly,Bank Transfer,0,0,121717.83
C100018,39.0,Male,Delhi,56,2081.49,124903.16,23.0,1,63.0,Monthly,Bank Transfer,0,0,132217.57
C100019,70.0,Female,Chennai,24,3565.7,84830.77,10.0,4,20.0,Monthly,UPI,0,0,112284.15
C100020,19.0,Male,Pune,10,1919.13,20198.98,20.0,2,85.0,Annual,Bank Transfer,0,0,81288.52
C100021,41.0,Male,Pune,38,1400.72,51008.47,17.0,2,67.0,Annual,Credit Card,1,0,79089.71
C100022,61.0,Male,Delhi,70,1608.44,100541.85,15.0,4,46.0,Annual,Credit Card,0,0,121695.82
C100023,47.0,Female,Delhi,48,2443.37,112389.01,25.0,3,75.0,Quarterly,Credit Card,0,0,142825.2
C100024,55.0,Female,Mumbai,9,1962.87,15881.37,19.0,2,73.0,Quarterly,UPI,1,0,51140.04
C100025,19.0,Male,Hyderabad,50,1494.25,77035.64,25.0,5,100.0,Monthly,UPI,0,0,101306.83
C100026,38.0,Male,Delhi,69,2022.95,137983.43,10.0,5,82.0,Monthly,Bank Transfer,0,0,136965.26
C100027,50.0,Male,Chennai,48,2663.49,135826.26,16.0,0,95.0,Quarterly,UPI,1,0,153583.52
C100028,29.0,Female,Chennai,39,3128.54,118071.59,23.0,3,82.0,Annual,Credit Card,0,0,154947.19
C100029,39.0,Female,Bengaluru,5,2039.88,10762.07,16.0,1,77.0,Monthly,Bank Transfer,1,0,52312.73
C100030,61.0,Male,Kolkata,11,2537.88,26642.32,27.0,1,88.0,Monthly,Debit Card,1,0,68802.94
C100031,42.0,Male,Bengaluru,60,875.48,51251.48,11.0,1,42.0,Monthly,Wallet,0,0,61826.27
C100032,44.0,Female,Bengaluru,27,2204.39,57407.47,15.0,1,62.0,Monthly,UPI,0,0,90180.21
C100033,44.0,Female,Other,7,1682.65,10833.42,21.0,1,63.0,Quarterly,Credit Card,0,0,47499.48
C100034,59.0,Male,Pune,60,1053.33,61130.93,18.0,1,60.0,Monthly,Bank Transfer,0,0,81254.35
C100035,45.0,Male,Hyderabad,50,1194.15,60554.58,17.0,3,47.0,Monthly,Bank Transfer,1,0,63934.92
C100036,33.0,Male,Kolkata,67,1269.42,79154.67,18.0,4,60.0,Monthly,Debit Card,0,0,97403.35
C100037,32.0,Female,Bengaluru,69,1990.62,142661.49,2.0,3,86.0,Quarterly,Credit Card,0,0,146489.05
C100038,64.0,Female,Delhi,55,1080.34,54054.49,13.0,0,35.0,Monthly,Credit Card,0,0,63609.09
C100039,68.0,Female,Mumbai,16,2510.55,39614.07,16.0,3,86.0,Annual,Debit Card,1,0,76714.36
C100040,61.0,Female,Mumbai,12,2426.54,26467.22,17.0,4,100.0,Monthly,UPI,1,0,82450.89
C100041,69.0,Male,Delhi,27,1722.52,47782.16,8.0,3,100.0,Monthly,Debit Card,1,0,66749.91
C100042,20.0,Female,Hyderabad,33,1665.77,54653.35,18.0,4,73.0,Monthly,Credit Card,0,0,85635.7
C100043,54.0,Female,Hyderabad,55,1901.62,112515.4,18.0,2,79.0,Monthly,Bank Transfer,1,0,122248.75
C100044,68.0,Male,Delhi,52,1479.21,75404.36,16.0,1,100.0,Monthly,Wallet,0,0,92755.43
C100045,24.0,Female,Bengaluru,37,2749.72,102644.25,16.0,3,55.0,Monthly,Debit Card,0,0,128909.01
C100046,38.0,Male,Other,15,441.18,6904.22,9.0,1,100.0,Quarterly,Credit Card,0,0,34628.65
C100047,26.0,Male,Chennai,65,1548.46,88977.76,10.0,1,68.0,Monthly,Debit Card,1,0,122805.67
C100048,56.0,Female,Hyderabad,68,1032.82,77417.86,17.0,3,100.0,Annual,Bank Transfer,1,0,79820.61
C100049,35.0,Female,Delhi,3,2174.48,6588.39,1.0,3,45.0,Monthly,UPI,0,0,41179.92
C100050,21.0,Female,Bengaluru,72,1938.86,155356.36,24.0,2,93.0,Monthly,Debit Card,0,0,155283.35
C100051,42.0,Male,Hyderabad,5,2289.79,10414.42,12.0,2,98.0,Monthly,Debit Card,1,0,58904.94
C100052,31.0,Female,Chennai,9,2153.88,18719.99,18.0,1,72.0,Annual,Credit Card,0,0,56234.55
C100053,67.0,Female,Other,1,2054.76,1862.33,23.0,3,47.0,Monthly,Debit Card,0,0,41103.16
C100054,26.0,Male,Chennai,30,1232.33,35952.29,7.0,3,88.0,Monthly,Debit Card,0,0,54397.79
C100055,43.0,Other,Bengaluru,71,1896.23,121354.16,18.0,3,90.0,Monthly,UPI,0,0,151742.98
C100056,70.0,Female,Chennai,20,1291.59,23824.57,12.0,1,54.0,Quarterly,Credit Card,0,0,56738.3
C100057,19.0,Male,Hyderabad,27,2197.94,53829.67,4.0,1,72.0,Quarterly,Bank Transfer,0,0,84291.3
C100058,37.0,Female,Hyderabad,63,1183.93,76037.51,26.0,2,80.0,Monthly,UPI,0,0,93638.72
C100059,45.0,Male,Pune,31,1464.84,46412.54,8.0,3,50.0,Quarterly,Debit Card,0,0,69375.61
C100060,64.0,Male,Other,19,1745.29,34909.6,23.0,1,57.0,Monthly,UPI,1,0,63398.69
C100061,24.0,Male,Hyderabad,62,2795.82,181810.44,8.0,4,33.0,Monthly,Credit Card,0,0,163536.09
C100062,61.0,Other,Mumbai,7,1820.51,13473.53,4.0,1,82.0,Quarterly,Credit Card,0,0,51919.25
C100063,25.0,Male,Other,37,3363.93,136841.52,7.0,2,54.0,Annual,Debit Card,0,0,144681.44
C100064,64.0,Female,Hyderabad,71,2698.55,176449.27,7.0,4,79.0,Quarterly,Credit Card,1,0,188806.35
C100065,52.0,Male,Hyderabad,8,1602.62,13897.97,8.0,2,90.0,Monthly,Debit Card,0,0,46889.7
C100066,31.0,Female,Kolkata,57,2062.34,127894.33,21.0,0,58.0,Monthly,UPI,0,0,133495.8
C100067,34.0,Female,Delhi,28,2410.51,66747.22,30.0,1,81.0,Annual,Bank Transfer,0,0,112130.81
C100068,53.0,Female,Hyderabad,17,399.0,6159.12,25.0,3,53.0,Monthly,UPI,0,0,38745.15
C100069,67.0,Male,Chennai,11,935.14,9193.69,14.0,3,91.0,Annual,UPI,1,0,30058.85
C100070,57.0,Female,Hyderabad,15,2091.81,32430.69,13.0,1,38.0,Quarterly,Bank Transfer,0,0,62680.38
C100071,21.0,Other,Chennai,30,2132.8,64016.23,14.0,0,78.0,Quarterly,UPI,0,0,96221.54
C100072,19.0,Female,Pune,6,1898.62,12136.08,1.0,2,55.0,Monthly,Debit Card,0,1,43351.26
C100073,23.0,Female,Mumbai,12,1075.93,13928.43,17.0,3,92.0,Monthly,UPI,1,0,47029.86
C100074,59.0,Female,Delhi,61,3367.73,184892.66,18.0,2,73.0,Monthly,Credit Card,0,0,226769.14
C100075,21.0,Male,Bengaluru,36,2418.56,83320.16,9.0,2,100.0,Annual,UPI,0,0,124705.46
C100076,46.0,Female,Hyderabad,35,2462.65,84643.15,5.0,1,63.0,Monthly,Debit Card,1,0,98075.76
C100077,35.0,Female,Hyderabad,67,2406.43,159629.83,15.0,2,76.0,Monthly,Debit Card,0,0,173963.51
C100078,43.0,Male,Pune,63,1895.85,105809.85,21.0,2,95.0,Quarterly,Credit Card,1,0,139749.13
C100079,61.0,Male,Delhi,40,1855.15,72537.7,8.0,2,78.0,Monthly,UPI,0,0,96185.72
C100080,51.0,Male,Bengaluru,31,2387.19,71483.58,7.0,1,50.0,Monthly,UPI,0,0,90460.38
C100081,27.0,Female,Chennai,37,1459.89,48179.96,11.0,3,76.0,Quarterly,UPI,1,0,81495.4
C100082,53.0,Female,Pune,5,2682.45,12505.62,18.0,2,62.0,Annual,Credit Card,0,0,57841.59
C100083,44.0,Male,Mumbai,4,1914.37,7979.73,10.0,0,100.0,Monthly,Bank Transfer,0,0,58404.3
C100084,48.0,Male,Bengaluru,26,2434.63,60791.11,26.0,4,33.0,Annual,Credit Card,0,0,90459.59
C100085,65.0,Male,Bengaluru,24,1915.87,49309.93,11.0,3,97.0,Monthly,Bank Transfer,1,0,82959.52
C100086,32.0,Male,Hyderabad,39,1223.51,44553.26,11.0,3,68.0,Quarterly,UPI,0,0,76952.44
C100087,25.0,Male,Pune,56,1690.71,94836.42,16.0,4,45.0,Monthly,Credit Card,1,0,113325.14
C100088,31.0,Female,Mumbai,54,2593.74,150735.12,22.0,2,48.0,Monthly,Credit Card,0,0,151007.31
C100089,40.0,Male,Delhi,38,2218.75,83988.53,19.0,2,78.0,Monthly,Debit Card,1,0,109556.79
C100090,57.0,Female,Kolkata,54,2518.25,152281.25,2.0,4,37.0,Monthly,Bank Transfer,0,0,131422.98
C100091,38.0,Female,Other,19,2411.15,46211.58,19.0,2,86.0,Monthly,Wallet,1,0,92250.39
C100092,33.0,Male,Bengaluru,26,1679.79,40532.02,22.0,1,69.0,Annual,Credit Card,0,0,66111.75
C100093,62.0,Female,Hyderabad,52,786.48,43235.06,22.0,2,85.0,Quarterly,Debit Card,1,0,63154.33
C100094,35.0,Female,Chennai,61,2600.72,162565.81,26.0,2,48.0,Annual,Credit Card,0,0,154141.48
C100095,64.0,Female,Hyderabad,67,1689.55,116567.28,30.0,6,30.0,Monthly,Credit Card,1,0,112803.82
C100096,70.0,Male,Pune,22,2498.8,53029.37,15.0,0,42.0,Annual,Wallet,0,0,99875.03
C100097,41.0,Male,Kolkata,17,2960.25,47474.21,13.0,0,100.0,Annual,Wallet,0,0,108665.39
C100098,43.0,Male,Delhi,11,1569.78,16086.36,9.0,1,95.0,Monthly,Debit Card,0,0,65257.1
C100099,42.0,Male,Bengaluru,39,1304.51,45711.17,7.0,4,82.0,Monthly,Credit Card,1,0,62496.38
C100100,62.0,Male,Hyderabad,61,1136.16,66592.07,11.0,2,89.0,Monthly,UPI,0,0,78178.53
C100101,58.0,Male,Chennai,49,1785.82,78642.09,11.0,2,79.0,Monthly,Debit Card,0,0,109093.97
C100102,46.0,Male,Pune,61,1132.12,67964.9,7.0,5,100.0,Annual,Bank Transfer,0,0,83642.01
C100103,32.0,Male,Bengaluru,12,2029.13,22630.76,17.0,4,66.0,Monthly,Bank Transfer,0,0,55650.16
C100104,62.0,Male,Hyderabad,13,2060.0,28412.52,14.0,3,87.0,Monthly,Debit Card,0,0,66916.41
C100105,18.0,Male,Bengaluru,58,2306.48,129433.98,16.0,4,65.0,Annual,Credit Card,0,0,151646.86
C100106,42.0,Other,Other,11,701.57,7830.86,8.0,3,78.0,Monthly,Wallet,0,0,38009.45
C100107,24.0,Male,Delhi,64,2573.57,175598.81,19.0,2,100.0,Monthly,UPI,1,0,186736.39
C100108,26.0,Female,Kolkata,31,1882.89,55955.11,11.0,5,57.0,Monthly,Debit Card,0,0,85291.58
C100109,41.0,Male,Pune,11,1507.31,15744.77,25.0,4,40.0,Monthly,Debit Card,0,0,51376.37
C100110,18.0,Female,Mumbai,43,2222.22,86478.39,1.0,0,51.0,Monthly,Credit Card,0,0,110442.43
C100111,61.0,Male,Hyderabad,36,2213.77,70495.89,10.0,4,32.0,Quarterly,Credit Card,1,0,98562.72
C100112,25.0,Female,Bengaluru,2,1055.32,2134.39,19.0,4,80.0,Monthly,Credit Card,0,0,36071.05
C100113,41.0,Female,Mumbai,61,1767.84,109527.16,6.0,1,63.0,Monthly,UPI,0,0,116743.37
C100114,28.0,Male,Kolkata,36,1410.18,49335.93,25.0,4,45.0,Monthly,UPI,0,0,71369.18
C100115,68.0,Female,Bengaluru,49,1527.6,71628.88,21.0,4,16.0,Monthly,UPI,0,0,81087.29
C100116,34.0,Female,Hyderabad,27,2140.08,64335.85,27.0,1,81.0,Quarterly,Credit Card,1,0,101707.01
C100117,25.0,Male,Mumbai,12,1234.1,13293.83,24.0,3,100.0,Monthly,Credit Card,0,0,65086.7
C100118,52.0,Female,Hyderabad,58,2410.83,129559.95,20.0,3,70.0,Annual,UPI,0,0,152679.39
C100119,52.0,Female,Mumbai,6,1198.74,7632.21,16.0,5,60.0,Monthly,UPI,0,0,45047.5
C100120,50.0,Male,Bengaluru,44,2584.76,105857.41,6.0,3,35.0,Quarterly,Bank Transfer,1,0,123410.75
C100121,22.0,Male,Bengaluru,47,1376.2,67968.69,25.0,0,72.0,Quarterly,UPI,1,0,102388.91
C100122,59.0,Female,Chennai,23,3291.74,83667.97,10.0,2,49.0,Monthly,Debit Card,0,0,106255.46
C100123,56.0,Female,Mumbai,26,2578.93,70652.34,13.0,3,44.0,Annual,UPI,1,0,90353.57
C100124,58.0,Female,Mumbai,7,1675.17,12582.24,12.0,2,97.0,Monthly,Bank Transfer,0,1,50747.97
C100125,45.0,Female,Bengaluru,32,1431.88,48984.84,11.0,1,56.0,Annual,Credit Card,0,0,58305.81
C100126,24.0,Male,Kolkata,33,2138.46,68940.16,24.0,1,82.0,Monthly,Bank Transfer,0,0,98777.17
C100127,26.0,Female,Hyderabad,20,2459.29,45149.12,22.0,3,92.0,Monthly,UPI,1,0,85550.1
C100128,25.0,Male,Hyderabad,69,2204.43,141440.82,19.0,4,41.0,Monthly,Bank Transfer,0,0,158381.46
C100129,29.0,Male,Mumbai,52,1423.95,81760.38,15.0,5,55.0,Quarterly,Wallet,1,0,78798.95
C100130,51.0,Female,Hyderabad,42,2727.43,103009.71,3.0,3,100.0,Quarterly,Credit Card,0,0,151584.89
C100131,50.0,Female,Mumbai,1,1989.25,1929.5,14.0,2,55.0,Monthly,UPI,0,0,40901.91
C100132,65.0,Male,Other,63,1377.17,89372.57,24.0,1,66.0,Quarterly,UPI,0,0,95786.9
C100133,40.0,Female,Delhi,7,3490.31,22520.67,12.0,3,62.0,Annual,UPI,0,1,78505.39
C100134,41.0,Male,Mumbai,58,2474.23,131041.48,11.0,2,94.0,Annual,Credit Card,1,0,161922.75
C100135,54.0,Male,Mumbai,50,2065.12,106195.97,21.0,2,100.0,Monthly,Bank Transfer,0,0,136802.42
C100136,52.0,Female,Hyderabad,34,1485.74,55028.95,14.0,1,77.0,Monthly,Wallet,0,0,80166.94
C100137,61.0,Male,Chennai,51,1776.99,99764.95,23.0,3,79.0,Monthly,UPI,0,0,108411.85
C100138,57.0,Male,Bengaluru,10,1271.2,13275.33,8.0,1,58.0,Monthly,Credit Card,1,0,44965.86
C100139,39.0,Male,Other,26,1920.34,52506.99,16.0,0,92.0,Monthly,Bank Transfer,0,0,90624.14
C100140,44.0,Female,Bengaluru,32,2156.29,76259.47,17.0,2,64.0,Monthly,UPI,0,0,110840.39
C100141,52.0,Male,Chennai,42,794.11,32462.3,14.0,1,69.0,Annual,UPI,0,0,46678.36
C100142,18.0,Male,Other,62,1211.96,83700.04,25.0,1,100.0,Annual,Credit Card,0,0,98787.17
C100143,52.0,Female,Pune,12,1458.1,16679.81,15.0,4,76.0,Annual,Credit Card,1,0,49215.87
C100144,54.0,Female,Other,40,1071.88,41470.03,19.0,0,88.0,Annual,UPI,0,0,69977.2
C100145,64.0,Male,Mumbai,34,1262.77,45617.77,14.0,2,62.0,Quarterly,Credit Card,0,0,59645.73
C100146,31.0,Female,Bengaluru,70,2758.01,203016.18,15.0,3,65.0,Monthly,UPI,0,0,195753.73
C100147,20.0,Male,Pune,27,2791.97,73039.32,18.0,2,38.0,Annual,Credit Card,1,0,95691.85
C100148,18.0,Female,Bengaluru,8,1396.73,9961.51,9.0,2,90.0,Monthly,Bank Transfer,1,0,44713.21
C100149,22.0,Male,Hyderabad,47,2159.37,104763.72,11.0,3,62.0,Monthly,Bank Transfer,0,0,121120.46
C100150,43.0,Male,Delhi,26,1052.21,28033.35,14.0,0,67.0,Monthly,Debit Card,0,0,53638.52
C100151,31.0,Male,Delhi,57,3071.54,191198.75,16.0,0,100.0,Monthly,Credit Card,0,0,186751.13
C100152,56.0,Male,Kolkata,7,1922.1,12805.1,14.0,5,72.0,Annual,UPI,0,0,71238.29
C100153,44.0,Female,Other,26,734.87,20995.44,3.0,2,51.0,Annual,Debit Card,1,0,34102.85
C100154,26.0,Male,Pune,59,3251.17,195170.87,22.0,3,69.0,Monthly,Credit Card,1,0,198323.34
C100155,32.0,Male,Hyderabad,69,1605.23,103229.57,15.0,2,30.0,Monthly,UPI,0,0,109457.05
C100156,32.0,Female,Delhi,47,3122.07,142956.52,6.0,1,78.0,Monthly,Wallet,0,0,173119.81
C100157,44.0,Female,Pune,35,2396.39,77859.28,12.0,2,83.0,Quarterly,Credit Card,0,0,120750.73
C100158,59.0,Male,Other,30,1992.18,59206.81,25.0,3,64.0,Monthly,Credit Card,0,0,90354.22
C100159,30.0,Male,Bengaluru,50,856.62,42549.69,11.0,2,77.0,Annual,UPI,0,0,63574.49
C100160,68.0,Male,Hyderabad,24,1870.77,48053.1,28.0,3,99.0,Monthly,Bank Transfer,1,0,85910.15
C100161,49.0,Male,Pune,30,1035.98,32890.96,12.0,3,49.0,Annual,Credit Card,0,0,59003.53
C100162,56.0,Male,Bengaluru,54,1584.4,87239.99,25.0,3,75.0,Monthly,UPI,0,0,112874.63
C100163,66.0,Female,Mumbai,67,1858.615,129091.29,23.0,2,83.0,Monthly,Credit Card,1,0,140732.53
C100164,69.0,Female,Chennai,32,2663.84,89129.94,15.0,1,84.0,Monthly,Bank Transfer,1,0,125033.22
C100165,49.0,Male,Chennai,8,1407.91,10312.17,6.0,5,79.0,Quarterly,UPI,0,0,50408.65
C100166,21.0,Male,Delhi,50,3199.86,163291.25,10.0,5,62.0,Monthly,Debit Card,1,0,179768.92
C100167,47.0,Male,Bengaluru,47,1051.59,54292.27,13.0,4,54.0,Annual,Bank Transfer,1,0,66080.44
C100168,54.0,Male,Delhi,46,1270.4,55714.97,17.0,3,37.0,Monthly,UPI,1,0,73154.56
C100169,40.0,Male,Hyderabad,35,1915.96,59390.22,9.0,2,62.0,Quarterly,UPI,0,0,90175.11
C100170,56.0,Female,Bengaluru,61,399.0,21444.48,3.0,2,78.0,Monthly,Debit Card,0,0,43876.78
C100171,62.0,Female,Bengaluru,51,1032.95,46770.66,14.0,3,100.0,Monthly,UPI,0,0,76849.01
C100172,32.0,Other,Pune,63,2103.13,140328.84,9.0,0,88.0,Monthly,Credit Card,0,0,140295.2
C100173,44.0,Female,Bengaluru,8,2656.1,23113.59,9.0,3,71.0,Annual,Bank Transfer,0,0,67868.53
C100174,46.0,Male,Delhi,34,1166.2,34927.35,10.0,1,69.0,Monthly,UPI,0,0,65313.5
C100175,53.0,Female,Delhi,25,1456.42,38103.3,15.0,1,60.0,Monthly,Bank Transfer,0,0,50996.88
C100176,30.0,Male,Delhi,44,2127.91,89171.06,20.0,4,49.0,Monthly,Credit Card,1,0,111393.34
C100177,49.0,Male,Mumbai,43,674.64,28245.27,25.0,1,99.0,Quarterly,Credit Card,0,0,57953.16
C100178,24.0,Female,Chennai,50,1681.93,92626.35,6.0,1,93.0,Monthly,UPI,1,0,109465.0
C100179,68.0,Male,Bengaluru,13,1897.06,25768.75,10.0,2,43.0,Annual,Credit Card,1,0,63544.79
C100180,39.0,Female,Mumbai,46,2947.13,136711.63,19.0,3,100.0,Monthly,Credit Card,0,0,168451.36
C100181,45.0,Male,Hyderabad,53,2147.78,113474.1,15.0,5,78.0,Monthly,Bank Transfer,0,0,131966.69
C100182,19.0,Female,Kolkata,63,1812.22,115843.34,8.0,2,86.0,Monthly,Credit Card,1,0,126309.63
C100183,59.0,Female,Pune,2,2299.25,4303.89,21.0,0,100.0,Monthly,Debit Card,1,0,59439.74
C100184,62.0,Female,Bengaluru,40,1943.42,81173.56,15.0,4,45.0,Monthly,Wallet,0,0,95367.09
C100185,70.0,Female,Mumbai,23,1193.93,24949.57,26.0,3,58.0,Monthly,Credit Card,0,0,54836.61
C100186,23.0,Male,Other,59,2267.36,143273.96,16.0,4,69.0,Monthly,Debit Card,0,0,140699.91
C100187,45.0,Female,Bengaluru,69,2358.14,152818.46,11.0,0,51.0,Quarterly,Bank Transfer,1,0,173403.52
C100188,45.0,Female,Pune,34,1592.0,47632.67,11.0,4,55.0,Monthly,Bank Transfer,0,0,71110.14
C100189,61.0,Female,Hyderabad,27,1929.87,55152.07,4.0,3,85.0,Monthly,UPI,0,0,83692.17
C100190,61.0,Female,Mumbai,55,3069.32,182196.72,24.0,0,83.0,Quarterly,Bank Transfer,0,0,184068.26
C100191,37.0,Female,Kolkata,4,1935.11,8217.74,14.0,1,78.0,Monthly,Credit Card,0,0,56159.94
C100192,47.0,Female,Mumbai,68,1666.78,107610.7,2.0,3,66.0,Monthly,Credit Card,0,0,115986.19
C100193,28.0,Female,Mumbai,72,1146.53,75852.15,22.0,3,65.0,Quarterly,UPI,1,0,96260.45
C100194,45.0,Female,Kolkata,70,1215.52,75229.39,7.0,5,73.0,Monthly,UPI,0,0,98252.3
C100195,42.0,Female,Delhi,27,1862.27,45200.81,19.0,2,73.0,Monthly,UPI,0,0,84107.8
C100196,56.0,Male,Delhi,47,1392.24,63605.94,11.0,2,90.0,Monthly,UPI,1,0,81366.54
C100197,50.0,Male,Mumbai,40,2188.92,83028.16,18.0,2,90.0,Monthly,Bank Transfer,1,0,114901.77
C100198,18.0,Male,Delhi,27,1776.23,52816.61,6.0,1,77.0,Annual,UPI,0,0,76206.1
C100199,44.0,Male,Pune,7,3664.74,23978.12,17.0,1,75.0,Monthly,Wallet,0,0,88531.8
C100200,69.0,Male,Other,23,1950.81,45096.99,9.0,0,60.0,Quarterly,UPI,0,0,83336.08
C100201,30.0,Female,Pune,64,773.32,54934.96,3.0,3,39.0,Quarterly,Debit Card,0,0,50366.22
C100202,58.0,Male,Delhi,29,2173.06,62025.72,19.0,2,100.0,Annual,Debit Card,0,0,102601.15
C100203,20.0,Male,Hyderabad,61,1559.37,104264.14,14.0,2,72.0,Quarterly,UPI,0,0,108117.74
C100204,56.0,Female,Pune,44,2266.25,106375.81,10.0,3,85.0,Monthly,UPI,0,0,131455.37
C100205,44.0,Female,Delhi,69,1803.39,119590.31,12.0,2,90.0,Monthly,Bank Transfer,0,0,147969.1
C100206,25.0,Female,Pune,27,2319.58,65271.67,20.0,6,77.0,Annual,Bank Transfer,1,0,80263.59
C100207,44.0,Other,Bengaluru,12,3563.36,40649.22,15.0,3,70.0,Monthly,UPI,1,0,98647.25
C100208,26.0,Female,Kolkata,17,1662.02,26956.11,19.0,6,63.0,Monthly,Wallet,1,0,57253.96
C100209,54.0,Male,Hyderabad,37,2278.54,88137.67,15.0,1,38.0,Monthly,UPI,1,0,103718.22
C100210,50.0,Female,Bengaluru,34,2519.65,86543.42,22.0,3,100.0,Monthly,Credit Card,0,0,125971.7
C100211,68.0,Female,Delhi,36,2252.85,71510.35,4.0,3,54.0,Annual,UPI,1,0,93239.86
C100212,59.0,Male,Delhi,6,752.4,4861.52,4.0,1,42.0,Quarterly,Credit Card,0,0,23897.57
C100213,61.0,Male,Bengaluru,32,2305.59,66729.38,18.0,4,100.0,Quarterly,UPI,0,0,110895.22
C100214,41.0,Female,Delhi,22,506.2,11503.65,22.0,2,73.0,Monthly,Bank Transfer,1,0,28690.72
C100215,32.0,Male,Chennai,10,2910.08,30048.05,19.0,3,79.0,Monthly,Bank Transfer,0,0,74231.46
C100216,49.0,Female,Hyderabad,29,952.21,26026.69,23.0,2,69.0,Monthly,UPI,1,0,44461.44
C100217,49.0,Male,Hyderabad,11,3075.61,29818.7,21.0,3,44.0,Monthly,Bank Transfer,0,0,69746.83
C100218,41.0,Female,Kolkata,66,1854.46,128050.84,17.0,1,75.0,Monthly,Debit Card,1,0,130034.83
C100219,58.0,Female,Bengaluru,56,2368.21,148230.56,1.0,0,62.0,Monthly,UPI,1,0,139481.0
C100220,69.0,Male,Hyderabad,58,2132.27,125238.86,13.0,0,63.0,Monthly,Bank Transfer,0,0,119656.11
C100221,66.0,Male,Delhi,52,2431.83,138476.99,11.0,3,93.0,Quarterly,UPI,0,0,154482.77
C100222,66.0,Female,Chennai,61,518.79,33819.75,18.0,1,91.0,Monthly,Debit Card,0,0,57993.69
C100223,69.0,Female,Pune,17,1382.05,23264.95,18.0,2,100.0,Monthly,Bank Transfer,0,0,54896.2
C100224,29.0,Female,Kolkata,30,2314.61,70155.25,5.0,5,44.0,Annual,Credit Card,0,0,77547.06
C100225,56.0,Male,Pune,72,1833.9,137757.51,6.0,2,80.0,Monthly,Wallet,1,0,143751.51
C100226,19.0,Female,Bengaluru,37,1539.03,60543.36,1.0,6,100.0,Monthly,Debit Card,1,0,71537.51
C100227,20.0,Male,Mumbai,5,2174.75,10088.47,27.0,0,96.0,Annual,UPI,0,0,67611.42
C100228,66.0,Male,Delhi,26,1656.61,41652.65,18.0,5,89.0,Quarterly,UPI,1,0,83147.51
C100229,54.0,Male,Bengaluru,70,3485.5,254982.04,12.0,3,72.0,Annual,Credit Card,0,0,243588.99
C100230,66.0,Female,Hyderabad,1,2672.82,2626.62,16.0,4,90.0,Monthly,Bank Transfer,0,0,68069.85
C100231,34.0,Male,Mumbai,9,3014.87,27456.96,18.0,1,56.0,Annual,UPI,0,0,71121.83
C100232,66.0,Male,Hyderabad,71,2974.77,222672.08,19.0,4,62.0,Monthly,Debit Card,1,0,209662.11
C100233,19.0,Female,Other,64,2369.15,136063.19,2.0,4,45.0,Annual,Bank Transfer,0,0,141802.42
C100234,19.0,Female,Pune,24,1442.77,38363.84,10.0,1,60.0,Annual,UPI,0,0,55760.12
C100235,45.0,Male,Hyderabad,5,1618.46,8613.69,16.0,0,72.0,Quarterly,Bank Transfer,0,0,51349.86
C100236,40.0,Male,Bengaluru,51,2029.05,98999.08,15.0,3,100.0,Quarterly,Wallet,1,0,120850.67
C100237,54.0,Male,Other,38,2148.83,90145.04,19.0,1,100.0,Annual,Credit Card,1,0,106777.56
C100238,49.0,Male,Bengaluru,29,938.19,25882.75,5.0,5,43.0,Monthly,UPI,0,0,26527.84
C100239,50.0,Female,Pune,46,2032.02,104503.16,13.0,1,51.0,Monthly,UPI,1,0,107026.35
C100240,18.0,Male,Chennai,52,1321.99,68329.21,15.0,0,60.0,Annual,Bank Transfer,1,0,79764.62
C100241,36.0,Female,Kolkata,46,3062.57,139400.14,19.0,2,62.0,Monthly,Debit Card,0,0,165165.88
C100242,19.0,Female,Delhi,68,2556.72,176987.32,18.0,2,100.0,Annual,Bank Transfer,0,0,195662.82
C100243,70.0,Male,Hyderabad,59,1676.28,109230.35,8.0,4,100.0,Quarterly,UPI,0,0,119344.1
C100244,61.0,Female,Bengaluru,10,2091.51,23340.58,22.0,3,51.0,Annual,Credit Card,1,0,47196.3
C100245,43.0,Male,Mumbai,4,2921.7,10906.86,11.0,0,76.0,Monthly,Credit Card,1,0,61498.69
C100246,49.0,Male,Kolkata,52,828.3,40278.71,8.0,1,62.0,Monthly,UPI,1,0,58026.68
C100247,23.0,Male,Hyderabad,18,1738.17,30553.56,16.0,6,29.0,Annual,Bank Transfer,1,0,56025.73
C100248,49.0,Male,Mumbai,51,2146.88,118126.17,9.0,0,53.0,Monthly,Debit Card,0,0,135693.41
C100249,21.0,Male,Bengaluru,23,463.12,10986.64,23.0,2,75.0,Quarterly,Bank Transfer,1,0,33670.08
C100250,28.0,Male,Kolkata,25,1958.91,44752.29,25.0,1,55.0,Annual,UPI,1,0,79939.75
C100251,34.0,Female,Pune,60,1511.24,91185.2,12.0,3,59.0,Monthly,Credit Card,0,0,112230.18
C100252,55.0,Female,Bengaluru,37,3404.71,136163.4,8.0,3,84.0,Quarterly,Wallet,0,0,146039.73
C100253,41.0,Female,Hyderabad,68,1712.38,103166.38,19.0,3,78.0,Monthly,UPI,0,0,122464.03
C100254,22.0,Male,Hyderabad,18,1129.58,19998.2,16.0,1,93.0,Monthly,UPI,1,0,56435.5
C100255,69.0,Female,Delhi,29,1224.51,32252.43,9.0,2,44.0,Monthly,Credit Card,0,0,51233.7
C100256,51.0,Female,Chennai,30,399.0,11889.84,12.0,8,41.0,Quarterly,Debit Card,0,0,15695.67
C100257,23.0,Female,Bengaluru,7,3145.85,19567.55,15.0,1,84.0,Annual,UPI,1,0,74720.19
C100258,39.0,Female,Other,41,1870.48,77238.0,4.0,2,82.0,Monthly,Bank Transfer,1,0,98900.14
C100259,28.0,Female,Chennai,37,1686.71,69038.58,22.0,2,30.0,Monthly,Credit Card,0,0,97217.01
C100260,65.0,Male,Pune,27,2411.36,62689.93,8.0,4,56.0,Monthly,Bank Transfer,1,0,90030.89
C100261,33.0,Female,Hyderabad,21,2156.51,43197.16,12.0,2,98.0,Monthly,UPI,1,0,84243.9
C100262,50.0,Male,Hyderabad,43,1810.43,83816.63,15.0,3,73.0,Monthly,UPI,1,0,100328.96
C100263,26.0,Other,Chennai,51,1398.8,66273.27,22.0,5,52.0,Annual,Bank Transfer,1,0,90890.16
C100264,23.0,Male,Delhi,71,1697.88,116914.24,29.0,2,48.0,Annual,Credit Card,1,0,127326.52
C100265,33.0,Male,Mumbai,13,1880.97,27156.41,13.0,3,83.0,Monthly,Wallet,1,0,61792.71
C100266,46.0,Male,Kolkata,53,2234.91,122873.87,22.0,2,72.0,Quarterly,Bank Transfer,1,0,151716.75
C100267,20.0,Female,Chennai,63,934.08,61370.81,12.0,3,100.0,Quarterly,Debit Card,0,0,85163.96
C100268,37.0,Male,Bengaluru,57,1994.18,115516.33,19.0,1,44.0,Annual,Debit Card,0,0,124356.8
C100269,53.0,Male,Kolkata,25,2640.47,59297.7,11.0,4,50.0,Monthly,Credit Card,1,0,97307.14
C100270,36.0,Female,Chennai,13,1244.23,16893.98,3.0,2,84.0,Annual,UPI,0,0,46405.35
C100271,43.0,Female,Bengaluru,37,2533.73,100648.07,22.0,1,62.0,Annual,UPI,0,0,119031.26
C100272,20.0,Male,Hyderabad,30,1204.99,38126.92,15.0,2,30.0,Annual,Bank Transfer,0,1,49043.1
C100273,36.0,Male,Pune,12,1454.14,15832.4,17.0,3,74.0,Quarterly,Debit Card,0,0,54170.55
C100274,37.0,Female,Pune,65,512.98,33591.67,4.0,3,46.0,Monthly,UPI,0,0,33520.46
C100275,49.0,Female,Hyderabad,18,1996.03,32841.04,5.0,1,85.0,Quarterly,UPI,0,0,87272.05
C100276,24.0,Female,Bengaluru,62,1299.58,85017.74,3.0,3,53.0,Monthly,UPI,1,0,77108.7
C100277,69.0,Female,Pune,24,502.03,13419.09,16.0,1,72.0,Monthly,Credit Card,0,0,48015.87
C100278,58.0,Male,Other,60,1889.91,113442.86,8.0,3,86.0,Monthly,Credit Card,0,0,127330.26
C100279,50.0,Female,Bengaluru,17,2489.0,38837.43,25.0,3,85.0,Monthly,Credit Card,1,0,81525.05
C100280,57.0,Female,Kolkata,60,2066.02,120369.67,4.0,2,100.0,Monthly,Credit Card,1,0,140001.41
C100281,56.0,Female,Chennai,9,2034.0,18223.46,16.0,2,79.0,Monthly,Debit Card,0,0,53173.62
C100282,35.0,Male,Hyderabad,52,2309.87,121462.22,1.0,4,100.0,Monthly,UPI,0,0,142912.25
C100283,57.0,Female,Hyderabad,15,1332.58,19781.36,29.0,4,62.0,Monthly,Credit Card,0,0,53719.67
C100284,18.0,Female,Bengaluru,28,1871.19,48723.87,7.0,1,68.0,Monthly,Bank Transfer,0,0,78613.91
C100285,28.0,Male,Bengaluru,9,3479.23,31293.59,20.0,0,100.0,Annual,Credit Card,1,0,85715.54
C100286,45.0,Female,Other,56,1895.52,118729.44,11.0,1,68.0,Monthly,UPI,0,0,125949.97
C100287,42.0,Female,Hyderabad,36,1506.83,59215.28,20.0,2,85.0,Annual,UPI,1,0,79886.89
C100288,67.0,Female,Chennai,56,2027.0,120696.02,7.0,4,95.0,Monthly,Credit Card,1,0,124073.3
C100289,40.0,Female,Hyderabad,71,1802.64,138649.47,16.0,3,80.0,Annual,Debit Card,0,0,144985.45
C100290,48.0,Female,Pune,20,2025.63,39274.25,10.0,2,37.0,Annual,Debit Card,0,0,61979.99
C100291,47.0,Female,Kolkata,55,2283.83,117662.33,33.0,5,88.0,Monthly,UPI,1,0,154660.78
C100292,59.0,Male,Bengaluru,60,1449.86,80884.35,8.0,3,83.0,Monthly,Bank Transfer,0,1,101315.51
C100293,52.0,Male,Chennai,35,399.0,12811.36,7.0,2,72.0,Quarterly,Wallet,1,0,36926.67
C100294,24.0,Male,Hyderabad,1,1687.42,1647.17,26.0,2,69.0,Quarterly,Credit Card,0,0,38577.36
C100295,33.0,Female,Chennai,45,2120.19,102813.98,20.0,1,52.0,Monthly,Wallet,0,0,112907.43
C100296,43.0,Female,Hyderabad,69,3186.15,231137.75,9.0,4,53.0,Annual,UPI,0,0,217821.99
C100297,65.0,Female,Mumbai,40,2495.95,109594.11,15.0,3,89.0,Monthly,Debit Card,0,0,128441.77
C100298,69.0,Female,Delhi,38,1833.51,65609.97,15.0,1,75.0,Annual,Debit Card,0,0,99436.53
C100299,66.0,Female,Mumbai,24,2111.86,55129.51,16.0,2,73.0,Monthly,Credit Card,1,0,84040.36
C100300,19.0,Other,Bengaluru,4,1640.22,6779.55,21.0,3,85.0,Monthly,UPI,0,0,59200.57
C100301,18.0,Male,Bengaluru,69,2375.35,163941.29,8.0,2,64.0,Monthly,Wallet,1,0,164374.24
C100302,65.0,Female,Delhi,13,1696.92,23167.15,16.0,1,96.0,Monthly,Credit Card,0,0,61370.63
C100303,29.0,Male,Mumbai,21,2540.25,54306.15,13.0,1,47.0,Annual,Debit Card,0,0,89613.67
C100304,22.0,Female,Hyderabad,32,2884.42,99459.72,1.0,3,79.0,Quarterly,Credit Card,1,0,115648.87
C100305,54.0,Female,Pune,38,3705.67,130285.72,11.0,2,72.0,Annual,Credit Card,0,0,168893.42
C100306,49.0,Female,Chennai,32,1080.87,33931.7,11.0,2,100.0,Annual,Bank Transfer,1,0,49991.31
C100307,26.0,Male,Hyderabad,57,633.73,38079.03,21.0,3,88.0,Monthly,Credit Card,0,0,67066.58
C100308,58.0,Male,Hyderabad,48,1191.16,60398.36,23.0,4,47.0,Monthly,Credit Card,0,0,76638.81
C100309,52.0,Female,Other,30,2013.08,57097.71,19.0,2,100.0,Annual,Bank Transfer,1,0,97186.65
C100310,36.0,Female,Bengaluru,71,1456.99,101981.44,1.0,1,100.0,Quarterly,Debit Card,1,0,116669.61
C100311,65.0,Male,Kolkata,38,2611.67,93303.36,29.0,1,100.0,Quarterly,Credit Card,0,0,135508.38
C100312,33.0,Female,Chennai,44,1285.14,58514.04,23.0,3,69.0,Monthly,UPI,1,0,74336.01
C100313,20.0,Male,Chennai,26,1326.27,38421.15,15.0,3,78.0,Annual,UPI,1,0,57876.36
C100314,37.0,Female,Delhi,2,2669.18,5328.12,16.0,0,74.0,Monthly,UPI,1,0,66373.41
C100315,41.0,Female,Hyderabad,43,2403.44,104285.76,18.0,1,68.0,Annual,UPI,1,0,122164.85
C100316,50.0,Female,Bengaluru,43,2243.3,98707.7,15.0,3,52.0,Annual,Debit Card,0,0,107398.36
C100317,41.0,Female,Bengaluru,63,1076.27,74988.69,21.0,3,98.0,Quarterly,Credit Card,1,0,90528.02
C100318,69.0,Female,Kolkata,58,2496.9,158611.57,24.0,0,100.0,Monthly,Bank Transfer,0,0,168503.74
C100319,28.0,Female,Mumbai,48,1650.62,80675.82,2.0,4,91.0,Monthly,Credit Card,1,0,89085.36
C100320,66.0,Male,Bengaluru,5,1888.01,9211.23,12.0,1,56.0,Monthly,Wallet,1,0,35888.29
C100321,25.0,Male,Bengaluru,35,2021.49,73117.44,18.0,3,60.0,Quarterly,Credit Card,0,0,102583.0
C100322,53.0,Male,Mumbai,16,2701.06,39977.56,6.0,1,84.0,Monthly,Bank Transfer,0,0,86574.89
C100323,55.0,Female,Hyderabad,49,2338.63,121865.67,29.0,0,100.0,Annual,Bank Transfer,0,0,143352.44
C100324,57.0,Male,Bengaluru,60,1354.73,75425.42,1.0,2,71.0,Quarterly,Debit Card,0,0,84164.49
C100325,37.0,Male,Bengaluru,51,2045.8,107411.59,15.0,3,59.0,Annual,Debit Card,1,0,115559.16
C100326,52.0,Male,Mumbai,59,2241.38,124126.99,19.0,3,100.0,Monthly,UPI,1,0,152502.37
C100327,65.0,Male,Bengaluru,64,3154.18,224307.94,30.0,1,100.0,Annual,UPI,1,0,225868.16
C100328,42.0,Male,Mumbai,13,1536.13,20594.56,17.0,1,91.0,Quarterly,UPI,0,0,60279.62
C100329,52.0,Female,Delhi,26,1729.57,49476.95,19.0,4,63.0,Annual,Debit Card,0,0,63988.58
C100330,42.0,Female,Other,70,2295.53,174657.22,11.0,1,54.0,Monthly,UPI,0,0,160288.54
C100331,46.0,Female,Pune,3,1225.76,3849.92,29.0,3,100.0,Monthly,Credit Card,0,0,48007.27
C100332,35.0,Female,Chennai,12,1389.52,17062.93,27.0,1,74.0,Quarterly,Credit Card,0,0,64070.62
C100333,63.0,Male,Pune,41,1816.68,81894.0,20.0,0,70.0,Monthly,Debit Card,1,0,108335.8
C100334,35.0,Female,Other,65,2084.05,135999.14,1.0,2,73.0,Monthly,Debit Card,0,0,143022.64
C100335,19.0,Male,Mumbai,63,2712.21,183482.06,16.0,1,65.0,Annual,Bank Transfer,1,0,182423.37
C100336,52.0,Male,Chennai,50,1906.73,87177.69,10.0,1,90.0,Monthly,Debit Card,0,0,111030.67
C100337,33.0,Female,Hyderabad,47,1856.88,87470.72,15.0,1,75.0,Monthly,Debit Card,1,0,111524.14
C100338,58.0,Male,Kolkata,8,2172.24,17216.57,11.0,2,59.0,Monthly,UPI,0,0,45974.12
C100339,53.0,Female,Bengaluru,31,1053.71,31849.63,17.0,0,77.0,Annual,Credit Card,1,0,67642.95
C100340,50.0,Male,Hyderabad,11,1851.56,18946.2,10.0,3,52.0,Quarterly,Bank Transfer,0,0,49078.69
C100341,21.0,Female,Mumbai,17,2848.56,44478.23,14.0,2,60.0,Monthly,Debit Card,1,0,85469.92
C100342,50.0,Female,Pune,27,2308.67,68133.41,12.0,2,61.0,Monthly,Wallet,1,0,83825.7
C100343,31.0,Male,Chennai,27,2033.47,55316.59,18.0,1,98.0,Annual,Credit Card,0,0,110650.84
C100344,38.0,Female,Pune,56,2278.15,142395.06,5.0,4,80.0,Monthly,Debit Card,0,0,140332.32
C100345,65.0,Male,Pune,69,998.11,61903.28,2.0,1,36.0,Monthly,UPI,1,0,63449.37
C100346,37.0,Female,Chennai,47,2081.73,104893.53,21.0,5,72.0,Monthly,UPI,1,0,123734.44
C100347,25.0,Male,Mumbai,19,1777.73,30449.37,13.0,2,49.0,Monthly,UPI,0,0,66030.63
C100348,24.0,Female,Mumbai,57,1867.13,95293.16,21.0,4,62.0,Quarterly,Debit Card,1,0,122254.67
C100349,20.0,Female,Other,31,1560.07,46150.71,21.0,1,68.0,Quarterly,Debit Card,0,0,85920.65
C100350,34.0,Male,Delhi,16,2712.43,47725.38,11.0,3,79.0,Quarterly,UPI,0,0,79764.55
C100351,50.0,Female,Kolkata,45,1478.71,73616.31,11.0,3,78.0,Monthly,Credit Card,0,0,85614.39
C100352,65.0,Female,Bengaluru,27,1107.93,28158.14,10.0,0,41.0,Monthly,Credit Card,0,0,43438.71
C100353,44.0,Female,Bengaluru,61,837.66,51807.32,6.0,1,39.0,Monthly,Bank Transfer,0,0,64388.02
C100354,68.0,Female,Hyderabad,26,399.96,9406.66,3.0,4,55.0,Monthly,UPI,1,0,29949.45
C100355,39.0,Male,Mumbai,29,1942.05,61667.72,14.0,4,80.0,Monthly,Wallet,1,0,82830.49
C100356,39.0,Female,Kolkata,44,1290.57,51260.51,6.0,2,67.0,Quarterly,UPI,0,0,79455.11
C100357,63.0,Male,Bengaluru,29,953.36,25383.33,13.0,4,30.0,Monthly,Debit Card,0,0,41623.85
C100358,47.0,Male,Hyderabad,2,1878.68,3555.87,8.0,3,81.0,Annual,Credit Card,1,0,37937.88
C100359,55.0,Other,Hyderabad,6,2244.23,12652.03,8.0,2,33.0,Monthly,Bank Transfer,1,0,44842.13
C100360,55.0,Female,Chennai,9,1735.72,15347.92,12.0,1,83.0,Monthly,Debit Card,1,0,51725.85
C100361,62.0,Male,Hyderabad,15,1887.05,25698.1,26.0,3,98.0,Monthly,UPI,0,0,68894.27
C100362,68.0,Male,Bengaluru,58,2561.58,141936.78,25.0,3,100.0,Quarterly,Debit Card,0,0,175354.54
C100363,25.0,Female,Pune,2,2585.31,5500.35,23.0,1,91.0,Annual,UPI,0,0,64893.53
C100364,44.0,Male,Chennai,3,2122.46,6210.99,15.0,1,100.0,Annual,Bank Transfer,1,0,51094.35
C100365,44.0,Male,Mumbai,52,1159.83,65380.43,2.0,1,100.0,Monthly,UPI,0,0,89843.54
C100366,51.0,Male,Mumbai,55,1444.45,75421.78,23.0,7,77.0,Quarterly,Wallet,1,0,96516.4
C100367,38.0,Female,Delhi,53,1818.62,95239.34,10.0,1,66.0,Monthly,UPI,0,0,102262.79
C100368,47.0,Female,Hyderabad,72,2266.45,158995.17,26.0,5,100.0,Quarterly,UPI,0,0,172857.37
C100369,50.0,Male,Kolkata,40,2271.58,91883.38,9.0,2,97.0,Annual,Credit Card,0,0,114595.9
C100370,45.0,Female,Delhi,39,1398.14,60764.99,24.0,4,100.0,Quarterly,Debit Card,0,0,82988.08
C100371,64.0,Male,Bengaluru,43,2060.61,80270.61,20.0,2,78.0,Monthly,Bank Transfer,1,0,127810.29
C100372,50.0,Female,Hyderabad,13,2908.75,42307.51,1.0,4,41.0,Quarterly,Debit Card,0,0,54627.06
C100373,22.0,Other,Hyderabad,37,2239.73,77092.68,22.0,2,69.0,Annual,UPI,1,0,117517.42
C100374,65.0,Female,Pune,55,2200.56,111608.71,15.0,1,74.0,Monthly,Wallet,1,0,147022.53
C100375,36.0,Female,Mumbai,32,1574.79,52773.15,6.0,0,56.0,Monthly,Credit Card,0,0,56586.52
C100376,21.0,Female,Chennai,14,1675.29,25070.04,13.0,2,36.0,Monthly,Debit Card,0,0,52100.17
C100377,52.0,Male,Bengaluru,65,703.19,44699.13,31.0,2,83.0,Monthly,Debit Card,1,0,85977.23
C100378,66.0,Female,Pune,27,1888.88,53926.23,1.0,4,72.0,Monthly,Credit Card,1,0,68988.84
C100379,34.0,Female,Kolkata,24,399.0,9406.28,16.0,3,42.0,Monthly,Credit Card,1,0,24185.63
C100380,61.0,Male,Mumbai,22,810.13,18762.64,10.0,3,80.0,Monthly,Debit Card,0,0,27006.55
C100381,45.0,Male,Mumbai,45,2018.31,97588.43,19.0,3,68.0,Monthly,UPI,0,0,98249.07
C100382,47.0,Female,Pune,8,1157.33,9679.82,22.0,2,88.0,Quarterly,UPI,0,0,49067.61
C100383,46.0,Female,Pune,67,512.16,33202.19,17.0,3,100.0,Monthly,Bank Transfer,0,0,53367.82
C100384,63.0,Male,Chennai,64,1858.615,120344.75,21.0,2,51.0,Annual,Credit Card,1,0,144097.85
C100385,70.0,Male,Hyderabad,47,798.77,36630.57,7.0,2,27.0,Monthly,Credit Card,0,0,48059.09
C100386,23.0,Female,Pune,21,2483.45,49762.05,15.0,3,80.0,Quarterly,Credit Card,0,0,92835.88
C100387,52.0,Female,Hyderabad,32,2107.61,72623.92,27.0,3,74.0,Monthly,UPI,0,0,99012.26
C100388,58.0,Female,Hyderabad,45,2987.9,145311.91,10.0,4,81.0,Monthly,Bank Transfer,0,0,155580.87
C100389,54.0,Female,Pune,44,2054.29,86242.68,8.0,1,53.0,Monthly,Wallet,0,0,103002.23
C100390,41.0,Female,Mumbai,41,3026.28,124095.56,11.0,4,87.0,Quarterly,Credit Card,0,0,161613.04
C100391,46.0,Female,Kolkata,52,1421.77,71459.38,19.0,1,58.0,Annual,Credit Card,0,0,101909.04
C100392,66.0,Female,Mumbai,11,1656.8,20277.37,14.0,2,70.0,Annual,Debit Card,1,0,52047.45
C100393,63.0,Female,Kolkata,18,1990.1,36725.38,19.0,0,86.0,Monthly,Debit Card,0,0,61792.87
C100394,70.0,Female,Bengaluru,11,1718.29,20558.89,9.0,1,67.0,Monthly,Bank Transfer,0,0,58443.86
C100395,48.0,Male,Delhi,27,1894.38,51624.75,4.0,3,88.0,Quarterly,UPI,0,0,81267.06
C100396,52.0,Male,Bengaluru,43,1780.68,71645.88,10.0,1,97.0,Monthly,Bank Transfer,1,0,100009.12
C100397,50.0,Female,Hyderabad,65,1665.42,103872.16,5.0,3,82.0,Monthly,Bank Transfer,0,0,117231.58
C100398,69.0,Male,Bengaluru,54,1190.67,64964.27,15.0,3,88.0,Monthly,Debit Card,1,0,82310.86
C100399,38.0,Male,Delhi,29,1323.41,37795.9,14.0,0,73.0,Monthly,Credit Card,0,0,65767.91
C100400,49.0,Female,Hyderabad,21,1219.18,27524.01,15.0,3,48.0,Monthly,Credit Card,0,0,43264.53
C100401,40.0,Female,Mumbai,29,1161.9,30341.74,17.0,2,100.0,Monthly,UPI,0,0,77265.49
C100402,50.0,Male,Hyderabad,9,2092.61,17669.18,11.0,4,22.0,Annual,UPI,1,0,36670.63
C100403,20.0,Male,Hyderabad,61,1334.06,90071.4,20.0,6,25.0,Monthly,Credit Card,0,0,96380.26
C100404,35.0,Male,Mumbai,62,1709.02,109663.05,16.0,2,74.0,Annual,Credit Card,0,0,126582.08
C100405,42.0,Female,Other,71,2710.15,206246.98,11.0,1,57.0,Monthly,Credit Card,1,0,197926.05
C100406,59.0,Male,Bengaluru,5,2110.89,11806.55,17.0,2,75.0,Monthly,Credit Card,0,0,53757.63
C100407,48.0,Male,Mumbai,15,2325.98,36804.92,18.0,3,58.0,Quarterly,Bank Transfer,0,0,68941.38
C100408,20.0,Male,Other,57,2779.25,140114.66,31.0,0,96.0,Annual,UPI,1,0,198036.59
C100409,57.0,Female,Delhi,5,2868.29,13561.49,19.0,3,65.0,Quarterly,UPI,0,0,58280.42
C100410,63.0,Male,Delhi,20,1792.19,37523.8,22.0,1,73.0,Quarterly,Credit Card,0,0,61843.27
C100411,41.0,Male,Hyderabad,4,2227.98,9693.73,12.0,6,62.0,Annual,Bank Transfer,1,0,55882.85
C100412,67.0,Female,Mumbai,56,1464.59,90735.34,8.0,1,100.0,Quarterly,UPI,0,0,102911.55
C100413,49.0,Female,Bengaluru,34,1504.69,45724.65,19.0,2,42.0,Annual,UPI,0,0,64962.54
C100414,64.0,Female,Chennai,40,1081.14,38592.85,9.0,2,100.0,Annual,Credit Card,0,0,69298.33
C100415,39.0,Other,Pune,69,1141.41,81337.41,12.0,1,48.0,Monthly,Bank Transfer,0,0,89254.56
C100416,40.0,Female,Chennai,68,1709.11,120843.21,5.0,4,36.0,Annual,Bank Transfer,0,0,113712.95
C100417,19.0,Male,Hyderabad,22,1929.85,41886.59,16.0,2,59.0,Monthly,Bank Transfer,1,0,76751.58
C100418,44.0,Female,Kolkata,14,1308.06,20287.45,13.0,3,60.0,Annual,UPI,0,0,50827.64
C100419,59.0,Male,Mumbai,68,1168.06,86793.44,12.0,1,81.0,Monthly,Debit Card,1,0,92797.12
C100420,19.0,Female,Kolkata,8,439.95,3446.7,21.0,2,51.0,Monthly,Credit Card,0,0,29689.08
C100421,43.0,Male,Mumbai,67,1603.44,108924.1,11.0,3,53.0,Annual,Credit Card,0,0,114933.26
C100422,34.0,Male,Hyderabad,46,1840.58,91168.25,16.0,3,100.0,Monthly,Credit Card,0,0,111960.82
C100423,57.0,Female,Mumbai,29,1833.99,54533.09,11.0,0,67.0,Quarterly,Credit Card,1,0,79214.86
C100424,50.0,Male,Mumbai,12,1590.55,17692.24,5.0,5,42.0,Monthly,Credit Card,1,0,41442.34
C100425,26.0,Female,Hyderabad,52,1637.55,80757.44,17.0,2,100.0,Monthly,Bank Transfer,1,0,115589.68
C100426,60.0,Male,Chennai,58,2053.57,112038.54,18.0,3,62.0,Annual,UPI,1,0,135212.14
C100427,65.0,Male,Chennai,2,2609.44,5140.1,20.0,2,50.0,Monthly,UPI,1,0,46792.89
C100428,56.0,Female,Delhi,1,1816.64,1909.79,18.0,0,43.0,Annual,Credit Card,0,0,38674.51
C100429,46.0,Female,Bengaluru,55,1708.64,93296.5,12.0,2,72.0,Monthly,Credit Card,1,0,107206.37
C100430,59.0,Female,Mumbai,34,1207.84,45499.6,27.0,2,100.0,Annual,Debit Card,0,0,75545.34
C100431,43.0,Male,Bengaluru,64,2355.79,165154.15,15.0,3,44.0,Annual,Bank Transfer,0,1,150963.12
C100432,52.0,Female,Chennai,68,1758.85,124701.59,15.0,0,65.0,Quarterly,Debit Card,0,0,139535.41
C100433,67.0,Female,Hyderabad,12,1705.35,18230.76,6.0,4,100.0,Annual,Credit Card,0,0,47553.73
C100434,42.0,Female,Hyderabad,50,1033.71,49369.35,10.0,2,64.0,Monthly,Credit Card,1,0,71620.75
C100435,41.0,Male,Bengaluru,21,2276.51,51518.72,23.0,3,88.0,Annual,UPI,0,0,91592.02
C100436,30.0,Female,Bengaluru,10,1090.83,10044.64,19.0,1,73.0,Quarterly,Debit Card,1,0,52300.48
C100437,24.0,Female,Chennai,70,2145.23,164250.72,8.0,2,95.0,Monthly,Credit Card,1,1,146733.13
C100438,53.0,Female,Other,14,2964.49,43065.95,6.0,1,83.0,Monthly,UPI,0,0,89007.23
C100439,62.0,Female,Mumbai,40,2548.69,106222.82,18.0,2,86.0,Quarterly,UPI,1,0,131233.67
C100440,37.0,Female,Mumbai,30,1819.64,49947.68,11.0,2,52.0,Quarterly,Credit Card,1,0,78704.25
C100441,18.0,Male,Other,14,2205.74,31785.56,27.0,2,100.0,Monthly,UPI,1,0,89698.64
C100442,25.0,Male,Kolkata,52,1348.24,76030.9,35.0,1,58.0,Monthly,Credit Card,1,0,102913.09
C100443,63.0,Female,Kolkata,17,946.02,15861.9,16.0,6,81.0,Monthly,Wallet,0,0,43040.12
C100444,33.0,Male,Hyderabad,62,1886.34,103974.41,20.0,1,82.0,Monthly,UPI,0,0,132775.64
C100445,31.0,Male,Delhi,22,1409.75,31121.86,20.0,4,78.0,Monthly,UPI,0,0,61924.95
C100446,29.0,Male,Pune,53,908.25,51019.67,12.0,1,99.0,Monthly,Credit Card,0,0,66121.06
C100447,68.0,Male,Pune,32,688.37,21779.37,9.0,2,51.0,Monthly,UPI,0,0,31343.74
C100448,40.0,Female,Mumbai,55,1855.03,98525.25,2.0,3,69.0,Annual,Bank Transfer,0,0,105256.78
C100449,32.0,Female,Hyderabad,22,2445.53,57854.84,21.0,1,64.0,Quarterly,UPI,0,0,89007.83
C100450,45.0,Female,Other,38,1698.09,60384.86,13.0,3,84.0,Monthly,UPI,1,0,88010.61
C100451,51.0,Male,Chennai,50,1667.44,74484.74,8.0,3,61.0,Monthly,Debit Card,0,0,95646.58
C100452,19.0,Female,Chennai,66,1765.73,128751.28,12.0,4,59.0,Quarterly,Debit Card,1,0,119851.91
C100453,49.0,Female,Chennai,45,1428.95,64499.89,12.0,2,57.0,Annual,UPI,0,0,90809.65
C100454,40.0,Female,Chennai,8,1514.08,11275.41,7.0,4,21.0,Quarterly,Credit Card,0,0,26318.64
C100455,39.0,Female,Bengaluru,65,2614.72,188822.21,8.0,4,65.0,Quarterly,Credit Card,0,0,176365.5
C100456,68.0,Male,Bengaluru,40,2792.84,123946.64,15.0,3,50.0,Monthly,Debit Card,0,0,138431.91
C100457,42.0,Female,Other,5,2478.49,13352.72,9.0,4,27.0,Monthly,Credit Card,0,0,36031.32
C100458,39.0,Female,Bengaluru,45,2300.57,106885.53,9.0,2,72.0,Quarterly,UPI,0,0,119574.37
C100459,39.0,Female,Mumbai,46,2805.95,134443.85,11.0,2,39.0,Monthly,UPI,1,0,136588.16
C100460,66.0,Female,Pune,36,1092.65,41848.84,1.0,1,100.0,Monthly,UPI,1,0,63203.78
C100461,69.0,Male,Mumbai,17,3570.03,53597.31,3.0,1,42.0,Monthly,UPI,0,0,97806.98
C100462,59.0,Female,Bengaluru,41,463.16,18652.48,7.0,0,88.0,Monthly,UPI,0,0,35413.51
C100463,23.0,Female,Mumbai,30,1588.79,46710.23,27.0,2,100.0,Quarterly,UPI,0,0,76740.32
C100464,32.0,Male,Hyderabad,52,399.0,20884.35,22.0,1,90.0,Monthly,Credit Card,0,0,48940.87
C100465,60.0,Male,Hyderabad,20,2289.0,43576.55,15.0,4,44.0,Monthly,Bank Transfer,1,1,65954.23
C100466,54.0,Male,Delhi,36,1041.37,34792.94,21.0,3,100.0,Quarterly,UPI,0,0,67818.81
C100467,50.0,Male,Kolkata,66,1361.1,80786.42,21.0,1,97.0,Annual,UPI,0,0,123952.76
C100468,25.0,Male,Delhi,45,2691.45,112248.97,5.0,1,83.0,Quarterly,Debit Card,0,0,143618.29
C100469,70.0,Male,Hyderabad,4,1891.35,7908.24,4.0,1,47.0,Annual,Credit Card,0,0,41396.55
C100470,61.0,Female,Chennai,50,2214.79,110565.44,10.0,0,62.0,Monthly,Bank Transfer,0,0,112400.63
C100471,61.0,Male,Hyderabad,55,1497.02,90838.76,13.0,1,39.0,Monthly,Wallet,1,0,88213.82
C100472,22.0,Male,Mumbai,59,1182.67,64880.24,4.0,1,36.0,Monthly,Bank Transfer,1,0,70637.98
C100473,56.0,Female,Hyderabad,42,2380.65,97853.09,18.0,5,100.0,Monthly,Bank Transfer,1,0,127585.51
C100474,21.0,Female,Kolkata,2,1911.37,3614.96,17.0,3,90.0,Monthly,Credit Card,1,0,48916.28
C100475,23.0,Female,Hyderabad,46,1938.92,80658.87,23.0,2,64.0,Monthly,Credit Card,0,0,116443.33
C100476,62.0,Male,Hyderabad,2,1412.97,2528.4,9.0,2,66.0,Quarterly,Bank Transfer,1,0,35050.63
C100477,49.0,Female,Chennai,50,1943.66,102704.91,8.0,4,98.0,Annual,Credit Card,1,0,116072.29
C100478,69.0,Male,Hyderabad,1,1661.58,1854.63,29.0,5,100.0,Annual,Credit Card,0,0,45035.75
C100479,47.0,Female,Delhi,13,2293.76,29749.93,10.0,4,47.0,Monthly,Bank Transfer,1,0,57236.4
C100480,64.0,Male,Kolkata,70,1820.45,112537.23,9.0,1,53.0,Quarterly,UPI,0,0,135488.67
C100481,52.0,Female,Hyderabad,22,2204.74,52923.89,10.0,5,71.0,Monthly,Debit Card,0,0,77185.53
C100482,57.0,Male,Chennai,17,1843.37,28536.46,20.0,2,95.0,Annual,UPI,0,0,68014.47
C100483,69.0,Female,Other,59,2964.48,159483.98,20.0,3,52.0,Monthly,Bank Transfer,1,0,179022.82
C100484,33.0,Female,Delhi,70,1757.5,110507.55,13.0,2,43.0,Monthly,UPI,1,0,115888.46
C100485,30.0,Male,Other,3,2030.53,5461.34,23.0,1,65.0,Quarterly,UPI,1,0,51791.9
C100486,67.0,Male,Hyderabad,70,2177.74,160493.54,31.0,1,49.0,Quarterly,Wallet,0,0,159194.89
C100487,59.0,Female,Bengaluru,49,1506.74,68985.2,10.0,3,72.0,Annual,UPI,0,0,99133.61
C100488,47.0,Female,Hyderabad,50,1574.89,74781.23,2.0,2,28.0,Monthly,Credit Card,0,0,96021.37
C100489,36.0,Female,Bengaluru,35,2169.23,74823.43,14.0,2,100.0,Quarterly,Debit Card,0,0,116875.57
C100490,34.0,Male,Delhi,23,800.47,17461.74,17.0,2,48.0,Monthly,Credit Card,0,0,40549.38
C100491,36.0,Male,Hyderabad,72,2079.21,141251.79,18.0,1,42.0,Monthly,Credit Card,0,0,143484.13
C100492,45.0,Female,Mumbai,7,1136.94,7492.76,9.0,2,95.0,Annual,Credit Card,0,0,47607.53
C100493,43.0,Female,Bengaluru,50,1080.91,54714.52,13.0,3,77.0,Annual,Debit Card,0,0,83028.76
C100494,54.0,Female,Pune,10,1084.77,10441.3,18.0,1,58.0,Quarterly,UPI,1,0,31987.58
C100495,43.0,Female,Hyderabad,55,2104.34,121508.44,8.0,0,75.0,Monthly,Credit Card,0,0,130448.16
C100496,70.0,Female,Bengaluru,19,3521.8,65138.15,18.0,3,100.0,Monthly,Debit Card,0,0,126113.81
C100497,40.0,Female,Mumbai,23,973.17,21727.23,6.0,0,74.0,Monthly,Credit Card,1,0,50043.57
C100498,26.0,Male,Hyderabad,64,1843.67,128840.92,20.0,2,98.0,Monthly,Debit Card,0,0,141587.74
C100499,29.0,Male,Chennai,33,2440.52,77274.51,13.0,2,39.0,Quarterly,Credit Card,0,0,107466.4
C100500,70.0,Female,Chennai,66,2133.29,152560.65,28.0,2,91.0,Monthly,Debit Card,1,0,152696.43
C100501,18.0,Male,Pune,9,1358.5,13096.37,13.0,3,65.0,Quarterly,UPI,0,0,46997.9
C100502,18.0,Male,Delhi,29,2246.56,68464.89,22.0,2,83.0,Quarterly,Credit Card,0,0,107989.7
C100503,64.0,Male,Delhi,18,1465.62,25165.02,14.0,2,68.0,Quarterly,UPI,1,1,57683.99
C100504,51.0,Male,Other,71,1709.86,122137.8,22.0,0,49.0,Monthly,UPI,0,0,133363.33
C100505,49.0,Female,Other,29,1221.7,31614.78,24.0,0,84.0,Monthly,Credit Card,1,0,72349.5
C100506,65.0,Female,Delhi,61,2502.53,135707.41,15.0,4,93.0,Monthly,Credit Card,1,0,161721.13
C100507,42.0,Male,Mumbai,5,1991.47,9124.08,15.0,2,61.0,Monthly,Debit Card,1,0,55505.6
C100508,57.0,Male,Mumbai,69,1860.41,127972.55,22.0,2,100.0,Annual,Bank Transfer,0,0,154414.48
C100509,62.0,Female,Chennai,56,2264.22,136702.06,20.0,3,72.0,Annual,Wallet,0,0,148675.88
C100510,70.0,Male,Other,52,2109.45,113401.06,2.0,0,96.0,Annual,Credit Card,1,0,122231.57
C100511,18.0,Female,Delhi,15,2000.44,29486.99,23.0,1,78.0,Quarterly,Credit Card,0,0,71203.38
C100512,33.0,Female,Bengaluru,20,2302.06,45490.94,28.0,1,94.0,Quarterly,Credit Card,1,0,98157.53
C100513,56.0,Male,Hyderabad,16,2004.92,35859.92,23.0,2,71.0,Monthly,Debit Card,0,0,67927.88
C100514,22.0,Female,Hyderabad,25,1267.15,30828.61,13.0,1,75.0,Monthly,UPI,1,0,56466.72
C100515,39.0,Female,Hyderabad,57,670.56,36586.62,4.0,0,63.0,Monthly,Wallet,0,0,55323.57
C100516,46.0,Male,Bengaluru,21,2544.2,52058.01,8.0,2,42.0,Annual,Bank Transfer,0,0,81531.09
C100517,20.0,Female,Chennai,5,1435.01,7945.64,21.0,2,72.0,Monthly,UPI,0,0,54255.06
C100518,29.0,Male,Hyderabad,9,2526.1,20359.07,2.0,3,68.0,Monthly,Debit Card,1,0,61158.63
C100519,43.0,Male,Delhi,11,1094.32,12417.67,24.0,1,100.0,Annual,Debit Card,0,0,49712.03
C100520,33.0,Female,Hyderabad,65,1198.79,84932.63,28.0,3,65.0,Monthly,UPI,0,0,103338.58
C100521,68.0,Female,Hyderabad,63,1719.89,108878.45,17.0,4,20.0,Quarterly,UPI,0,0,99049.25
C100522,54.0,Female,Chennai,26,2120.65,53355.7,22.0,0,100.0,Annual,UPI,1,0,102033.38
C100523,39.0,Male,Kolkata,19,2417.12,44261.08,13.0,1,54.0,Monthly,Debit Card,1,0,71534.16
C100524,46.0,Male,Chennai,16,2480.46,35558.61,14.0,1,74.0,Quarterly,UPI,0,0,82012.11
C100525,31.0,Female,Chennai,56,1767.39,99835.75,14.0,6,34.0,Monthly,UPI,0,0,98359.47
C100526,45.0,Male,Mumbai,68,2289.65,167677.95,12.0,2,57.0,Quarterly,Debit Card,1,0,155293.25
C100527,22.0,Female,Bengaluru,30,602.86,19179.66,20.0,5,85.0,Monthly,UPI,0,0,37305.4
C100528,64.0,Female,Bengaluru,7,1584.34,10702.82,23.0,4,57.0,Monthly,Debit Card,1,0,49586.66
C100529,66.0,Female,Hyderabad,12,2324.7,30454.17,9.0,2,53.0,Quarterly,UPI,1,0,54013.96
C100530,47.0,Female,Mumbai,24,1846.34,40582.39,14.0,6,30.0,Monthly,Wallet,1,0,52457.65
C100531,63.0,Male,Delhi,22,2996.54,71216.49,16.0,7,100.0,Annual,UPI,0,0,112627.41
C100532,69.0,Male,Delhi,47,1190.45,60940.3,12.0,1,46.0,Monthly,Debit Card,0,0,65386.85
C100533,22.0,Male,Bengaluru,30,2630.37,84524.83,15.0,5,42.0,Annual,UPI,1,0,103111.06
C100534,29.0,Female,Pune,60,1483.25,98511.48,9.0,4,14.0,Monthly,Debit Card,1,0,82818.83
C100535,33.0,Female,Bengaluru,39,2371.49,102152.39,15.0,0,52.0,Annual,Credit Card,1,0,127126.48
C100536,43.0,Female,Hyderabad,20,1236.38,21865.0,16.0,1,96.0,Monthly,Debit Card,0,0,61253.84
C100537,43.0,Female,Bengaluru,26,1894.08,49404.92,13.0,3,95.0,Monthly,Bank Transfer,0,0,81779.02
C100538,65.0,Female,Mumbai,49,2618.54,117294.51,18.0,2,66.0,Annual,Debit Card,1,0,133100.38
C100539,38.0,Male,Hyderabad,69,2554.48,194719.09,14.0,3,41.0,Annual,UPI,0,0,176892.3
C100540,56.0,Male,Delhi,42,2128.54,89456.62,8.0,6,59.0,Annual,Credit Card,1,0,99318.76
C100541,53.0,Male,Kolkata,6,2333.2,13976.44,22.0,1,71.0,Monthly,Debit Card,1,0,69435.96
C100542,50.0,Female,Bengaluru,53,2218.31,121442.39,20.0,3,89.0,Quarterly,Bank Transfer,1,0,142097.18
C100543,47.0,Male,Chennai,34,1605.17,50265.79,18.0,2,77.0,Monthly,Debit Card,1,0,81286.92
C100544,54.0,Female,Bengaluru,69,1922.54,136131.32,27.0,5,100.0,Quarterly,Credit Card,0,0,150133.69
C100545,40.0,Female,Bengaluru,10,2373.72,23004.95,2.0,3,40.0,Monthly,Credit Card,0,1,54101.11
C100546,27.0,Female,Hyderabad,28,3010.67,85143.91,12.0,4,42.0,Monthly,Credit Card,0,0,108009.37
C100547,22.0,Female,Other,3,2409.51,7943.82,6.0,1,62.0,Annual,UPI,0,0,52197.88
C100548,53.0,Male,Chennai,48,1301.32,69718.76,28.0,1,79.0,Annual,UPI,1,0,94601.64
C100549,51.0,Male,Pune,66,2311.31,139216.02,24.0,3,97.0,Annual,UPI,0,0,174205.84
C100550,69.0,Female,Hyderabad,35,2998.97,103102.72,16.0,3,73.0,Quarterly,UPI,1,0,115668.43
C100551,48.0,Male,Pune,52,1378.51,66496.87,16.0,3,68.0,Quarterly,UPI,1,0,80484.89
C100552,27.0,Male,Kolkata,62,949.04,62511.16,7.0,4,96.0,Monthly,Credit Card,1,0,66886.19
C100553,36.0,Female,Delhi,52,2129.36,102103.84,16.0,1,39.0,Quarterly,Bank Transfer,1,0,120538.25
C100554,49.0,Male,Kolkata,47,1839.28,82514.52,6.0,2,100.0,Quarterly,UPI,0,0,115401.73
C100555,18.0,Female,Hyderabad,54,1856.67,102937.48,28.0,1,88.0,Monthly,Credit Card,0,0,139156.34
C100556,22.0,Female,Chennai,28,1920.53,51807.88,20.0,4,34.0,Annual,Credit Card,0,0,84689.06
C100557,62.0,Male,Delhi,23,1691.68,38452.58,24.0,3,73.0,Annual,UPI,1,0,64529.88
C100558,21.0,Female,Mumbai,35,1588.07,49683.18,8.0,6,17.0,Annual,Credit Card,0,0,67042.67
C100559,33.0,Male,Kolkata,32,1989.05,63179.27,17.0,1,56.0,Monthly,Bank Transfer,0,0,91121.11
C100560,41.0,Female,Hyderabad,2,2265.34,4542.22,7.0,0,53.0,Quarterly,UPI,0,0,41201.27
C100561,33.0,Male,Hyderabad,16,1819.71,31219.36,10.0,2,100.0,Annual,Wallet,0,0,72651.35
C100562,19.0,Female,Bengaluru,16,2651.93,41511.96,26.0,1,77.0,Monthly,UPI,0,1,91553.65
C100563,66.0,Male,Kolkata,51,2077.62,100229.9,13.0,6,69.0,Annual,Bank Transfer,0,0,107513.9
C100564,45.0,Male,Other,67,2548.52,188878.9,12.0,3,45.0,Annual,Debit Card,0,0,167759.8
C100565,49.0,Male,Mumbai,54,1523.54,79927.27,18.0,2,100.0,Quarterly,Credit Card,0,0,99264.24
C100566,44.0,Male,Mumbai,20,2146.73,38991.68,28.0,2,91.0,Annual,UPI,0,0,93456.28
C100567,37.0,Male,Mumbai,33,2028.93,72115.22,19.0,3,56.0,Monthly,Debit Card,0,0,92752.8
C100568,41.0,Female,Mumbai,8,1731.82,12596.18,21.0,3,59.0,Monthly,Wallet,1,0,55076.17
C100569,29.0,Female,Hyderabad,24,1043.38,24915.75,14.0,3,46.0,Monthly,Credit Card,0,0,44498.98
C100570,67.0,Male,Delhi,53,2626.49,151612.75,13.0,3,73.0,Quarterly,UPI,0,0,155674.99
C100571,52.0,Male,Chennai,64,1711.16,117259.87,1.0,2,45.0,Monthly,Bank Transfer,1,0,104850.67
C100572,50.0,Female,Mumbai,58,492.56,29815.09,4.0,2,53.0,Quarterly,Debit Card,0,0,42977.39
C100573,50.0,Female,Hyderabad,37,1492.33,55961.2,28.0,0,100.0,Monthly,Wallet,1,0,92824.71
C100574,68.0,Male,Pune,12,3084.95,39946.95,18.0,4,55.0,Annual,Credit Card,1,0,86931.49
C100575,60.0,Female,Pune,4,2583.53,9222.15,19.0,0,76.0,Monthly,UPI,0,0,65233.95
C100576,54.0,Male,Mumbai,31,1978.95,68312.84,12.0,3,57.0,Quarterly,UPI,0,0,92071.45
C100577,29.0,Female,Pune,38,2350.66,78751.0,16.0,3,73.0,Quarterly,Credit Card,0,0,124398.91
C100578,20.0,Male,Mumbai,37,2969.49,110373.88,20.0,5,73.0,Annual,Credit Card,1,0,126640.55
C100579,18.0,Male,Mumbai,14,1874.11,24474.43,25.0,2,71.0,Monthly,Credit Card,0,0,78913.47
C100580,50.0,Female,Chennai,24,2739.55,71839.71,23.0,2,100.0,Annual,Debit Card,0,0,113853.07
C100581,57.0,Male,Pune,10,1283.48,14098.29,14.0,1,94.0,Monthly,Credit Card,1,0,46764.87
C100582,27.0,Female,Chennai,38,1107.35,39605.78,21.0,4,39.0,Monthly,Credit Card,1,0,58724.67
C100583,60.0,Male,Delhi,43,1811.23,86348.13,15.0,4,15.0,Quarterly,Debit Card,1,1,80475.24
C100584,61.0,Female,Delhi,37,2280.84,88524.4,18.0,1,100.0,Quarterly,Credit Card,0,0,115059.7
C100585,46.0,Female,Delhi,42,2618.94,120552.87,23.0,2,75.0,Monthly,Wallet,1,0,140327.77
C100586,30.0,Male,Pune,32,1736.16,57702.26,21.0,1,77.0,Quarterly,UPI,0,0,73878.88
C100587,29.0,Female,Mumbai,14,1262.87,19739.57,12.0,3,100.0,Monthly,Credit Card,1,0,48069.38
C100588,48.0,Female,Pune,4,3204.92,12159.77,19.0,2,55.0,Monthly,UPI,0,0,77596.85
C100589,63.0,Female,Mumbai,24,1676.4,36361.25,28.0,5,83.0,Monthly,Bank Transfer,1,0,72310.46
C100590,19.0,Female,Other,10,1397.08,14698.1,5.0,3,66.0,Annual,Credit Card,0,0,43921.92
C100591,68.0,Female,Pune,16,2426.57,39370.81,14.0,6,96.0,Annual,Bank Transfer,1,0,83681.68
C100592,67.0,Male,Hyderabad,39,3993.53,167922.54,7.0,0,68.0,Monthly,UPI,0,0,187246.33
C100593,52.0,Male,Pune,18,1860.63,33397.58,16.0,0,66.0,Monthly,Bank Transfer,1,0,64951.17
C100594,40.0,Female,Mumbai,25,1850.36,50876.63,20.0,1,62.0,Monthly,UPI,0,0,86834.09
C100595,34.0,Female,Other,7,2541.18,17811.77,11.0,2,79.0,Annual,UPI,0,0,67206.71
C100596,43.0,Male,Delhi,56,2409.14,145934.36,8.0,6,58.0,Monthly,Credit Card,1,0,143432.4
C100597,25.0,Female,Hyderabad,47,1037.39,52483.61,26.0,5,42.0,Monthly,Debit Card,1,0,62498.86
C100598,46.0,Female,Chennai,3,2768.8,7916.88,18.0,0,77.0,Monthly,UPI,1,0,66446.91
C100599,43.0,Male,Mumbai,1,1722.49,1768.72,22.0,4,19.0,Quarterly,Credit Card,1,0,27212.63
C100600,27.0,Male,Pune,33,1843.28,58157.93,22.0,4,100.0,Monthly,Debit Card,0,0,99580.41
C100601,43.0,Female,Delhi,71,1065.04,76697.22,9.0,1,45.0,Monthly,Debit Card,0,0,77410.74
C100602,51.0,Male,Bengaluru,59,1588.92,98033.46,22.0,4,87.0,Quarterly,Credit Card,0,0,110242.41
C100603,68.0,Female,Delhi,72,2726.03,209484.8,10.0,2,87.0,Monthly,Credit Card,0,0,203929.76
C100604,58.0,Female,Mumbai,32,2795.29,92485.14,10.0,4,87.0,Annual,Credit Card,1,0,120290.59
C100605,24.0,Male,Hyderabad,17,2098.28,39647.61,23.0,3,100.0,Monthly,UPI,1,0,81288.85
C100606,21.0,Male,Bengaluru,17,399.0,6548.3,6.0,2,57.0,Monthly,Debit Card,0,0,20733.52
C100607,70.0,Male,Bengaluru,21,1333.57,27499.92,6.0,5,76.0,Monthly,Debit Card,0,0,55880.98
C100608,67.0,Male,Hyderabad,55,2083.25,116053.31,11.0,2,70.0,Quarterly,Credit Card,1,0,126154.2
C100609,62.0,Female,Hyderabad,6,1521.21,9368.64,3.0,1,64.0,Monthly,Bank Transfer,0,0,32193.12
C100610,28.0,Male,Hyderabad,49,2226.46,109180.49,16.0,4,76.0,Monthly,UPI,0,0,131036.23
C100611,46.0,Female,Kolkata,26,2318.76,57261.38,11.0,0,50.0,Monthly,Debit Card,1,0,89096.79
C100612,53.0,Male,Bengaluru,32,2713.99,80965.37,16.0,1,87.0,Monthly,Credit Card,1,0,125499.0
C100613,42.0,Male,Bengaluru,72,627.9,47045.67,28.0,2,72.0,Monthly,UPI,0,0,69895.49
C100614,38.0,Male,Hyderabad,44,1560.46,75460.6,7.0,0,93.0,Quarterly,Bank Transfer,0,0,103158.69
C100615,53.0,Male,Chennai,59,1300.95,83556.82,5.0,0,66.0,Monthly,Credit Card,1,0,86032.92
C100616,27.0,Male,Mumbai,29,1433.13,42538.66,12.0,5,75.0,Monthly,UPI,0,0,63956.85
C100617,54.0,Male,Hyderabad,17,1748.18,27788.63,9.0,4,82.0,Monthly,Debit Card,0,0,62499.41
C100618,26.0,Female,Mumbai,18,1959.29,39032.31,15.0,1,63.0,Monthly,Credit Card,0,0,76977.43
C100619,41.0,Female,Delhi,40,2226.73,87541.67,26.0,1,42.0,Monthly,UPI,1,0,108188.02
C100620,52.0,Male,Bengaluru,63,1297.92,73695.37,27.0,2,100.0,Monthly,Credit Card,1,0,97175.92
C100621,66.0,Male,Mumbai,45,1590.83,74521.76,11.0,4,97.0,Monthly,UPI,0,0,89806.64
C100622,52.0,Male,Mumbai,3,2131.92,7046.01,8.0,3,63.0,Annual,Debit Card,1,0,42433.4
C100623,65.0,Male,Hyderabad,3,1845.92,5086.22,8.0,3,55.0,Quarterly,UPI,1,0,29588.54
C100624,53.0,Female,Delhi,38,1429.8,55063.68,17.0,4,29.0,Monthly,Credit Card,0,0,68070.64
C100625,35.0,Male,Pune,40,1399.29,58582.74,15.0,3,81.0,Quarterly,Debit Card,0,0,90654.34
C100626,66.0,Male,Delhi,68,1923.97,118959.93,15.0,2,45.0,Annual,Credit Card,1,0,139074.66
C100627,56.0,Male,Bengaluru,54,839.17,44002.97,11.0,8,76.0,Monthly,Debit Card,0,0,57336.93
C100628,49.0,Male,Kolkata,20,956.14,19782.92,16.0,2,71.0,Monthly,Credit Card,0,0,64839.36
C100629,41.0,Male,Chennai,15,1930.77,31944.97,29.0,4,77.0,Annual,Credit Card,0,0,68341.72
C100630,40.0,Female,Bengaluru,5,2098.52,9930.04,24.0,3,74.0,Annual,Credit Card,1,0,56993.87
C100631,49.0,Male,Chennai,39,2812.18,97740.61,31.0,1,84.0,Annual,UPI,0,0,145683.16
C100632,54.0,Male,Delhi,40,757.68,31667.6,15.0,6,38.0,Quarterly,UPI,1,0,36079.8
C100633,29.0,Female,Pune,7,2085.8,14288.85,7.0,2,94.0,Monthly,Credit Card,1,0,52629.69
C100634,66.0,Female,Bengaluru,72,2715.27,214965.33,1.0,3,50.0,Quarterly,Debit Card,0,0,187450.65
C100635,30.0,Female,Bengaluru,33,1985.09,61237.61,20.0,1,69.0,Quarterly,UPI,0,0,97864.94
C100636,40.0,Female,Delhi,37,1360.17,45191.51,5.0,3,41.0,Monthly,Bank Transfer,1,0,56799.34
C100637,42.0,Male,Kolkata,32,1828.13,61102.76,27.0,1,89.0,Annual,Credit Card,0,0,97397.91
C100638,52.0,Female,Hyderabad,43,3230.95,153708.67,15.0,5,76.0,Annual,Debit Card,1,0,163194.16
C100639,58.0,Female,Pune,63,2530.67,161709.65,13.0,6,25.0,Quarterly,UPI,0,0,163295.19
C100640,47.0,Male,Chennai,36,1381.87,49392.05,15.0,2,87.0,Monthly,Credit Card,0,0,77116.5
C100641,34.0,Female,Pune,49,1305.05,59914.16,17.0,0,100.0,Quarterly,Credit Card,0,0,89147.6
C100642,66.0,Female,Mumbai,25,2063.53,46654.92,21.0,2,73.0,Monthly,UPI,0,0,93538.76
C100643,37.0,Male,Bengaluru,66,2345.62,167353.95,15.0,3,35.0,Annual,Debit Card,1,0,151044.44
C100644,65.0,Male,Delhi,9,2718.38,23453.76,15.0,4,59.0,Quarterly,Credit Card,0,0,62818.42
C100645,42.0,Male,Kolkata,18,1665.67,27333.42,19.0,1,49.0,Monthly,UPI,1,0,48437.22
C100646,39.0,Male,Bengaluru,22,826.42,17770.28,16.0,2,85.0,Monthly,Credit Card,1,0,51841.9
C100647,30.0,Male,Chennai,15,1871.94,30008.61,5.0,2,59.0,Annual,UPI,0,0,58283.71
C100648,36.0,Female,Bengaluru,7,1487.17,10314.43,12.0,1,74.0,Monthly,Bank Transfer,1,0,33317.78
C100649,66.0,Female,Hyderabad,13,399.0,4998.12,22.0,1,72.0,Monthly,UPI,1,0,33950.79
C100650,53.0,Male,Pune,36,1621.12,55184.88,27.0,0,88.0,Monthly,UPI,1,0,90910.84
C100651,29.0,Female,Hyderabad,16,2673.17,42667.51,27.0,1,55.0,Annual,UPI,1,0,82143.38
C100652,58.0,Male,Pune,41,2286.48,95667.7,18.0,4,67.0,Monthly,Bank Transfer,0,0,127924.32
C100653,36.0,Male,Chennai,21,1588.88,29995.93,12.0,0,68.0,Quarterly,Credit Card,0,0,61147.8
C100654,29.0,Female,Other,28,1523.01,42710.87,25.0,4,55.0,Monthly,Debit Card,0,0,77821.49
C100655,26.0,Female,Hyderabad,17,1461.92,22406.18,13.0,2,90.0,Monthly,Bank Transfer,1,0,53233.17
C100656,24.0,Female,Hyderabad,65,1448.19,90634.81,12.0,2,86.0,Monthly,UPI,0,0,108237.46
C100657,45.0,Female,Hyderabad,13,2323.62,30177.5,18.0,2,49.0,Monthly,Debit Card,0,0,64761.52
C100658,31.0,Female,Pune,36,2930.79,104413.75,1.0,1,54.0,Annual,Bank Transfer,1,0,120075.87
C100659,48.0,Female,Chennai,58,2539.83,131855.05,15.0,0,72.0,Annual,Credit Card,1,0,163424.44
C100660,69.0,Male,Hyderabad,20,1328.22,25323.62,15.0,1,81.0,Monthly,UPI,0,0,56279.01
C100661,36.0,Female,Kolkata,52,1269.51,63866.83,14.0,2,78.0,Monthly,Wallet,1,0,87957.88
C100662,64.0,Other,Kolkata,6,2999.9,17885.04,13.0,1,51.0,Annual,UPI,0,0,69515.84
C100663,33.0,Female,Pune,23,1852.97,45298.5,26.0,3,65.0,Monthly,Bank Transfer,0,0,86217.58
C100664,70.0,Male,Bengaluru,42,1322.91,49484.87,3.0,3,37.0,Monthly,UPI,0,0,62567.6
C100665,22.0,Female,Bengaluru,24,1859.96,45039.98,19.0,2,61.0,Monthly,Bank Transfer,1,0,79806.03
C100666,52.0,Female,Pune,5,1179.89,6236.12,19.0,2,54.0,Annual,Wallet,0,0,29921.99
C100667,29.0,Male,Mumbai,32,1033.67,31758.97,27.0,6,100.0,Monthly,Credit Card,0,0,75514.55
C100668,42.0,Female,Hyderabad,46,1402.13,62404.37,17.0,3,100.0,Quarterly,Credit Card,0,0,88954.57
C100669,69.0,Male,Bengaluru,17,2381.85,40910.04,18.0,2,95.0,Monthly,UPI,1,0,93169.82
C100670,38.0,Male,Other,27,1613.69,48608.86,15.0,2,100.0,Monthly,Wallet,0,0,83178.38
C100671,44.0,Female,Hyderabad,68,2253.0,136913.57,17.0,3,100.0,Monthly,UPI,0,0,165582.1
C100672,70.0,Male,Delhi,23,2166.96,49844.93,14.0,1,53.0,Annual,Bank Transfer,0,0,84598.78
C100673,40.0,Male,Chennai,34,1154.2,38038.13,7.0,0,83.0,Annual,UPI,1,0,57103.36
C100674,33.0,Female,Pune,21,2823.67,62214.41,17.0,1,70.0,Quarterly,UPI,0,0,99971.91
C100675,56.0,Female,Delhi,22,1011.99,19888.1,16.0,1,47.0,Monthly,UPI,0,0,47732.9
C100676,62.0,Male,Chennai,65,1419.53,89048.7,10.0,2,80.0,Monthly,Debit Card,0,0,103618.33
C100677,70.0,Female,Bengaluru,32,1492.86,42051.83,16.0,5,80.0,Monthly,Credit Card,1,0,75034.43
C100678,59.0,Female,Pune,62,2318.36,144237.96,23.0,2,68.0,Monthly,Bank Transfer,0,0,143042.34
C100679,56.0,Female,Bengaluru,28,1644.9,41461.31,12.0,2,77.0,Annual,Credit Card,0,0,80040.46
C100680,31.0,Female,Pune,7,1233.3,9336.59,27.0,2,81.0,Monthly,Bank Transfer,1,0,49462.52
C100681,48.0,Female,Delhi,54,2354.32,138257.89,25.0,0,79.0,Quarterly,Debit Card,0,0,151227.42
C100682,22.0,Male,Mumbai,70,1618.47,120107.15,10.0,2,100.0,Monthly,Credit Card,0,0,132127.28
C100683,52.0,Male,Bengaluru,14,2213.39,27917.71,11.0,1,92.0,Quarterly,Credit Card,1,0,74806.76
C100684,40.0,Female,Hyderabad,55,3369.04,174935.14,14.0,4,17.0,Quarterly,Bank Transfer,0,0,186990.12
C100685,46.0,Female,Delhi,58,1515.36,77520.03,6.0,6,38.0,Monthly,Credit Card,0,0,100482.92
C100686,60.0,Male,Hyderabad,44,2086.05,97238.1,8.0,1,62.0,Monthly,UPI,0,0,111183.4
C100687,28.0,Female,Other,46,1006.44,50290.15,1.0,3,93.0,Monthly,Credit Card,1,0,53346.8
C100688,35.0,Female,Other,14,1670.07,23690.6,20.0,8,22.0,Annual,UPI,1,1,33996.76
C100689,64.0,Male,Hyderabad,44,1996.68,96227.74,19.0,1,74.0,Monthly,Credit Card,1,0,109234.16
C100690,29.0,Male,Hyderabad,41,2732.38,99944.74,4.0,1,74.0,Monthly,Debit Card,1,0,132385.06
C100691,26.0,Male,Chennai,2,1046.13,2115.71,5.0,4,57.0,Annual,Credit Card,1,0,32907.81
C100692,27.0,Female,Other,5,2047.96,10904.29,15.0,4,57.0,Monthly,UPI,0,0,57724.9
C100693,61.0,Male,Chennai,12,1058.79,13738.11,15.0,3,50.0,Monthly,Debit Card,0,1,50752.26
C100694,34.0,Male,Bengaluru,47,1611.04,68122.15,24.0,4,41.0,Monthly,Debit Card,0,0,90457.31
C100695,55.0,Female,Delhi,35,1431.48,48641.9,10.0,3,89.0,Monthly,Credit Card,0,0,81048.46
C100696,24.0,Female,Hyderabad,19,1307.43,22243.07,11.0,2,69.0,Monthly,Credit Card,0,0,62904.41
C100697,63.0,Male,Bengaluru,63,2164.45,139874.76,15.0,3,100.0,Annual,UPI,1,0,156135.16
C100698,30.0,Male,Bengaluru,8,1146.15,8792.6,24.0,0,93.0,Monthly,Debit Card,0,0,55813.68
C100699,57.0,Female,Mumbai,23,399.0,10132.21,25.0,1,60.0,Monthly,Debit Card,0,0,36487.61
C100700,59.0,Female,Hyderabad,13,1516.1,18762.55,8.0,0,41.0,Monthly,UPI,0,0,50002.48
C100701,26.0,Female,Mumbai,23,1273.42,29420.75,23.0,2,100.0,Monthly,Debit Card,1,0,60283.2
C100702,67.0,Female,Pune,31,1506.97,42854.55,8.0,3,100.0,Monthly,Credit Card,1,0,62283.94
C100703,44.0,Male,Mumbai,30,1275.33,36995.45,2.0,2,82.0,Monthly,UPI,0,0,58661.02
C100704,19.0,Male,Delhi,42,2120.27,98476.6,17.0,0,71.0,Monthly,Bank Transfer,1,0,117520.4
C100705,22.0,Male,Hyderabad,2,2169.37,4656.85,24.0,0,64.0,Monthly,UPI,1,0,42506.98
C100706,46.0,Male,Chennai,11,952.16,9533.99,13.0,4,100.0,Monthly,Debit Card,0,0,41986.32
C100707,54.0,Female,Hyderabad,25,2565.6,68129.08,22.0,1,82.0,Monthly,Credit Card,0,0,101404.32
C100708,55.0,Male,Mumbai,29,2225.28,62296.79,9.0,2,44.0,Monthly,Credit Card,0,0,84685.45
C100709,36.0,Male,Bengaluru,22,1493.26,31205.51,16.0,2,64.0,Monthly,Wallet,0,0,59503.71
C100710,25.0,Other,Bengaluru,19,1708.83,35356.95,22.0,2,43.0,Monthly,UPI,1,0,51634.33
C100711,65.0,Male,Hyderabad,41,2409.36,95989.65,17.0,3,71.0,Quarterly,Credit Card,1,0,123650.7
C100712,62.0,Male,Bengaluru,38,1500.2,63031.32,13.0,1,83.0,Quarterly,Credit Card,0,0,89221.36
C100713,18.0,Male,Mumbai,29,2276.0,58845.28,12.0,2,82.0,Quarterly,Credit Card,0,0,94742.77
C100714,39.0,Female,Mumbai,22,2237.22,47443.57,13.0,1,53.0,Annual,Wallet,0,0,69588.48
C100715,69.0,Female,Hyderabad,8,2586.9,21886.6,21.0,1,84.0,Annual,UPI,1,0,65675.44
C100716,34.0,Male,Delhi,47,2173.93,93225.51,14.0,1,87.0,Monthly,Bank Transfer,0,0,133319.79
C100717,24.0,Female,Mumbai,6,1401.17,7550.67,4.0,0,57.0,Monthly,Debit Card,0,0,40721.57
C100718,42.0,Female,Mumbai,7,2141.32,15108.6,17.0,2,82.0,Annual,Bank Transfer,0,0,55149.99
C100719,62.0,Female,Pune,36,2336.42,86689.49,14.0,3,57.0,Monthly,Credit Card,0,0,116617.26
C100720,21.0,Female,Bengaluru,8,2277.33,16141.37,18.0,2,50.0,Quarterly,Debit Card,1,0,73370.48
C100721,53.0,Female,Hyderabad,46,2471.59,113869.71,14.0,3,91.0,Annual,Debit Card,0,0,145877.97
C100722,23.0,Female,Mumbai,64,1650.19,110494.02,15.0,3,56.0,Quarterly,Wallet,0,0,118518.66
C100723,48.0,Male,Other,31,2744.64,87519.49,21.0,1,100.0,Monthly,Debit Card,0,0,127535.2
C100724,36.0,Male,Mumbai,23,2017.79,42142.87,31.0,0,87.0,Quarterly,Debit Card,0,0,102164.99
C100725,61.0,Male,Pune,61,2876.8,191034.62,13.0,2,69.0,Monthly,UPI,1,0,187456.13
C100726,56.0,Female,Pune,50,1282.46,57869.3,21.0,3,92.0,Annual,Bank Transfer,0,0,84483.63
C100727,44.0,Female,Mumbai,46,1604.0,72285.49,5.0,2,60.0,Monthly,Bank Transfer,0,0,85788.7
C100728,27.0,Female,Delhi,43,1687.79,68213.8,15.0,2,70.0,Monthly,Debit Card,0,0,89539.03
C100729,43.0,Male,Chennai,10,2339.41,24083.61,13.0,0,82.0,Quarterly,Wallet,1,0,63417.02
C100730,36.0,Female,Mumbai,20,1290.13,24957.99,7.0,3,51.0,Monthly,UPI,1,0,33317.19
C100731,56.0,Female,Mumbai,16,1284.73,20648.5,18.0,4,100.0,Monthly,Bank Transfer,1,0,66612.17
C100732,20.0,Female,Delhi,3,2421.6,7664.44,22.0,1,100.0,Monthly,Bank Transfer,0,0,68256.83
C100733,62.0,Female,Chennai,30,1701.7,50466.25,18.0,1,90.0,Monthly,Credit Card,1,0,90498.23
C100734,30.0,Female,Hyderabad,18,2418.12,45518.84,16.0,3,43.0,Annual,UPI,0,0,72743.03
C100735,67.0,Female,Pune,59,1260.32,80824.51,11.0,2,90.0,Monthly,UPI,0,0,87768.25
C100736,45.0,Female,Delhi,70,2254.21,146307.01,25.0,1,97.0,Monthly,Bank Transfer,0,0,187192.1
C100737,37.0,Female,Other,35,2351.22,81540.72,18.0,1,65.0,Quarterly,Debit Card,1,0,105475.56
C100738,45.0,Male,Chennai,19,2626.18,51555.98,12.0,5,90.0,Monthly,Credit Card,0,0,95623.98
C100739,25.0,Male,Hyderabad,26,1148.07,30613.16,28.0,4,85.0,Monthly,UPI,0,0,69044.43
C100740,58.0,Female,Hyderabad,35,1022.38,35014.72,1.0,4,28.0,Monthly,UPI,1,0,38749.23
C100741,56.0,Male,Pune,72,1739.58,118019.21,15.0,2,61.0,Monthly,Bank Transfer,0,0,137493.92
C100742,18.0,Female,Hyderabad,57,2588.96,130446.48,18.0,5,94.0,Monthly,UPI,0,0,163048.73
C100743,20.0,Male,Kolkata,49,1218.53,66177.79,30.0,2,88.0,Monthly,Credit Card,0,0,79759.74
C100744,30.0,Female,Bengaluru,10,1096.73,9851.66,14.0,2,32.0,Quarterly,Wallet,1,0,41394.06
C100745,45.0,Male,Kolkata,29,1476.03,42303.19,11.0,1,70.0,Monthly,UPI,0,0,60478.25
C100746,66.0,Male,Pune,71,2170.51,151291.06,18.0,1,69.0,Annual,UPI,0,0,158745.71
C100747,42.0,Female,Kolkata,68,2124.93,159173.26,1.0,2,30.0,Annual,Bank Transfer,1,0,144949.98
C100748,50.0,Male,Hyderabad,24,1222.95,27332.75,2.0,0,54.0,Monthly,UPI,0,0,49838.17
C100749,55.0,Male,Mumbai,43,1573.86,72168.36,1.0,3,79.0,Annual,Debit Card,0,0,90840.71
C100750,70.0,Male,Hyderabad,39,1739.67,61551.81,13.0,1,43.0,Monthly,Credit Card,0,1,87620.32
C100751,23.0,Female,Hyderabad,25,1564.99,34986.22,18.0,2,79.0,Annual,Wallet,0,0,73002.92
C100752,61.0,Male,Bengaluru,68,1115.27,84186.21,23.0,0,72.0,Monthly,Credit Card,1,0,95943.02
C100753,62.0,Female,Pune,34,2144.22,65434.52,18.0,3,100.0,Monthly,Credit Card,0,0,114526.87
C100754,49.0,Female,Hyderabad,53,1674.1,81646.16,12.0,2,88.0,Annual,Bank Transfer,0,0,113651.69
C100755,62.0,Female,Kolkata,55,1725.51,100695.68,14.0,3,54.0,Annual,UPI,0,0,99179.99
C100756,64.0,Female,Hyderabad,53,1575.06,89330.91,18.0,1,100.0,Monthly,Credit Card,0,0,103336.24
C100757,38.0,Female,Bengaluru,18,1858.615,32206.89,20.0,1,47.0,Monthly,Debit Card,0,0,79716.03
C100758,33.0,Male,Hyderabad,7,2086.8,13529.26,12.0,3,86.0,Annual,Wallet,0,0,67296.98
C100759,38.0,Female,Pune,63,1437.44,83305.28,20.0,0,67.0,Quarterly,UPI,0,0,123423.9
C100760,28.0,Male,Hyderabad,42,1705.82,75079.77,14.0,1,97.0,Monthly,Debit Card,0,0,99449.9
C100761,54.0,Female,Kolkata,11,1662.24,19756.41,9.0,2,54.0,Monthly,Bank Transfer,0,0,43249.45
C100762,53.0,Male,Mumbai,9,2995.1,25183.96,14.0,4,65.0,Annual,Debit Card,0,1,83960.68
C100763,52.0,Female,Other,35,2038.27,78557.54,22.0,2,98.0,Annual,Debit Card,0,0,105818.84
C100764,36.0,Male,Bengaluru,65,1517.95,88566.28,9.0,0,54.0,Annual,Credit Card,1,0,104380.64
C100765,37.0,Male,Chennai,5,765.91,4053.48,10.0,2,67.0,Monthly,UPI,0,1,28191.16
C100766,35.0,Female,Delhi,26,2415.16,56320.6,16.0,0,89.0,Quarterly,UPI,1,0,109254.83
C100767,64.0,Female,Pune,51,1745.18,96826.91,22.0,0,68.0,Monthly,Credit Card,0,0,115208.06
C100768,58.0,Male,Chennai,38,2006.42,84603.38,10.0,6,29.0,Quarterly,UPI,1,0,78618.98
C100769,66.0,Female,Kolkata,3,2306.86,6219.63,21.0,2,65.0,Quarterly,Credit Card,0,0,58634.5
C100770,31.0,Female,Hyderabad,59,1309.89,75513.75,22.0,0,68.0,Monthly,Wallet,1,0,99380.73
C100771,32.0,Other,Delhi,13,1294.64,18271.18,17.0,1,58.0,Quarterly,Credit Card,0,0,63769.61
C100772,48.0,Female,Bengaluru,35,1838.59,71428.0,23.0,5,91.0,Monthly,UPI,1,0,84657.35
C100773,18.0,Male,Hyderabad,3,3300.66,9825.62,12.0,1,47.0,Monthly,UPI,0,0,65627.98
C100774,70.0,Male,Chennai,53,1332.73,70720.97,25.0,2,95.0,Monthly,UPI,0,0,86490.8
C100775,20.0,Female,Kolkata,55,1709.9,86129.42,26.0,3,94.0,Annual,Debit Card,0,0,127423.87
C100776,33.0,Female,Other,45,2343.64,97565.35,25.0,3,78.0,Monthly,Credit Card,0,0,128499.67
C100777,40.0,Male,Chennai,66,2186.39,154562.48,20.0,3,100.0,Monthly,Wallet,0,0,174613.51
C100778,28.0,Male,Kolkata,67,1475.47,97829.22,7.0,2,48.0,Monthly,Credit Card,0,0,103149.36
C100779,29.0,Female,Mumbai,44,768.21,35916.18,20.0,5,71.0,Quarterly,UPI,1,0,49331.56
C100780,27.0,Male,Delhi,68,1629.92,111096.14,25.0,2,50.0,Monthly,Credit Card,0,0,123639.44
C100781,49.0,Male,Hyderabad,62,3229.78,221452.17,1.0,2,72.0,Annual,Debit Card,0,0,208659.34
C100782,33.0,Male,Mumbai,25,1761.74,40559.89,19.0,1,91.0,Annual,UPI,0,0,77371.4
C100783,25.0,Male,Hyderabad,52,2326.72,108530.54,18.0,5,61.0,Monthly,Debit Card,0,0,131999.23
C100784,55.0,Male,Bengaluru,50,1082.44,52457.39,10.0,2,81.0,Quarterly,Wallet,0,0,75593.4
C100785,29.0,Female,Mumbai,1,2344.92,2515.3,2.0,0,100.0,Monthly,Bank Transfer,0,0,60940.73
C100786,41.0,Male,Pune,39,2376.18,90975.68,12.0,3,77.0,Monthly,Bank Transfer,0,0,115779.46
C100787,45.0,Male,Mumbai,52,1819.05,99619.37,18.0,1,45.0,Monthly,UPI,1,0,111976.47
C100788,70.0,Male,Other,40,2599.02,108142.75,10.0,1,83.0,Monthly,Credit Card,0,0,125822.3
C100789,25.0,Male,Pune,60,1979.2,130325.9,26.0,1,62.0,Annual,UPI,0,0,131445.64
C100790,45.0,Male,Hyderabad,69,3337.76,235332.33,15.0,2,84.0,Annual,UPI,0,0,231413.77
C100791,53.0,Male,Chennai,20,1972.68,39571.76,16.0,0,57.0,Annual,Credit Card,1,0,73998.87
C100792,43.0,Female,Delhi,2,1832.25,3319.38,13.0,1,80.0,Annual,Bank Transfer,0,0,46513.31
C100793,25.0,Male,Other,9,2014.73,16199.02,13.0,2,72.0,Monthly,UPI,1,0,52728.9
C100794,67.0,Male,Other,39,1019.05,35060.29,12.0,5,35.0,Monthly,UPI,1,0,47238.95
C100795,44.0,Male,Pune,30,1954.73,63423.74,15.0,0,68.0,Monthly,UPI,0,0,91514.42
C100796,45.0,Female,Mumbai,54,1267.84,66252.89,13.0,2,77.0,Quarterly,Bank Transfer,0,0,83007.85
C100797,54.0,Female,Pune,58,2431.08,127842.08,11.0,0,95.0,Monthly,Credit Card,0,0,171763.66
C100798,58.0,Male,Bengaluru,44,2627.01,118302.26,19.0,2,54.0,Annual,Debit Card,0,0,135864.23
C100799,53.0,Female,Bengaluru,43,1305.59,54763.01,14.0,4,74.0,Quarterly,UPI,1,0,69539.44
C100800,44.0,Male,Delhi,10,1511.21,14051.68,22.0,3,80.0,Quarterly,UPI,1,0,46964.03
C100801,34.0,Female,Kolkata,48,2430.45,121088.56,16.0,5,40.0,Monthly,Wallet,0,1,125742.18
C100802,26.0,Male,Other,17,3066.74,51074.16,10.0,3,100.0,Monthly,Credit Card,0,0,99274.94
C100803,50.0,Female,Bengaluru,5,1807.22,8800.19,6.0,1,44.0,Monthly,Bank Transfer,1,0,39830.52
C100804,70.0,Female,Pune,70,2590.51,196777.89,14.0,1,63.0,Annual,UPI,0,0,193296.77
C100805,37.0,Male,Pune,64,2290.59,160633.84,22.0,4,91.0,Monthly,UPI,0,0,155717.79
C100806,30.0,Female,Delhi,66,2295.27,159064.98,26.0,3,92.0,Quarterly,Debit Card,0,0,181804.1
C100807,45.0,Female,Bengaluru,71,556.2,43569.19,28.0,0,100.0,Annual,UPI,0,0,64272.38
C100808,65.0,Male,Mumbai,4,1209.2,5225.57,22.0,4,65.0,Monthly,UPI,0,0,35674.67
C100809,46.0,Male,Mumbai,28,2756.2,70108.47,27.0,0,98.0,Monthly,Credit Card,1,0,130046.65
C100810,30.0,Male,Mumbai,38,1290.81,51239.9,10.0,2,60.0,Monthly,UPI,0,0,69910.02
C100811,63.0,Female,Mumbai,66,1662.75,98055.53,17.0,0,87.0,Quarterly,Credit Card,0,0,139233.5
C100812,52.0,Female,Pune,67,3330.96,204945.96,9.0,5,75.0,Annual,UPI,0,0,228305.52
C100813,23.0,Male,Hyderabad,60,1481.09,99489.32,19.0,1,41.0,Monthly,UPI,0,0,100315.41
C100814,35.0,Female,Bengaluru,47,1889.37,96004.38,22.0,2,66.0,Monthly,UPI,0,0,112616.4
C100815,68.0,Female,Mumbai,25,2074.05,48778.41,11.0,0,51.0,Monthly,Credit Card,1,0,78887.93
C100816,22.0,Female,Bengaluru,66,2558.74,160772.64,18.0,0,83.0,Quarterly,Credit Card,0,0,175715.51
C100817,64.0,Female,Other,67,2199.25,163636.9,15.0,2,73.0,Monthly,Bank Transfer,1,0,157949.54
C100818,42.0,Female,Bengaluru,69,1465.55,96814.08,17.0,1,72.0,Quarterly,Debit Card,1,0,118810.8
C100819,19.0,Male,Chennai,40,1807.01,72933.11,15.0,1,100.0,Monthly,Bank Transfer,0,0,103225.08
C100820,27.0,Male,Kolkata,50,1652.53,91678.51,6.0,2,41.0,Quarterly,Credit Card,0,0,97212.01
C100821,47.0,Female,Hyderabad,40,2389.47,91759.29,25.0,1,58.0,Monthly,UPI,0,0,127497.54
C100822,67.0,Male,Pune,37,1772.07,59223.28,17.0,5,65.0,Monthly,Credit Card,0,0,82150.94
C100823,62.0,Female,Mumbai,69,2194.6,162232.24,19.0,2,93.0,Annual,Debit Card,1,0,175498.68
C100824,22.0,Male,Hyderabad,17,1489.5,23214.51,25.0,3,47.0,Monthly,Wallet,0,0,56728.11
C100825,50.0,Male,Kolkata,62,3102.58,201442.23,22.0,4,100.0,Monthly,Credit Card,0,0,205953.89
C100826,18.0,Female,Hyderabad,41,1262.94,46208.39,5.0,3,87.0,Quarterly,Debit Card,0,0,70572.74
C100827,35.0,Female,Mumbai,42,3180.57,124414.92,24.0,3,80.0,Quarterly,UPI,0,0,166536.34
C100828,49.0,Male,Hyderabad,31,1683.96,48078.05,17.0,0,100.0,Monthly,Bank Transfer,1,0,81383.11
C100829,64.0,Female,Hyderabad,33,2393.82,77206.58,15.0,2,68.0,Monthly,Debit Card,1,0,106397.68
C100830,66.0,Female,Kolkata,43,1876.44,75578.3,18.0,2,38.0,Monthly,Bank Transfer,1,0,89393.6
C100831,28.0,Female,Pune,67,1026.96,76766.43,18.0,1,100.0,Monthly,UPI,1,0,86435.35
C100832,38.0,Male,Hyderabad,38,1484.64,53489.25,10.0,1,88.0,Monthly,Debit Card,1,0,82836.88
C100833,43.0,Female,Delhi,41,2779.69,108881.03,6.0,0,79.0,Annual,Debit Card,1,0,146999.66
C100834,42.0,Female,Pune,63,1368.97,79127.29,1.0,0,74.0,Annual,Credit Card,0,0,108981.68
C100835,39.0,Male,Kolkata,40,399.0,17221.52,21.0,1,63.0,Monthly,UPI,0,0,38859.16
C100836,44.0,Female,Chennai,30,624.09,20854.74,30.0,5,45.0,Monthly,UPI,0,0,45035.57
C100837,66.0,Female,Kolkata,47,1804.84,83216.34,11.0,2,18.0,Monthly,Credit Card,1,0,90887.54
C100838,30.0,Female,Mumbai,22,1161.83,27967.88,23.0,1,35.0,Monthly,UPI,0,0,40338.9
C100839,50.0,Female,Delhi,55,2087.98,125048.45,9.0,4,68.0,Annual,UPI,0,0,120881.84
C100840,51.0,Male,Other,43,2183.74,98054.87,11.0,2,39.0,Monthly,Credit Card,0,0,113760.38
C100841,58.0,Male,Bengaluru,61,2209.54,144724.88,23.0,4,43.0,Monthly,Wallet,0,0,147246.94
C100842,52.0,Female,Hyderabad,32,2043.92,69068.3,9.0,1,43.0,Monthly,Bank Transfer,0,0,87857.58
C100843,18.0,Female,Bengaluru,4,3117.81,13006.99,13.0,3,72.0,Monthly,Credit Card,0,0,64260.17
C100844,38.0,Female,Hyderabad,45,2827.65,119272.13,13.0,2,92.0,Monthly,Wallet,0,0,167757.61
C100845,65.0,Female,Bengaluru,72,1180.46,86319.56,13.0,3,100.0,Quarterly,Bank Transfer,1,0,107690.91
C100846,23.0,Male,Pune,20,2206.51,39654.44,23.0,3,100.0,Monthly,Credit Card,0,0,78973.67
C100847,45.0,Male,Chennai,71,2171.24,158094.72,7.0,5,59.0,Monthly,Credit Card,1,0,149688.93
C100848,34.0,Male,Bengaluru,65,1082.59,73041.03,13.0,0,45.0,Monthly,UPI,1,0,70761.25
C100849,22.0,Male,Bengaluru,60,1692.72,108906.06,10.0,3,85.0,Annual,Wallet,1,0,118598.29
C100850,48.0,Female,Hyderabad,26,742.73,19343.37,1.0,1,59.0,Monthly,Bank Transfer,0,0,32753.6
C100851,22.0,Male,Chennai,23,1441.66,30468.02,18.0,1,73.0,Monthly,Debit Card,0,0,70367.74
C100852,55.0,Female,Delhi,40,2218.89,86926.38,13.0,1,65.0,Monthly,Credit Card,0,0,111987.92
C100853,20.0,Male,Hyderabad,2,2495.01,5543.68,1.0,3,49.0,Monthly,Debit Card,0,0,34905.96
C100854,70.0,Female,Other,26,3239.71,91669.77,18.0,3,91.0,Monthly,Credit Card,0,0,121551.4
C100855,40.0,Female,Chennai,62,2314.35,160231.89,18.0,1,95.0,Monthly,Credit Card,1,0,167491.19
C100856,54.0,Male,Other,44,2065.09,89119.11,11.0,2,67.0,Monthly,UPI,0,0,114190.55
C100857,70.0,Male,Hyderabad,31,2992.2,99512.06,6.0,1,74.0,Monthly,UPI,0,0,130932.23
C100858,54.0,Male,Pune,26,2809.49,67010.23,14.0,3,56.0,Monthly,Debit Card,0,1,109643.16
C100859,27.0,Female,Mumbai,5,1437.32,8044.04,35.0,0,80.0,Quarterly,Bank Transfer,0,0,52449.25
C100860,27.0,Male,Pune,70,1719.96,132545.31,14.0,1,60.0,Quarterly,Credit Card,0,0,128435.31
C100861,36.0,Female,Mumbai,35,2251.39,87175.24,11.0,4,80.0,Monthly,UPI,0,0,104870.96
C100862,34.0,Female,Other,16,921.76,13129.55,12.0,2,68.0,Monthly,UPI,0,0,39021.51
C100863,38.0,Female,Delhi,31,2053.71,62444.38,5.0,5,71.0,Quarterly,Debit Card,0,0,73908.69
C100864,31.0,Male,Pune,14,2335.18,33848.5,24.0,4,64.0,Annual,UPI,0,1,83106.92
C100865,44.0,Female,Kolkata,25,2527.43,69370.59,8.0,4,100.0,Annual,Bank Transfer,0,0,102891.19
C100866,63.0,Male,Delhi,71,2368.33,163826.88,4.0,2,60.0,Monthly,UPI,1,0,168087.48
C100867,18.0,Male,Mumbai,18,1829.24,34559.86,12.0,1,37.0,Annual,Bank Transfer,0,0,55702.56
C100868,68.0,Female,Bengaluru,50,2085.32,102610.34,24.0,1,100.0,Monthly,Credit Card,0,0,131552.1
C100869,62.0,Female,Pune,20,1530.6,32960.1,20.0,1,43.0,Monthly,Credit Card,0,0,58768.91
C100870,30.0,Male,Mumbai,56,2423.39,120043.0,13.0,3,53.0,Monthly,Debit Card,0,0,134747.61
C100871,21.0,Male,Delhi,2,1933.69,3802.35,12.0,3,73.0,Monthly,Bank Transfer,0,0,43471.64
C100872,18.0,Male,Hyderabad,26,2430.2,68300.82,11.0,6,58.0,Monthly,UPI,0,0,84105.19
C100873,66.0,Female,Mumbai,23,617.37,13966.74,10.0,3,63.0,Monthly,Debit Card,0,0,26005.78
C100874,57.0,Male,Delhi,32,960.51,27790.31,13.0,3,63.0,Monthly,UPI,1,0,61322.51
C100875,49.0,Female,Mumbai,13,2257.91,29748.7,22.0,2,70.0,Annual,Credit Card,0,0,82380.52
C100876,51.0,Female,Chennai,13,985.13,12461.34,9.0,2,28.0,Monthly,UPI,0,0,23881.15
C100877,45.0,Female,Bengaluru,17,2458.48,39883.8,29.0,4,99.0,Monthly,Credit Card,1,0,90674.71
C100878,48.0,Male,Bengaluru,58,2713.61,171039.8,23.0,1,83.0,Annual,UPI,0,0,156768.77
C100879,25.0,Female,Delhi,27,2099.7,55889.4,31.0,5,87.0,Quarterly,UPI,0,0,94837.52
C100880,56.0,Female,Bengaluru,17,1595.98,25162.9,3.0,2,60.0,Monthly,Debit Card,1,0,55269.71
C100881,43.0,Female,Delhi,38,1574.01,54112.28,11.0,1,57.0,Quarterly,Bank Transfer,1,0,74106.93
C100882,51.0,Male,Mumbai,14,2382.04,36787.07,17.0,6,83.0,Monthly,Credit Card,0,0,75885.3
C100883,20.0,Male,Other,14,2197.5,32305.31,16.0,2,99.0,Monthly,Credit Card,0,0,75025.26
C100884,67.0,Male,Hyderabad,12,1490.15,16242.75,20.0,4,89.0,Annual,UPI,1,0,55228.48
C100885,29.0,Female,Hyderabad,69,2073.25,128338.2,19.0,2,100.0,Monthly,Wallet,0,0,162398.77
C100886,18.0,Female,Mumbai,68,3014.93,207055.65,8.0,1,59.0,Annual,Debit Card,0,0,192607.96
C100887,61.0,Female,Mumbai,55,2168.86,114956.35,10.0,1,64.0,Monthly,Bank Transfer,0,0,132475.28
C100888,22.0,Male,Hyderabad,63,1558.45,100839.18,15.0,2,99.0,Quarterly,UPI,1,0,129034.98
C100889,47.0,Male,Pune,29,1655.28,49588.55,4.0,1,47.0,Monthly,Bank Transfer,1,0,54123.05
C100890,47.0,Male,Mumbai,45,1807.58,78103.94,12.0,1,78.0,Annual,Wallet,0,0,107574.11
C100891,34.0,Male,Bengaluru,4,1512.77,5996.82,18.0,5,93.0,Monthly,UPI,0,0,51636.25
C100892,65.0,Male,Bengaluru,16,1262.8,22062.12,23.0,3,100.0,Annual,UPI,0,0,44765.33
C100893,64.0,Female,Kolkata,66,1870.21,132228.83,16.0,0,55.0,Monthly,UPI,0,0,139563.82
C100894,40.0,Female,Hyderabad,23,786.99,18885.89,15.0,1,63.0,Quarterly,Bank Transfer,1,0,36541.31
C100895,32.0,Female,Hyderabad,68,2306.57,170330.27,15.0,1,73.0,Quarterly,Credit Card,1,0,162033.36
C100896,54.0,Male,Hyderabad,20,1586.41,33532.22,22.0,0,35.0,Monthly,Bank Transfer,0,0,60646.1
C100897,38.0,Male,Delhi,17,2659.2,47565.27,3.0,1,47.0,Quarterly,UPI,1,1,75319.05
C100898,31.0,Male,Pune,52,1153.9,59235.12,14.0,1,82.0,Monthly,UPI,0,0,80524.17
C100899,19.0,Female,Bengaluru,6,1711.87,10035.84,23.0,3,100.0,Monthly,Credit Card,0,0,48547.99
C100900,28.0,Male,Hyderabad,39,2121.92,77736.5,15.0,3,74.0,Annual,UPI,0,0,121903.01
C100901,68.0,Female,Hyderabad,34,1299.37,48694.51,12.0,1,50.0,Annual,Credit Card,0,0,63455.23
C100902,56.0,Male,Mumbai,54,2118.09,117120.04,24.0,3,64.0,Quarterly,Wallet,0,0,132097.9
C100903,55.0,Female,Bengaluru,65,1053.59,72150.8,14.0,2,37.0,Monthly,Credit Card,1,0,62545.36
C100904,51.0,Female,Kolkata,29,2078.72,53829.11,14.0,1,100.0,Monthly,UPI,0,0,104580.84
C100905,55.0,Male,Hyderabad,41,3014.08,134295.12,13.0,1,96.0,Annual,Debit Card,1,0,154492.34
C100906,67.0,Female,Hyderabad,63,2435.71,142479.92,23.0,0,49.0,Annual,UPI,1,0,170432.54
C100907,51.0,Male,Hyderabad,32,1511.56,50310.5,15.0,1,100.0,Quarterly,UPI,1,0,75467.56
C100908,35.0,Female,Pune,66,2557.86,155370.92,14.0,2,90.0,Monthly,UPI,0,0,168454.85
C100909,47.0,Male,Delhi,45,3310.0,134194.26,13.0,4,71.0,Monthly,Credit Card,1,0,163339.36
C100910,32.0,Male,Other,17,1961.91,31303.55,2.0,3,38.0,Monthly,Wallet,0,1,61425.29
C100911,44.0,Female,Bengaluru,43,1623.63,67337.1,18.0,1,64.0,Annual,Credit Card,0,0,88937.19
C100912,68.0,Female,Hyderabad,66,2099.97,124554.46,14.0,2,80.0,Annual,Wallet,0,0,153089.24
C100913,51.0,Male,Mumbai,68,1009.05,64943.47,16.0,4,54.0,Quarterly,UPI,0,0,75204.85
C100914,69.0,Female,Mumbai,34,2786.72,96763.08,8.0,0,51.0,Annual,Credit Card,1,0,112321.47
C100915,55.0,Male,Mumbai,1,1999.62,1986.63,6.0,3,41.0,Monthly,UPI,1,0,34352.17
C100916,50.0,Male,Bengaluru,23,1457.4,35340.58,10.0,5,66.0,Quarterly,UPI,1,0,52390.64
C100917,41.0,Female,Hyderabad,6,2138.78,13107.58,2.0,1,44.0,Monthly,UPI,1,0,38821.72
C100918,32.0,Male,Hyderabad,16,1477.42,25417.6,11.0,2,68.0,Monthly,Credit Card,1,0,44735.69
C100919,47.0,Male,Delhi,2,1673.63,3459.92,33.0,1,98.0,Quarterly,Wallet,1,0,47905.76
C100920,59.0,Female,Mumbai,27,1801.2,44156.19,18.0,0,84.0,Monthly,UPI,0,0,88596.64
C100921,68.0,Male,Pune,19,2974.76,59288.84,16.0,3,100.0,Quarterly,Debit Card,0,0,108939.41
C100922,34.0,Female,Bengaluru,28,1067.55,28641.72,8.0,5,76.0,Quarterly,UPI,1,0,46270.35
C100923,22.0,Male,Pune,35,2554.82,79237.54,9.0,3,65.0,Annual,Credit Card,0,0,104455.17
C100924,46.0,Male,Chennai,68,1342.62,80504.64,13.0,1,100.0,Quarterly,Credit Card,0,0,110336.78
C100925,21.0,Male,Hyderabad,49,2946.83,134810.03,1.0,1,65.0,Monthly,Credit Card,0,0,163590.96
C100926,27.0,Female,Other,7,1204.14,7802.52,17.0,5,67.0,Monthly,Bank Transfer,1,0,21618.28
C100927,34.0,Female,Mumbai,37,1219.2,43952.52,12.0,2,61.0,Monthly,Credit Card,0,0,55801.16
C100928,27.0,Male,Delhi,25,2299.03,63331.02,35.0,3,100.0,Monthly,UPI,1,0,101239.27
C100929,34.0,Male,Delhi,41,1800.93,75156.92,25.0,3,74.0,Monthly,Credit Card,0,0,98001.91
C100930,37.0,Female,Bengaluru,62,2330.89,127527.37,20.0,2,74.0,Monthly,Credit Card,0,0,163304.64
C100931,41.0,Male,Pune,41,2593.54,115987.7,12.0,2,83.0,Quarterly,Credit Card,0,0,129818.07
C100932,22.0,Female,Kolkata,14,1924.14,24020.13,27.0,1,71.0,Monthly,Bank Transfer,0,0,74404.83
C100933,51.0,Male,Chennai,54,2462.79,147464.17,7.0,0,68.0,Monthly,Credit Card,1,0,148075.08
C100934,23.0,Female,Delhi,2,536.25,1179.21,20.0,4,64.0,Monthly,Credit Card,0,0,27432.57
C100935,70.0,Male,Pune,48,2037.72,96390.59,10.0,2,69.0,Monthly,Credit Card,0,0,109588.27
C100936,19.0,Female,Hyderabad,51,1673.13,86565.77,19.0,1,76.0,Monthly,Debit Card,0,0,109414.63
C100937,44.0,Female,Bengaluru,55,2780.22,149098.1,14.0,3,66.0,Monthly,Wallet,0,0,168198.79
C100938,60.0,Male,Hyderabad,12,399.0,4316.97,6.0,2,86.0,Monthly,Bank Transfer,0,0,31234.66
C100939,60.0,Male,Mumbai,69,1325.32,80790.91,13.0,3,90.0,Monthly,Credit Card,1,0,107650.02
C100940,65.0,Female,Pune,1,945.43,939.29,22.0,1,100.0,Monthly,Credit Card,0,0,53681.4
C100941,28.0,Female,Mumbai,59,1939.65,126141.99,30.0,4,45.0,Monthly,UPI,0,0,131201.74
C100942,68.0,Male,Hyderabad,34,1964.47,59653.89,23.0,4,62.0,Monthly,Debit Card,0,0,99894.52
C100943,64.0,Male,Mumbai,46,1824.49,88593.35,12.0,1,73.0,Monthly,Bank Transfer,0,0,103575.07
C100944,40.0,Female,Pune,59,2321.78,125175.56,8.0,3,74.0,Quarterly,Credit Card,0,0,138507.24
C100945,33.0,Male,Bengaluru,66,2517.61,175301.57,14.0,2,100.0,Monthly,UPI,1,0,176060.89
C100946,48.0,Female,Pune,19,2036.54,38261.6,32.0,3,46.0,Quarterly,Credit Card,0,0,73105.97
C100947,28.0,Male,Pune,28,933.98,25786.66,6.0,1,89.0,Monthly,Bank Transfer,0,0,42767.83
C100948,33.0,Female,Hyderabad,40,1688.85,72508.11,15.0,1,58.0,Annual,Credit Card,1,0,85182.68
C100949,25.0,Female,Bengaluru,57,2245.13,118021.33,8.0,2,45.0,Monthly,Debit Card,1,0,126131.97
C100950,44.0,Other,Mumbai,51,1963.72,99083.47,1.0,1,67.0,Quarterly,Debit Card,1,0,110719.05
C100951,57.0,Male,Delhi,22,1381.8,27328.08,29.0,3,81.0,Monthly,Credit Card,1,0,65575.42
C100952,21.0,Female,Kolkata,68,2473.33,175757.11,16.0,3,100.0,Monthly,Credit Card,0,0,184327.4
C100953,42.0,Male,Delhi,8,2183.99,16224.46,19.0,2,91.0,Quarterly,Credit Card,0,0,74613.35
C100954,20.0,Female,Chennai,60,2464.32,151413.41,16.0,4,91.0,Monthly,Wallet,1,0,166338.1
C100955,49.0,Female,Hyderabad,65,2047.29,130814.3,21.0,0,71.0,Monthly,Debit Card,1,0,136888.83
C100956,20.0,Male,Pune,36,1586.41,62557.81,23.0,3,74.0,Annual,Debit Card,0,0,81852.15
C100957,44.0,Female,Hyderabad,71,2996.16,213228.97,9.0,1,38.0,Annual,Bank Transfer,0,0,207320.94
C100958,46.0,Male,Delhi,29,2243.71,69904.68,29.0,3,92.0,Quarterly,Bank Transfer,0,0,109917.2
C100959,49.0,Female,Hyderabad,65,2397.24,170985.63,26.0,3,49.0,Annual,UPI,1,0,169023.0
C100960,67.0,Female,Hyderabad,56,2387.55,119546.79,18.0,2,51.0,Monthly,UPI,0,0,145454.75
C100961,68.0,Female,Bengaluru,4,1630.68,6117.25,8.0,4,71.0,Quarterly,Bank Transfer,0,0,42297.41
C100962,36.0,Male,Bengaluru,72,2171.98,142340.07,8.0,3,55.0,Monthly,Credit Card,1,0,152740.06
C100963,38.0,Male,Delhi,50,1730.44,78643.51,6.0,4,49.0,Monthly,UPI,1,0,98845.5
C100964,22.0,Female,Hyderabad,39,1571.12,54293.67,16.0,1,62.0,Annual,Credit Card,0,0,78784.57
C100965,35.0,Male,Other,35,926.73,32883.04,22.0,0,90.0,Monthly,Credit Card,0,0,57215.94
C100966,45.0,Male,Mumbai,25,489.44,11619.55,18.0,0,89.0,Quarterly,Credit Card,1,0,47624.11
C100967,59.0,Male,Mumbai,44,2049.8,88441.64,11.0,3,44.0,Monthly,UPI,0,0,96817.4
C100968,39.0,Male,Chennai,47,1319.07,63867.04,6.0,1,78.0,Monthly,Bank Transfer,0,0,78589.65
C100969,44.0,Female,Mumbai,40,1723.98,70110.87,24.0,3,98.0,Annual,UPI,0,0,100564.7
C100970,23.0,Male,Hyderabad,31,1549.61,47401.75,11.0,1,100.0,Annual,Debit Card,0,0,79163.68
C100971,18.0,Female,Other,69,810.17,57130.21,4.0,3,76.0,Monthly,UPI,1,0,65525.0
C100972,22.0,Male,Mumbai,43,2493.63,98647.23,17.0,4,28.0,Quarterly,UPI,0,0,118271.73
C100973,58.0,Male,Hyderabad,55,3118.25,171772.46,12.0,2,85.0,Monthly,UPI,1,0,177486.98
C100974,29.0,Male,Mumbai,16,632.1,11235.61,21.0,3,100.0,Monthly,UPI,0,0,49584.81
C100975,43.0,Male,Chennai,68,2301.75,173247.82,11.0,1,95.0,Annual,Credit Card,1,0,172024.06
C100976,63.0,Male,Hyderabad,69,1030.34,76157.43,15.0,3,100.0,Monthly,UPI,0,0,91582.13
C100977,51.0,Female,Kolkata,42,2325.83,100285.9,15.0,1,100.0,Monthly,Credit Card,1,0,127462.53
C100978,66.0,Male,Hyderabad,41,2718.08,108232.48,12.0,0,71.0,Monthly,UPI,0,0,144118.43
C100979,31.0,Male,Mumbai,50,2305.97,105197.26,10.0,1,73.0,Monthly,Bank Transfer,1,0,134261.88
C100980,43.0,Male,Other,6,1201.74,7845.51,22.0,3,62.0,Monthly,Credit Card,0,0,40896.18
C100981,62.0,Male,Bengaluru,53,1342.75,76341.67,17.0,4,50.0,Quarterly,Credit Card,1,0,95721.35
C100982,44.0,Female,Bengaluru,17,1516.9,25336.88,15.0,1,53.0,Monthly,Wallet,0,0,52501.25
C100983,26.0,Female,Hyderabad,57,1858.615,130933.87,15.0,1,93.0,Monthly,Bank Transfer,0,0,141202.63
C100984,43.0,Male,Hyderabad,67,1656.47,112216.43,15.0,5,54.0,Monthly,Debit Card,0,0,118765.6
C100985,64.0,Male,Hyderabad,16,2249.39,32610.24,9.0,1,73.0,Monthly,Credit Card,0,0,67466.66
C100986,39.0,Female,Pune,52,1808.1,99394.71,9.0,1,80.0,Monthly,Debit Card,0,0,114587.38
C100987,64.0,Male,Pune,34,1756.85,57420.62,15.0,2,86.0,Monthly,Debit Card,0,0,92737.22
C100988,47.0,Female,Delhi,20,1879.22,36955.51,18.0,2,100.0,Monthly,Bank Transfer,0,0,83831.38
C100989,60.0,Male,Bengaluru,56,1775.64,101179.76,18.0,1,85.0,Monthly,Credit Card,1,0,122168.63
C100990,65.0,Female,Pune,51,787.38,44692.78,21.0,3,81.0,Monthly,UPI,0,0,66472.0
C100991,34.0,Female,Mumbai,53,1181.71,64299.7,21.0,1,100.0,Quarterly,Bank Transfer,1,0,94273.11
C100992,43.0,Female,Bengaluru,49,2872.18,133772.83,12.0,3,51.0,Monthly,Debit Card,0,0,159374.22
C100993,53.0,Male,Chennai,4,2109.66,7473.03,33.0,3,86.0,Monthly,Credit Card,1,0,71096.8
C100994,18.0,Male,Hyderabad,18,2971.47,51024.26,28.0,1,77.0,Monthly,Bank Transfer,1,0,108341.88
C100995,25.0,Male,Other,36,1473.91,54001.52,9.0,1,79.0,Annual,UPI,0,0,85894.21
C100996,66.0,Male,Mumbai,35,2047.16,72146.81,16.0,1,83.0,Annual,Credit Card,0,0,96847.26
C100997,52.0,Male,Delhi,30,1921.72,61791.21,9.0,1,72.0,Annual,UPI,1,0,83981.53
C100998,69.0,Male,Delhi,63,1370.91,76140.21,9.0,2,37.0,Annual,Bank Transfer,1,0,96546.29
C100999,32.0,Female,Delhi,21,707.13,16374.66,13.0,7,51.0,Quarterly,Credit Card,1,0,30138.67
C101000,64.0,Female,Hyderabad,52,1406.82,78922.62,23.0,1,79.0,Annual,Credit Card,1,0,108390.38
C101001,39.0,Male,Mumbai,69,2480.97,159877.35,7.0,3,40.0,Quarterly,Credit Card,0,0,170512.96
C101002,31.0,Male,Pune,41,1489.43,55254.98,32.0,3,50.0,Monthly,Wallet,0,0,83494.77
C101003,43.0,Other,Hyderabad,54,1595.06,90741.99,19.0,2,56.0,Monthly,Credit Card,0,0,102438.37
C101004,45.0,Male,Other,30,1793.95,54395.78,6.0,5,58.0,Quarterly,Credit Card,1,0,65314.97
C101005,40.0,Female,Chennai,56,2155.8,128589.95,19.0,0,57.0,Annual,Credit Card,0,0,149973.81
C101006,31.0,Male,Bengaluru,41,1604.16,60922.19,12.0,3,82.0,Monthly,Wallet,1,0,87183.61
C101007,41.0,Male,Mumbai,14,1547.24,22139.27,11.0,2,82.0,Monthly,Credit Card,0,0,64993.04
C101008,19.0,Male,Pune,21,2308.53,53228.33,23.0,4,100.0,Annual,UPI,0,0,95935.52
C101009,62.0,Male,Chennai,25,2859.09,79720.53,15.0,2,82.0,Quarterly,Credit Card,0,0,117966.74
C101010,43.0,Female,Delhi,50,1649.81,87453.19,13.0,1,51.0,Annual,Bank Transfer,0,0,94445.02
C101011,31.0,Female,Mumbai,53,1055.03,62506.28,17.0,2,72.0,Annual,UPI,1,0,82244.84
C101012,68.0,Male,Delhi,48,1392.34,74214.66,6.0,1,66.0,Monthly,Credit Card,0,0,79599.47
C101013,24.0,Female,Hyderabad,70,1735.18,135027.71,16.0,3,91.0,Monthly,Credit Card,1,0,128107.1
C101014,20.0,Male,Hyderabad,48,603.14,28346.09,29.0,4,95.0,Monthly,Debit Card,0,0,57825.28
C101015,64.0,Other,Hyderabad,4,2114.62,7697.64,1.0,3,71.0,Annual,Debit Card,0,0,62244.27
C101016,40.0,Other,Bengaluru,24,2172.37,47577.42,17.0,4,100.0,Monthly,Bank Transfer,1,0,72576.48
C101017,63.0,Male,Bengaluru,31,1128.78,31519.66,16.0,1,100.0,Monthly,Credit Card,0,0,67328.93
C101018,60.0,Male,Mumbai,29,1607.96,41038.43,13.0,2,54.0,Monthly,UPI,0,0,70182.59
C101019,64.0,Male,Chennai,5,2240.11,10920.31,1.0,1,39.0,Monthly,Credit Card,0,0,48088.15
C101020,62.0,Female,Hyderabad,67,1779.33,132699.39,11.0,2,38.0,Monthly,Debit Card,0,0,128738.27
C101021,35.0,Female,Hyderabad,53,2151.94,102489.46,19.0,3,89.0,Annual,Credit Card,1,0,143229.95
C101022,55.0,Female,Hyderabad,64,1732.25,111746.78,25.0,4,57.0,Quarterly,Debit Card,0,0,120555.38
C101023,52.0,Female,Bengaluru,35,2109.04,79574.37,11.0,2,60.0,Annual,Credit Card,1,0,100380.46
C101024,68.0,Male,Hyderabad,12,2826.43,37650.75,6.0,1,82.0,Monthly,UPI,1,0,80690.0
C101025,32.0,Male,Mumbai,47,2173.62,105946.36,19.0,2,100.0,Quarterly,Credit Card,0,0,138166.12
C101026,42.0,Female,Bengaluru,55,477.0,28757.06,20.0,3,67.0,Monthly,Bank Transfer,0,0,40219.53
C101027,54.0,Male,Mumbai,69,1858.615,130640.86,11.0,2,100.0,Monthly,Bank Transfer,0,0,146409.21
C101028,45.0,Female,Delhi,38,2946.92,105322.31,20.0,2,71.0,Monthly,Bank Transfer,1,0,125728.98
C101029,27.0,Male,Bengaluru,29,1831.73,47750.92,9.0,2,100.0,Quarterly,Wallet,0,0,104667.41
C101030,56.0,Male,Hyderabad,12,625.45,7230.3,15.0,3,49.0,Monthly,Bank Transfer,0,0,32499.01
C101031,34.0,Male,Bengaluru,19,1136.06,22036.25,17.0,1,76.0,Monthly,Credit Card,0,0,47261.04
C101032,56.0,Female,Hyderabad,9,1735.7,17429.24,8.0,4,61.0,Monthly,Debit Card,0,0,47942.72
C101033,39.0,Male,Hyderabad,29,1284.57,34642.52,15.0,4,90.0,Monthly,UPI,1,1,54022.27
C101034,43.0,Female,Pune,3,2853.98,8664.72,13.0,1,61.0,Monthly,Debit Card,0,0,60273.37
C101035,61.0,Female,Bengaluru,30,1108.65,33594.35,4.0,4,81.0,Monthly,Wallet,0,0,59388.33
C101036,42.0,Female,Other,58,1770.0,93831.22,10.0,3,81.0,Monthly,Debit Card,0,0,123043.89
C101037,34.0,Female,Hyderabad,53,1796.29,84383.4,15.0,3,100.0,Monthly,UPI,1,0,122187.89
C101038,30.0,Male,Pune,4,2806.08,12468.72,19.0,3,48.0,Monthly,UPI,0,1,43693.58
C101039,37.0,Female,Delhi,57,1992.49,126152.92,13.0,1,83.0,Annual,Wallet,0,0,141648.26
C101040,42.0,Male,Bengaluru,54,2539.54,132938.33,20.0,0,100.0,Monthly,UPI,0,0,164178.96
C101041,21.0,Male,Bengaluru,28,1635.13,42524.39,22.0,1,93.0,Monthly,Debit Card,0,0,83959.72
C101042,27.0,Male,Mumbai,16,1720.53,29541.92,15.0,1,100.0,Monthly,Credit Card,0,0,66608.1
C101043,20.0,Female,Pune,13,1557.98,18571.19,15.0,3,60.0,Quarterly,Bank Transfer,0,0,68342.4
C101044,58.0,Female,Chennai,72,668.48,52200.95,21.0,1,44.0,Quarterly,Bank Transfer,0,0,63861.61
C101045,62.0,Female,Hyderabad,56,2454.42,135424.78,15.0,2,89.0,Monthly,Bank Transfer,1,0,140016.37
C101046,35.0,Female,Bengaluru,53,2267.81,108818.51,10.0,0,86.0,Quarterly,UPI,0,0,127980.94
C101047,64.0,Female,Hyderabad,48,2038.69,108979.07,19.0,5,49.0,Annual,Debit Card,0,0,108827.38
C101048,53.0,Male,Other,25,1746.13,38922.84,12.0,6,66.0,Annual,UPI,1,0,70319.62
C101049,64.0,Female,Delhi,66,1858.615,64062.8,10.0,0,62.0,Monthly,Bank Transfer,1,0,77232.44
C101050,39.0,Male,Hyderabad,30,1696.61,52270.33,7.0,1,67.0,Annual,Credit Card,1,0,71383.59
C101051,51.0,Other,Bengaluru,3,1777.72,4946.61,12.0,1,65.0,Quarterly,UPI,1,1,44285.77
C101052,64.0,Female,Hyderabad,23,2005.34,47568.61,5.0,1,67.0,Quarterly,Debit Card,0,0,75948.74
C101053,25.0,Female,Pune,29,2103.79,61208.04,27.0,4,72.0,Quarterly,UPI,0,0,96197.98
C101054,57.0,Female,Kolkata,41,1457.18,60538.45,15.0,3,90.0,Annual,UPI,0,0,81753.75
C101055,66.0,Male,Hyderabad,11,1484.58,15739.32,8.0,3,56.0,Annual,UPI,1,0,37794.41
C101056,61.0,Female,Chennai,21,1752.85,40452.13,16.0,1,100.0,Monthly,Credit Card,0,0,91054.04
C101057,36.0,Male,Other,24,1578.22,40574.53,16.0,2,70.0,Monthly,Credit Card,0,0,74604.84
C101058,59.0,Female,Hyderabad,65,2489.88,158335.82,27.0,1,83.0,Annual,Bank Transfer,0,0,176183.74
C101059,58.0,Female,Bengaluru,1,888.0,927.82,21.0,1,77.0,Monthly,Wallet,0,0,35766.92
C101060,54.0,Female,Bengaluru,54,2175.12,111542.46,9.0,1,63.0,Monthly,Credit Card,0,0,125280.53
C101061,23.0,Female,Hyderabad,72,1839.29,145145.32,9.0,5,66.0,Monthly,Credit Card,1,0,128280.77
C101062,69.0,Male,Hyderabad,34,1398.06,47976.64,21.0,3,39.0,Quarterly,UPI,0,0,67167.71
C101063,43.0,Male,Other,68,2008.99,138308.77,13.0,2,60.0,Quarterly,Debit Card,0,0,146537.81
C101064,51.0,Female,Mumbai,29,2184.66,55926.16,4.0,1,100.0,Monthly,Credit Card,0,0,99135.1
C101065,62.0,Male,Bengaluru,3,563.12,1746.36,12.0,0,77.0,Quarterly,UPI,0,0,32851.02
C101066,23.0,Male,Bengaluru,11,3316.73,32348.4,14.0,4,68.0,Annual,UPI,0,0,88906.9
C101067,54.0,Female,Delhi,8,1771.94,14808.29,20.0,4,98.0,Monthly,Credit Card,1,0,44793.81
C101068,50.0,Female,Bengaluru,62,2099.61,128824.53,15.0,1,63.0,Monthly,Wallet,1,0,134698.68
C101069,44.0,Female,Bengaluru,33,2332.0,77268.13,8.0,2,82.0,Annual,Debit Card,0,0,107597.87
C101070,39.0,Male,Hyderabad,8,2158.8,19097.45,18.0,2,100.0,Annual,Debit Card,0,0,72366.0
C101071,38.0,Female,Delhi,25,1460.77,40204.26,16.0,4,79.0,Monthly,Debit Card,1,0,67094.36
C101072,23.0,Male,Hyderabad,26,1859.93,43188.23,1.0,4,25.0,Quarterly,UPI,1,0,45603.6
C101073,23.0,Female,Hyderabad,26,1802.39,51915.11,19.0,2,66.0,Quarterly,Bank Transfer,1,0,70069.51
C101074,65.0,Male,Chennai,17,1984.63,30421.97,7.0,1,78.0,Monthly,Debit Card,0,0,63295.96
C101075,21.0,Female,Hyderabad,29,3045.16,84155.85,13.0,3,83.0,Annual,Credit Card,0,0,123422.93
C101076,47.0,Female,Other,43,1601.91,70028.46,11.0,4,86.0,Monthly,Credit Card,1,0,84472.03
C101077,28.0,Male,Delhi,5,1203.34,6309.01,1.0,4,29.0,Quarterly,Credit Card,0,0,29111.08
C101078,47.0,Female,Hyderabad,50,1829.0,98521.45,17.0,2,83.0,Monthly,UPI,1,0,119583.97
C101079,48.0,Female,Hyderabad,56,1571.83,88394.35,5.0,3,60.0,Annual,UPI,0,0,100863.95
C101080,41.0,Male,Mumbai,63,1077.43,64942.25,12.0,4,66.0,Monthly,Debit Card,0,0,88312.18
C101081,26.0,Female,Bengaluru,57,1317.87,75853.97,13.0,3,56.0,Monthly,Wallet,0,0,94384.67
C101082,20.0,Male,Pune,45,893.7,36236.8,4.0,1,85.0,Monthly,UPI,0,0,61837.06
C101083,68.0,Female,Mumbai,37,964.25,32375.02,21.0,2,85.0,Monthly,Debit Card,1,0,65666.94
C101084,48.0,Female,Chennai,72,2999.47,223267.26,12.0,0,84.0,Annual,Credit Card,1,0,213824.75
C101085,57.0,Male,Other,36,2485.74,86504.62,12.0,0,93.0,Monthly,UPI,0,0,107760.19
C101086,54.0,Female,Chennai,33,1778.58,52309.03,16.0,1,55.0,Quarterly,UPI,0,0,83152.32
C101087,53.0,Male,Chennai,6,1346.01,8245.33,12.0,0,91.0,Annual,UPI,0,0,56207.47
C101088,41.0,Male,Delhi,71,579.83,45607.2,8.0,2,89.0,Quarterly,UPI,0,0,44690.34
C101089,48.0,Female,Pune,45,1616.49,70295.28,7.0,4,62.0,Monthly,Credit Card,0,0,82925.65
C101090,23.0,Female,Delhi,7,2472.08,17477.72,28.0,4,100.0,Annual,Credit Card,0,0,74317.55
C101091,19.0,Male,Delhi,65,1721.65,124317.3,15.0,2,70.0,Monthly,Bank Transfer,1,0,103168.6
C101092,37.0,Male,Bengaluru,24,2412.13,54388.72,10.0,4,32.0,Monthly,Bank Transfer,0,0,101003.24
C101093,45.0,Male,Chennai,45,1521.08,73579.29,17.0,2,82.0,Monthly,Bank Transfer,0,0,84815.95
C101094,28.0,Other,Hyderabad,61,1612.64,92939.76,22.0,2,58.0,Quarterly,Wallet,1,0,112794.57
C101095,21.0,Male,Delhi,19,2149.93,44365.81,35.0,1,86.0,Quarterly,Credit Card,1,0,79420.9
C101096,32.0,Male,Bengaluru,32,930.29,27554.55,15.0,5,100.0,Monthly,Debit Card,1,0,54320.83
C101097,23.0,Male,Hyderabad,30,1930.94,53752.11,12.0,3,68.0,Monthly,Bank Transfer,0,0,93267.49
C101098,66.0,Male,Other,65,1899.68,109432.67,1.0,1,96.0,Quarterly,Wallet,1,0,128199.8
C101099,47.0,Male,Bengaluru,32,1649.18,48546.58,14.0,4,62.0,Monthly,Credit Card,0,0,79997.54
C101100,55.0,Male,Hyderabad,57,2670.15,147146.82,11.0,7,80.0,Monthly,Debit Card,0,0,154519.04
C101101,68.0,Male,Bengaluru,20,2497.87,50245.81,15.0,2,79.0,Annual,Credit Card,0,0,92358.95
C101102,19.0,Male,Bengaluru,30,770.62,25278.2,16.0,1,70.0,Monthly,Bank Transfer,1,0,50253.46
C101103,32.0,Female,Chennai,59,1552.05,94422.93,24.0,2,75.0,Monthly,UPI,0,0,115437.03
C101104,28.0,Male,Hyderabad,62,1597.01,97887.26,17.0,1,52.0,Annual,UPI,1,0,104438.78
C101105,25.0,Female,Hyderabad,67,1723.86,127514.5,16.0,0,85.0,Monthly,Debit Card,0,0,123676.77
C101106,43.0,Female,Bengaluru,31,1157.86,34788.55,16.0,2,97.0,Quarterly,Debit Card,0,0,68806.36
C101107,68.0,Female,Bengaluru,66,1363.48,81492.73,15.0,2,19.0,Annual,Credit Card,0,0,89282.12
C101108,62.0,Female,Hyderabad,54,1690.96,101093.24,24.0,1,98.0,Monthly,Debit Card,0,0,122632.47
C101109,61.0,Male,Chennai,10,2102.35,21592.84,17.0,1,50.0,Annual,Wallet,1,0,67463.5
C101110,22.0,Male,Bengaluru,38,1515.27,62286.78,21.0,6,99.0,Annual,Credit Card,1,0,94636.22
C101111,23.0,Male,Hyderabad,31,1190.26,33051.56,14.0,1,50.0,Monthly,Debit Card,1,0,49783.85
C101112,43.0,Male,Kolkata,29,770.67,24755.93,7.0,3,71.0,Monthly,Bank Transfer,0,0,48155.71
C101113,21.0,Female,Kolkata,25,2257.07,62926.51,9.0,2,29.0,Annual,Debit Card,0,0,81750.29
C101114,36.0,Female,Hyderabad,32,1544.6,43634.52,15.0,3,64.0,Quarterly,Wallet,1,0,76803.56
C101115,37.0,Female,Hyderabad,17,1412.11,24474.19,28.0,1,100.0,Monthly,Debit Card,1,0,70488.65
C101116,50.0,Male,Mumbai,45,2591.67,114221.65,9.0,2,81.0,Annual,Bank Transfer,1,0,128597.38
C101117,37.0,Female,Delhi,49,399.0,19599.23,7.0,4,79.0,Monthly,Bank Transfer,0,0,40855.4
C101118,66.0,Male,Other,18,2141.4,35574.48,20.0,2,75.0,Quarterly,Credit Card,0,0,81343.27
C101119,29.0,Female,Bengaluru,52,2973.88,164565.2,12.0,3,74.0,Annual,Debit Card,0,0,172701.28
C101120,64.0,Male,Mumbai,20,440.29,8304.51,3.0,4,97.0,Monthly,Debit Card,0,0,29899.48
C101121,18.0,Female,Kolkata,62,778.99,49769.84,7.0,3,64.0,Annual,Debit Card,0,0,53223.72
C101122,43.0,Male,Chennai,13,856.15,10102.06,14.0,2,72.0,Monthly,Debit Card,0,0,44731.57
C101123,31.0,Female,Hyderabad,43,1016.62,44237.23,31.0,1,100.0,Quarterly,Bank Transfer,0,0,77803.57
C101124,55.0,Female,Bengaluru,21,2450.22,50584.92,26.0,2,79.0,Monthly,Credit Card,0,0,94524.8
C101125,54.0,Female,Hyderabad,6,1625.01,8839.33,10.0,5,60.0,Monthly,Credit Card,0,0,43747.86
C101126,28.0,Male,Hyderabad,71,3120.29,197317.05,6.0,2,61.0,Monthly,Credit Card,0,0,215943.7
C101127,53.0,Female,Pune,53,1556.89,89514.01,12.0,2,67.0,Monthly,UPI,0,0,110823.04
C101128,30.0,Female,Bengaluru,52,1609.5,84512.83,14.0,1,48.0,Quarterly,Bank Transfer,0,0,93456.35
C101129,60.0,Male,Hyderabad,69,2662.01,191382.26,15.0,0,37.0,Quarterly,Debit Card,0,0,198069.04
C101130,20.0,Male,Kolkata,9,399.0,3749.27,11.0,5,69.0,Annual,Credit Card,0,0,26433.68
C101131,50.0,Male,Chennai,46,1871.09,81579.2,11.0,1,78.0,Monthly,Credit Card,0,0,98532.44
C101132,23.0,Male,Bengaluru,71,2403.63,179983.13,20.0,2,95.0,Annual,Credit Card,1,0,173841.11
C101133,67.0,Female,Bengaluru,30,2524.93,67355.99,12.0,6,48.0,Monthly,UPI,0,0,99967.92
C101134,27.0,Female,Bengaluru,43,2381.42,91964.41,13.0,1,100.0,Monthly,Debit Card,0,0,135849.26
C101135,22.0,Male,Hyderabad,59,1970.45,106630.97,17.0,2,34.0,Monthly,Bank Transfer,0,0,119623.84
C101136,40.0,Female,Pune,38,2892.19,110966.69,21.0,5,93.0,Annual,Credit Card,0,0,139772.52
C101137,27.0,Female,Hyderabad,34,2689.04,99293.53,17.0,2,75.0,Monthly,Wallet,0,0,127520.25
C101138,61.0,Male,Mumbai,46,2222.33,101290.84,18.0,3,71.0,Monthly,Debit Card,0,0,122284.39
C101139,19.0,Female,Hyderabad,32,1142.37,38414.9,27.0,2,58.0,Monthly,Bank Transfer,0,0,60064.35
C101140,30.0,Female,Other,16,1898.67,29092.98,13.0,4,67.0,Monthly,Wallet,0,0,69753.18
C101141,57.0,Female,Mumbai,39,2583.8,94739.07,19.0,6,69.0,Annual,Wallet,0,0,131513.37
C101142,19.0,Male,Kolkata,1,1619.39,1741.91,10.0,2,92.0,Monthly,Bank Transfer,1,0,42923.7
C101143,37.0,Female,Chennai,57,2254.11,121524.19,15.0,2,57.0,Monthly,Credit Card,0,0,144146.85
C101144,18.0,Male,Pune,20,2005.7,39339.01,12.0,0,57.0,Annual,Credit Card,1,0,72905.67
C101145,54.0,Female,Pune,42,1680.69,76389.09,16.0,4,82.0,Annual,UPI,0,0,90641.83
C101146,26.0,Male,Delhi,72,1897.3,139865.07,22.0,3,70.0,Monthly,Bank Transfer,1,0,155809.62
C101147,34.0,Female,Hyderabad,34,910.28,31691.36,9.0,3,46.0,Quarterly,Credit Card,0,0,55991.88
C101148,26.0,Male,Hyderabad,50,1964.29,88655.81,24.0,5,38.0,Monthly,Wallet,0,1,104758.64
C101149,28.0,Male,Hyderabad,11,1334.61,13833.33,14.0,1,100.0,Quarterly,UPI,0,0,53472.27
C101150,32.0,Female,Hyderabad,43,2175.71,90537.98,15.0,2,77.0,Quarterly,Credit Card,0,0,108787.97
C101151,41.0,Male,Delhi,10,1061.48,10579.58,10.0,1,100.0,Monthly,Credit Card,0,0,44280.5
C101152,55.0,Female,Mumbai,8,3295.01,26987.48,4.0,1,70.0,Annual,Credit Card,1,0,74372.53
C101153,52.0,Female,Mumbai,72,1134.97,72809.25,15.0,6,90.0,Monthly,Credit Card,1,0,82169.75
C101154,47.0,Female,Bengaluru,19,2356.86,49534.2,19.0,1,100.0,Quarterly,UPI,1,0,100660.65
C101155,48.0,Male,Hyderabad,65,1952.84,139388.6,7.0,3,89.0,Annual,Credit Card,0,0,147324.57
C101156,66.0,Female,Hyderabad,55,2138.49,127509.0,18.0,0,100.0,Monthly,UPI,0,0,141012.28
C101157,22.0,Female,Chennai,52,2276.1,120190.42,7.0,3,99.0,Monthly,UPI,0,0,143463.03
C101158,61.0,Female,Pune,3,1670.12,5181.39,5.0,3,46.0,Monthly,Bank Transfer,1,1,42063.7
C101159,67.0,Male,Bengaluru,53,1942.38,109183.58,15.0,2,67.0,Annual,UPI,0,0,120423.91
C101160,31.0,Male,Delhi,44,1927.59,78276.76,11.0,4,98.0,Annual,UPI,0,0,105399.26
C101161,70.0,Female,Mumbai,48,525.75,28013.18,23.0,0,64.0,Monthly,Bank Transfer,0,0,53398.98
C101162,28.0,Male,Kolkata,54,2342.12,132578.69,22.0,1,78.0,Monthly,Debit Card,0,0,142378.22
C101163,26.0,Male,Bengaluru,16,1827.08,26458.35,12.0,1,70.0,Monthly,Credit Card,1,0,65850.76
C101164,51.0,Male,Chennai,30,1579.0,47932.59,22.0,3,76.0,Quarterly,Bank Transfer,1,0,71150.19
C101165,29.0,Female,Hyderabad,28,1714.62,44885.26,16.0,2,81.0,Quarterly,Credit Card,1,0,76515.2
C101166,52.0,Female,Bengaluru,16,1512.28,22695.61,6.0,1,66.0,Monthly,Credit Card,1,0,48429.12
C101167,52.0,Female,Mumbai,51,473.89,25421.28,13.0,1,58.0,Monthly,Debit Card,0,0,47285.3
C101168,18.0,Male,Delhi,33,1515.35,49103.91,11.0,2,79.0,Monthly,Debit Card,0,0,70430.14
C101169,57.0,Male,Hyderabad,25,1795.19,40693.73,19.0,3,73.0,Monthly,UPI,0,0,75350.04
C101170,39.0,Other,Hyderabad,18,1272.48,20992.78,8.0,0,95.0,Monthly,Credit Card,0,0,60752.16
C101171,46.0,Other,Delhi,26,1833.35,42963.19,12.0,1,67.0,Monthly,Debit Card,0,0,71648.86
C101172,25.0,Female,Chennai,6,2351.34,12517.66,18.0,1,88.0,Quarterly,Bank Transfer,1,0,57811.92
C101173,28.0,Female,Mumbai,38,1412.97,58103.82,14.0,1,67.0,Monthly,UPI,0,0,77013.44
C101174,58.0,Male,Pune,44,864.65,33995.57,20.0,6,34.0,Monthly,UPI,0,0,56019.04
C101175,54.0,Female,Mumbai,67,1832.43,122637.33,16.0,1,86.0,Quarterly,Credit Card,0,0,139166.94
C101176,31.0,Male,Delhi,43,2327.24,88844.12,7.0,2,100.0,Annual,Debit Card,1,0,116239.88
C101177,47.0,Male,Delhi,6,2915.87,18511.4,18.0,1,78.0,Monthly,Credit Card,0,0,70625.8
C101178,52.0,Female,Pune,64,1484.46,84867.81,24.0,3,93.0,Monthly,UPI,0,1,121944.14
C101179,38.0,Male,Delhi,13,2072.17,24086.43,15.0,5,76.0,Annual,UPI,0,0,57138.01
C101180,54.0,Male,Hyderabad,65,2589.14,162747.54,17.0,1,74.0,Monthly,UPI,0,0,189204.59
C101181,22.0,Male,Bengaluru,38,1241.35,45598.21,8.0,4,100.0,Monthly,Bank Transfer,0,0,56662.54
C101182,36.0,Male,Other,64,2411.57,145715.6,10.0,2,86.0,Annual,Credit Card,0,0,170087.5
C101183,31.0,Female,Hyderabad,14,2140.07,33164.86,27.0,1,75.0,Quarterly,Debit Card,0,0,84461.14
C101184,43.0,Male,Mumbai,17,2201.72,35868.46,24.0,0,60.0,Quarterly,UPI,0,0,85848.23
C101185,21.0,Male,Pune,13,1419.04,16769.16,17.0,2,100.0,Monthly,UPI,0,0,58630.63
C101186,42.0,Male,Mumbai,6,1202.37,8009.82,15.0,2,77.0,Monthly,Credit Card,0,0,42410.96
C101187,62.0,Male,Bengaluru,6,1634.02,10096.1,19.0,0,95.0,Monthly,Credit Card,1,0,58538.62
C101188,59.0,Male,Hyderabad,37,1791.78,58344.49,7.0,4,43.0,Monthly,Bank Transfer,1,0,81243.91
C101189,42.0,Female,Bengaluru,57,929.59,50915.84,23.0,2,29.0,Monthly,UPI,0,0,54867.22
C101190,35.0,Male,Hyderabad,53,2138.03,124210.5,20.0,4,56.0,Monthly,Debit Card,0,0,126438.07
C101191,57.0,Female,Other,46,2345.82,109636.64,12.0,2,84.0,Monthly,Bank Transfer,0,0,133605.16
C101192,25.0,Other,Delhi,4,987.95,3779.06,15.0,1,60.0,Quarterly,Credit Card,1,0,30333.11
C101193,56.0,Female,Pune,34,2634.29,82349.47,14.0,4,47.0,Annual,Bank Transfer,1,0,114907.5
C101194,57.0,Male,Chennai,66,1041.49,72232.44,11.0,1,70.0,Quarterly,Credit Card,1,0,87936.08
C101195,31.0,Male,Hyderabad,63,1576.27,100632.14,13.0,1,70.0,Annual,UPI,0,0,106180.33
C101196,49.0,Female,Bengaluru,61,1817.6,118504.12,19.0,3,96.0,Monthly,UPI,0,0,127760.95
C101197,68.0,Female,Bengaluru,42,1862.95,80061.82,16.0,6,70.0,Monthly,UPI,1,0,98768.26
C101198,55.0,Female,Mumbai,64,2680.23,184023.69,14.0,0,100.0,Monthly,Credit Card,1,0,194760.36
C101199,50.0,Female,Chennai,17,2212.02,35455.93,20.0,4,97.0,Monthly,UPI,0,0,89521.41
C101200,40.0,Female,Chennai,61,1979.7,111619.4,24.0,5,60.0,Quarterly,Credit Card,0,0,131626.77
C101201,32.0,Female,Mumbai,30,1613.81,49698.76,10.0,4,100.0,Annual,Credit Card,0,0,74989.52
C101202,50.0,Female,Other,43,1725.46,78255.66,27.0,0,100.0,Annual,Credit Card,0,0,113609.25
C101203,42.0,Male,Bengaluru,7,1175.29,9157.85,22.0,1,75.0,Monthly,UPI,1,0,47077.91
C101204,34.0,Female,Mumbai,46,1739.0,82307.52,24.0,5,100.0,Annual,Debit Card,0,0,117810.03
C101205,50.0,Female,Bengaluru,23,2921.59,70920.9,35.0,2,100.0,Monthly,Credit Card,1,0,115449.22
C101206,64.0,Male,Chennai,36,1727.26,60259.86,20.0,6,92.0,Monthly,Debit Card,0,0,95113.02
C101207,19.0,Female,Hyderabad,14,1918.37,28149.53,4.0,2,66.0,Monthly,Credit Card,0,0,56999.05
C101208,31.0,Female,Mumbai,20,1513.78,32260.97,10.0,2,70.0,Quarterly,UPI,1,0,57901.25
C101209,70.0,Female,Bengaluru,56,1441.42,78399.38,5.0,2,42.0,Annual,UPI,1,0,79424.8
C101210,57.0,Female,Hyderabad,32,1895.84,66086.75,24.0,2,100.0,Monthly,Debit Card,1,0,93230.15
C101211,57.0,Male,Pune,25,1897.09,48737.98,24.0,4,94.0,Monthly,Bank Transfer,0,0,83826.17
C101212,68.0,Female,Hyderabad,49,2554.39,111073.87,27.0,2,72.0,Monthly,UPI,0,0,146214.16
C101213,56.0,Female,Bengaluru,57,1481.79,79346.75,20.0,2,49.0,Monthly,Bank Transfer,0,0,101761.76
C101214,68.0,Female,Chennai,27,1764.22,50164.21,26.0,6,49.0,Annual,UPI,0,0,79622.89
C101215,23.0,Male,Chennai,27,1546.22,41863.64,4.0,3,50.0,Annual,Debit Card,0,0,61482.49
C101216,23.0,Male,Delhi,46,2193.27,99465.03,15.0,5,74.0,Annual,UPI,0,0,125662.81
C101217,20.0,Female,Mumbai,45,2496.55,125000.0,9.0,2,84.0,Monthly,Credit Card,0,0,147552.82
C101218,24.0,Male,Bengaluru,26,2471.73,62734.0,4.0,1,92.0,Monthly,UPI,0,0,101299.86
C101219,68.0,Male,Hyderabad,14,3164.21,40264.83,27.0,3,98.0,Annual,Wallet,1,0,100255.02
C101220,25.0,Female,Pune,48,1226.32,56953.55,7.0,3,94.0,Annual,Credit Card,0,0,79015.38
C101221,59.0,Male,Bengaluru,15,2015.85,33609.62,13.0,3,75.0,Monthly,Debit Card,0,0,78960.05
C101222,69.0,Male,Kolkata,51,2341.02,130728.61,18.0,5,74.0,Annual,Debit Card,1,1,135643.85
C101223,32.0,Male,Chennai,54,840.49,49110.13,10.0,1,72.0,Monthly,UPI,0,0,69638.5
C101224,64.0,Male,Delhi,11,2673.72,31386.79,1.0,6,32.0,Annual,UPI,0,0,45429.13
C101225,46.0,Female,Other,28,399.0,11256.61,16.0,2,97.0,Monthly,Credit Card,0,0,34266.65
C101226,50.0,Male,Delhi,55,1892.59,100376.56,11.0,2,56.0,Annual,Debit Card,1,0,111868.63
C101227,69.0,Male,Chennai,69,726.89,53579.7,27.0,1,70.0,Monthly,UPI,1,0,67851.66
C101228,47.0,Female,Mumbai,72,3762.33,252581.55,17.0,5,68.0,Monthly,UPI,0,0,255929.69
C101229,56.0,Female,Mumbai,26,1725.52,44255.54,19.0,1,100.0,Monthly,UPI,0,0,83084.92
C101230,44.0,Female,Mumbai,70,2417.4,183168.94,1.0,2,44.0,Monthly,Debit Card,1,1,153560.71
C101231,53.0,Male,Hyderabad,32,1817.3,56190.21,18.0,3,76.0,Monthly,UPI,1,0,86370.19
C101232,46.0,Male,Delhi,48,1340.13,67721.11,14.0,3,71.0,Quarterly,Credit Card,1,0,88062.97
C101233,55.0,Female,Hyderabad,12,2519.66,29856.69,25.0,5,72.0,Monthly,Debit Card,0,0,71116.14
C101234,50.0,Male,Hyderabad,70,1778.31,113737.4,10.0,5,84.0,Quarterly,Debit Card,1,0,138106.16
C101235,54.0,Female,Delhi,61,1031.24,62379.11,18.0,2,44.0,Monthly,UPI,0,0,80826.77
C101236,44.0,Male,Hyderabad,34,1388.55,41548.02,7.0,2,95.0,Monthly,Credit Card,1,0,57564.74
C101237,50.0,Male,Pune,45,1147.68,54942.29,4.0,3,66.0,Quarterly,Credit Card,0,0,74140.5
C101238,21.0,Female,Kolkata,60,1741.97,97390.95,12.0,3,73.0,Monthly,Bank Transfer,0,0,120388.44
C101239,39.0,Female,Other,65,1867.41,117630.36,12.0,1,98.0,Annual,Credit Card,0,0,141108.89
C101240,19.0,Female,Delhi,71,1915.32,131069.53,8.0,2,92.0,Annual,Wallet,0,0,149242.44
C101241,27.0,Male,Mumbai,13,2109.68,27400.67,14.0,3,60.0,Quarterly,Wallet,1,0,63577.66
C101242,22.0,Male,Bengaluru,48,3543.54,180104.26,18.0,4,33.0,Monthly,UPI,0,0,186621.46
C101243,27.0,Female,Mumbai,49,1848.02,93926.14,22.0,2,78.0,Monthly,UPI,0,0,111063.53
C101244,50.0,Female,Hyderabad,58,1520.35,91235.28,1.0,1,60.0,Annual,UPI,1,0,99471.96
C101245,55.0,Male,Bengaluru,70,3272.48,254308.45,15.0,1,60.0,Monthly,Credit Card,1,0,225592.17
C101246,30.0,Male,Delhi,61,3010.02,164825.17,1.0,2,70.0,Annual,UPI,0,0,181286.01
C101247,48.0,Male,Hyderabad,26,2157.79,51503.3,25.0,0,90.0,Monthly,Bank Transfer,0,0,98421.01
C101248,64.0,Other,Bengaluru,39,1889.24,65821.67,23.0,2,72.0,Monthly,UPI,0,0,101411.67
C101249,53.0,Female,Pune,58,2056.92,113162.63,14.0,1,78.0,Quarterly,Bank Transfer,0,0,137903.4
C101250,62.0,Female,Hyderabad,27,527.51,13072.45,8.0,3,93.0,Annual,Bank Transfer,0,0,40774.23
C101251,41.0,Male,Bengaluru,40,761.92,29304.62,14.0,1,100.0,Monthly,Credit Card,1,0,52541.64
C101252,69.0,Female,Hyderabad,31,2368.08,74630.35,5.0,2,50.0,Monthly,UPI,1,0,98717.14
C101253,32.0,Male,Delhi,3,2988.45,8188.01,27.0,4,100.0,Annual,UPI,1,0,61342.97
C101254,46.0,Female,Mumbai,15,625.47,8533.6,7.0,2,60.0,Monthly,Bank Transfer,1,0,30402.8
C101255,25.0,Female,Delhi,54,1230.22,68254.73,20.0,4,56.0,Monthly,Credit Card,0,0,91759.33
C101256,22.0,Male,Hyderabad,70,1368.06,89886.26,11.0,3,85.0,Monthly,UPI,0,0,102224.26
C101257,46.0,Male,Delhi,11,1190.58,12375.59,18.0,3,56.0,Monthly,Debit Card,1,0,40854.54
C101258,64.0,Male,Mumbai,30,2247.8,64047.01,12.0,3,36.0,Annual,Debit Card,0,0,79045.38
C101259,21.0,Male,Bengaluru,35,2534.2,83110.14,21.0,1,72.0,Annual,Credit Card,0,0,118305.05
C101260,29.0,Female,Chennai,43,1137.61,50058.51,23.0,4,66.0,Monthly,Wallet,0,0,70773.28
C101261,62.0,Female,Mumbai,61,876.84,48819.18,12.0,0,75.0,Monthly,UPI,0,0,73939.68
C101262,19.0,Female,Mumbai,40,1036.13,39222.9,18.0,1,78.0,Monthly,UPI,1,0,67455.41
C101263,44.0,Female,Delhi,42,1505.14,70528.0,28.0,3,99.0,Monthly,Credit Card,1,0,107327.24
C101264,48.0,Female,Hyderabad,42,2832.44,115819.95,15.0,1,37.0,Monthly,UPI,1,0,122572.41
C101265,68.0,Male,Mumbai,3,1843.42,5552.39,18.0,3,69.0,Quarterly,Wallet,0,0,59141.24
C101266,68.0,Male,Chennai,21,3053.8,60782.83,20.0,2,37.0,Monthly,Credit Card,0,0,97458.07
C101267,53.0,Other,Chennai,53,2315.05,129793.9,7.0,2,76.0,Quarterly,Wallet,1,0,127784.97
C101268,53.0,Male,Chennai,44,1643.25,72852.7,4.0,1,85.0,Annual,Debit Card,0,0,85500.68
C101269,43.0,Female,Kolkata,46,2137.96,96126.7,15.0,1,67.0,Annual,Wallet,0,0,119586.66
C101270,60.0,Male,Pune,37,1458.78,60172.44,12.0,4,58.0,Monthly,UPI,1,0,65521.69
C101271,44.0,Female,Delhi,38,1088.75,36683.83,8.0,0,43.0,Monthly,Debit Card,0,0,57847.84
C101272,22.0,Female,Delhi,38,1600.13,56425.16,1.0,5,91.0,Monthly,Debit Card,1,0,80149.78
C101273,37.0,Male,Hyderabad,11,2564.16,31154.98,13.0,1,91.0,Annual,Debit Card,0,0,71406.08
C101274,28.0,Male,Pune,45,1675.12,84338.05,14.0,2,89.0,Annual,Debit Card,1,0,95393.18
C101275,27.0,Female,Mumbai,64,1895.47,122269.44,19.0,1,92.0,Annual,UPI,1,0,134637.78
C101276,57.0,Male,Bengaluru,44,1415.86,68381.51,14.0,3,78.0,Quarterly,Credit Card,1,0,81647.72
C101277,55.0,Male,Hyderabad,62,2678.41,173900.11,4.0,1,100.0,Monthly,Wallet,1,0,191100.06
C101278,23.0,Female,Hyderabad,61,1933.22,130757.37,13.0,0,89.0,Annual,UPI,1,1,130962.42
C101279,25.0,Male,Hyderabad,12,1841.79,21596.66,8.0,0,57.0,Annual,Wallet,0,0,50013.39
C101280,40.0,Female,Hyderabad,9,1857.17,17158.38,20.0,1,40.0,Annual,UPI,1,0,50640.3
C101281,64.0,Female,Hyderabad,67,2012.86,145929.67,25.0,4,24.0,Monthly,UPI,0,0,141083.45
C101282,43.0,Male,Delhi,2,1856.74,3420.8,15.0,2,66.0,Monthly,Credit Card,0,0,45764.37
C101283,63.0,Female,Bengaluru,8,2425.65,17803.17,12.0,1,84.0,Monthly,UPI,1,0,65400.45
C101284,60.0,Female,Bengaluru,43,1800.86,75893.4,16.0,4,94.0,Annual,UPI,1,0,102161.45
C101285,29.0,Male,Pune,18,3202.96,52546.76,25.0,2,75.0,Annual,Bank Transfer,1,0,93766.28
C101286,43.0,Male,Hyderabad,52,1329.25,64977.63,1.0,2,39.0,Monthly,Debit Card,0,0,72400.71
C101287,30.0,Male,Pune,39,1879.14,76250.09,9.0,1,39.0,Quarterly,UPI,1,0,77177.94
C101288,57.0,Male,Delhi,31,2105.34,60064.43,9.0,3,68.0,Monthly,UPI,0,0,91088.81
C101289,35.0,Male,Bengaluru,14,1787.36,26078.3,16.0,3,76.0,Monthly,UPI,0,0,67121.92
C101290,42.0,Male,Hyderabad,64,1809.34,113423.76,18.0,6,22.0,Monthly,Credit Card,1,0,107899.85
C101291,50.0,Male,Hyderabad,44,1227.82,60385.39,17.0,0,74.0,Monthly,UPI,0,0,85542.22
C101292,64.0,Female,Bengaluru,60,2237.2,145423.71,16.0,0,93.0,Monthly,Bank Transfer,0,0,157755.84
C101293,57.0,Female,Hyderabad,2,1903.6,4077.01,15.0,4,76.0,Monthly,Bank Transfer,0,1,41484.86
C101294,60.0,Female,Bengaluru,32,2067.93,62946.72,11.0,0,70.0,Annual,UPI,0,0,94563.42
C101295,29.0,Female,Hyderabad,36,564.56,21743.46,16.0,1,79.0,Monthly,Wallet,0,0,40247.85
C101296,61.0,Female,Mumbai,55,2417.95,129786.31,1.0,3,73.0,Annual,Bank Transfer,1,0,142318.1
C101297,53.0,Female,Hyderabad,63,2207.17,141469.0,9.0,1,72.0,Quarterly,UPI,0,0,148053.17
C101298,65.0,Female,Pune,69,399.0,27282.02,15.0,4,100.0,Annual,UPI,0,0,54445.66
C101299,21.0,Male,Hyderabad,40,2465.82,105049.38,6.0,2,79.0,Annual,UPI,1,0,111419.43
C101300,22.0,Female,Pune,24,1650.14,40038.74,7.0,3,68.0,Monthly,Credit Card,0,0,64255.57
C101301,54.0,Male,Hyderabad,58,720.33,43052.71,13.0,2,73.0,Monthly,UPI,0,0,61239.21
C101302,25.0,Male,Delhi,28,1171.5,33263.11,24.0,6,70.0,Monthly,UPI,0,0,65716.53
C101303,44.0,Female,Bengaluru,62,996.32,67643.53,15.0,2,100.0,Monthly,Credit Card,0,0,82862.96
C101304,66.0,Male,Mumbai,25,1247.89,34541.28,4.0,2,94.0,Monthly,Wallet,1,0,61546.48
C101305,45.0,Male,Hyderabad,7,2148.88,14788.86,15.0,0,74.0,Quarterly,Credit Card,0,0,44187.3
C101306,48.0,Female,Mumbai,38,2432.13,92585.37,20.0,1,88.0,Annual,Credit Card,0,0,127681.83
C101307,26.0,Female,Hyderabad,71,2175.74,142356.87,18.0,3,100.0,Monthly,Debit Card,0,0,175365.7
C101308,68.0,Female,Mumbai,45,1633.09,70162.9,10.0,0,80.0,Monthly,UPI,0,0,100001.49
C101309,46.0,Female,Hyderabad,32,3508.42,119233.55,13.0,1,41.0,Monthly,Credit Card,1,0,146837.79
C101310,31.0,Male,Chennai,32,399.0,13209.33,17.0,2,89.0,Monthly,Credit Card,1,0,36949.32
C101311,57.0,Male,Hyderabad,1,1145.08,1174.66,19.0,5,39.0,Quarterly,Credit Card,1,0,29959.79
C101312,58.0,Female,Hyderabad,45,1964.55,87624.4,13.0,2,50.0,Monthly,Debit Card,0,0,103389.37
C101313,39.0,Male,Mumbai,64,1614.47,100967.03,8.0,4,66.0,Annual,Credit Card,1,0,121979.69
C101314,28.0,Female,Other,68,1620.91,103175.03,15.0,1,78.0,Quarterly,Debit Card,0,0,128959.33
C101315,40.0,Male,Chennai,7,1828.59,14068.74,13.0,2,95.0,Monthly,Credit Card,0,0,51745.69
C101316,18.0,Male,Delhi,38,1607.98,68068.86,18.0,2,100.0,Monthly,Credit Card,1,0,88647.06
C101317,63.0,Female,Mumbai,70,903.46,58904.15,24.0,2,83.0,Monthly,UPI,0,0,85784.62
C101318,54.0,Female,Mumbai,53,2587.97,134258.26,23.0,4,85.0,Annual,Debit Card,0,0,163967.5
C101319,38.0,Female,Hyderabad,30,1858.615,71649.31,14.0,4,87.0,Annual,Debit Card,0,0,106280.08
C101320,43.0,Female,Hyderabad,22,2825.45,65288.45,16.0,1,55.0,Monthly,Credit Card,1,0,92231.28
C101321,63.0,Male,Kolkata,58,825.45,49757.96,5.0,4,47.0,Annual,Debit Card,0,0,49568.32
C101322,53.0,Male,Chennai,55,2300.14,111973.19,19.0,3,64.0,Monthly,Bank Transfer,0,0,147657.22
C101323,40.0,Male,Mumbai,46,1238.89,54410.83,16.0,2,71.0,Monthly,Debit Card,1,0,76121.87
C101324,18.0,Male,Mumbai,26,1720.35,42841.09,19.0,2,54.0,Monthly,Wallet,0,0,69644.1
C101325,68.0,Male,Bengaluru,64,1626.3,109492.86,8.0,4,60.0,Annual,Debit Card,0,0,120521.26
C101326,57.0,Female,Chennai,9,1177.58,9772.55,15.0,3,83.0,Monthly,Debit Card,0,0,38127.48
C101327,32.0,Male,Mumbai,15,2204.13,36402.27,11.0,7,82.0,Monthly,Bank Transfer,0,0,67225.12
C101328,38.0,Female,Hyderabad,19,2891.78,49426.27,22.0,5,65.0,Quarterly,Wallet,0,0,103209.7
C101329,64.0,Female,Chennai,16,3332.32,49660.01,17.0,4,56.0,Annual,Debit Card,0,0,100036.98
C101330,26.0,Male,Chennai,25,2473.2,54783.83,24.0,3,45.0,Quarterly,Credit Card,1,0,95680.71
C101331,70.0,Male,Other,51,1075.28,61311.37,7.0,4,76.0,Monthly,UPI,0,0,77750.86
C101332,26.0,Male,Bengaluru,46,1965.55,97570.64,14.0,2,78.0,Annual,UPI,1,0,107771.96
C101333,27.0,Female,Delhi,7,2014.63,14706.42,14.0,4,58.0,Annual,Wallet,0,0,50580.97
C101334,69.0,Male,Hyderabad,34,2396.24,90988.01,17.0,2,36.0,Annual,Debit Card,0,0,104074.14
C101335,70.0,Male,Hyderabad,58,2527.63,129574.91,16.0,2,84.0,Annual,Credit Card,0,0,165005.6
C101336,43.0,Female,Kolkata,23,1748.56,43477.93,16.0,1,82.0,Annual,UPI,0,0,79170.35
C101337,58.0,Male,Delhi,23,2613.14,62765.64,4.0,5,48.0,Monthly,Credit Card,0,0,79091.05
C101338,52.0,Female,Bengaluru,17,3329.68,51975.31,7.0,2,43.0,Monthly,Debit Card,0,0,93376.25
C101339,69.0,Female,Mumbai,13,2032.83,28308.67,12.0,0,100.0,Quarterly,Debit Card,0,0,76013.85
C101340,42.0,Female,Hyderabad,27,1682.32,48447.35,17.0,1,72.0,Annual,Credit Card,0,0,69593.01
C101341,43.0,Male,Delhi,66,2748.46,172602.55,25.0,1,60.0,Annual,Wallet,0,0,188800.45
C101342,28.0,Female,Hyderabad,30,2523.43,75259.78,17.0,1,86.0,Monthly,Debit Card,1,0,106994.93
C101343,55.0,Female,Pune,4,2252.08,8001.46,22.0,4,49.0,Monthly,Bank Transfer,1,0,45504.94
C101344,19.0,Male,Mumbai,67,2047.73,120933.03,13.0,4,72.0,Annual,UPI,0,0,142822.54
C101345,24.0,Male,Bengaluru,14,2713.57,35823.68,5.0,0,75.0,Quarterly,Bank Transfer,0,0,80133.85
C101346,35.0,Male,Kolkata,11,1174.88,12320.08,18.0,2,79.0,Monthly,Debit Card,1,0,39339.91
C101347,44.0,Female,Other,40,1757.9,76310.83,15.0,3,72.0,Quarterly,Wallet,1,1,81037.15
C101348,51.0,Female,Bengaluru,3,3037.73,9029.12,12.0,2,61.0,Monthly,UPI,0,0,62160.96
C101349,44.0,Female,Pune,1,2036.06,2251.78,4.0,3,54.0,Annual,Credit Card,0,0,35074.34
C101350,34.0,Female,Pune,9,2067.76,19313.39,1.0,1,93.0,Annual,Credit Card,1,0,60535.56
C101351,60.0,Male,Pune,1,2192.69,2258.24,23.0,1,63.0,Annual,Bank Transfer,1,0,43186.65
C101352,61.0,Male,Other,16,1208.62,18515.52,10.0,1,63.0,Monthly,UPI,1,0,44463.33
C101353,68.0,Female,Mumbai,72,1306.5,88012.04,20.0,2,34.0,Annual,Credit Card,0,0,108153.11
C101354,41.0,Female,Delhi,46,1451.9,66186.16,27.0,3,100.0,Quarterly,UPI,0,0,91520.92
C101355,42.0,Male,Pune,10,1680.34,17805.08,12.0,0,67.0,Monthly,Credit Card,0,0,62059.09
C101356,24.0,Female,Chennai,33,2563.65,81904.41,23.0,2,86.0,Monthly,Bank Transfer,1,0,110733.72
C101357,44.0,Female,Mumbai,41,2220.65,98422.08,18.0,4,100.0,Annual,UPI,1,0,127903.07
C101358,23.0,Female,Bengaluru,51,2786.77,148993.16,23.0,4,65.0,Quarterly,Credit Card,0,0,169611.9
C101359,70.0,Female,Pune,22,2148.93,43385.48,14.0,0,49.0,Monthly,Credit Card,0,0,84824.78
C101360,41.0,Female,Delhi,16,2612.57,40211.74,18.0,1,85.0,Annual,Debit Card,0,0,93146.51
C101361,50.0,Male,Chennai,62,2210.94,122174.59,20.0,1,82.0,Monthly,Wallet,0,0,156973.55
C101362,66.0,Female,Chennai,53,3082.85,159015.06,4.0,3,100.0,Annual,UPI,0,0,186303.38
C101363,46.0,Male,Hyderabad,14,2088.5,29120.69,13.0,2,77.0,Annual,UPI,0,0,78815.36
C101364,60.0,Female,Hyderabad,59,1860.38,118480.52,4.0,1,81.0,Quarterly,Debit Card,0,0,120464.75
C101365,39.0,Male,Mumbai,26,1109.6,28225.46,14.0,2,75.0,Quarterly,Debit Card,1,0,48600.9
C101366,43.0,Female,Chennai,44,2380.31,107740.17,12.0,5,52.0,Monthly,Bank Transfer,1,0,116329.4
C101367,45.0,Female,Pune,20,1731.59,33459.42,25.0,1,48.0,Annual,Debit Card,1,0,62427.2
C101368,67.0,Male,Mumbai,5,2273.59,11877.34,28.0,0,98.0,Monthly,Credit Card,0,0,71821.95
C101369,38.0,Male,Other,65,1925.07,115315.99,18.0,5,54.0,Quarterly,Credit Card,0,0,129834.41
C101370,66.0,Other,Hyderabad,11,1053.48,10804.8,26.0,0,93.0,Monthly,UPI,1,0,59639.01
C101371,24.0,Female,Other,47,1862.89,95105.64,17.0,1,75.0,Monthly,Debit Card,0,0,104342.38
C101372,34.0,Male,Bengaluru,10,1521.74,14692.29,10.0,1,67.0,Quarterly,Debit Card,0,0,49826.66
C101373,37.0,Other,Delhi,61,1121.07,64283.81,20.0,0,69.0,Annual,UPI,1,0,92702.91
C101374,58.0,Female,Mumbai,45,2018.11,80173.76,12.0,1,55.0,Monthly,UPI,0,0,105743.06
C101375,66.0,Female,Bengaluru,47,2913.63,144085.22,13.0,2,80.0,Monthly,Debit Card,1,0,154407.11
C101376,37.0,Male,Hyderabad,34,1166.25,39347.96,19.0,1,67.0,Quarterly,Debit Card,1,1,61305.44
C101377,39.0,Female,Hyderabad,13,399.0,4780.53,12.0,3,70.0,Annual,UPI,0,0,26395.64
C101378,45.0,Female,Delhi,23,3125.21,78348.39,29.0,2,100.0,Monthly,Bank Transfer,1,0,132410.56
C101379,57.0,Female,Bengaluru,36,754.3,29099.62,1.0,0,75.0,Quarterly,Debit Card,0,0,52137.39
C101380,66.0,Female,Other,63,2948.33,175803.92,6.0,0,61.0,Monthly,Debit Card,0,0,194913.74
C101381,24.0,Female,Bengaluru,47,2658.32,116620.95,17.0,2,66.0,Monthly,Credit Card,0,0,156646.65
C101382,18.0,Female,Other,66,1854.13,119931.31,18.0,3,61.0,Monthly,Credit Card,0,0,120522.71
C101383,49.0,Male,Hyderabad,14,1632.84,22118.53,14.0,1,53.0,Annual,Debit Card,1,0,45308.9
C101384,30.0,Male,Hyderabad,53,2542.52,123663.6,15.0,2,82.0,Monthly,UPI,1,0,156687.48
C101385,47.0,Male,Bengaluru,66,1905.77,140306.78,6.0,6,31.0,Monthly,UPI,1,0,115965.04
C101386,40.0,Male,Kolkata,49,2997.63,141045.85,20.0,2,85.0,Quarterly,UPI,1,0,165340.29
C101387,68.0,Female,Mumbai,16,2150.71,34660.62,15.0,1,100.0,Quarterly,Credit Card,1,0,91203.92
C101388,36.0,Female,Hyderabad,68,2952.46,212468.16,15.0,0,96.0,Monthly,UPI,0,0,204726.09
C101389,49.0,Female,Hyderabad,43,2323.69,110176.0,19.0,3,51.0,Monthly,Credit Card,0,0,119355.85
C101390,47.0,Male,Bengaluru,65,2661.17,158408.96,19.0,1,100.0,Quarterly,Credit Card,1,0,188093.7
C101391,46.0,Female,Mumbai,9,2286.96,18812.3,9.0,2,85.0,Annual,Bank Transfer,1,0,59395.58
C101392,66.0,Male,Bengaluru,21,1763.48,37978.96,16.0,2,49.0,Monthly,Credit Card,0,0,68314.94
C101393,62.0,Male,Pune,43,1528.48,61950.42,14.0,3,40.0,Monthly,Debit Card,0,0,75412.68
C101394,46.0,Male,Mumbai,66,1207.89,82893.37,19.0,0,61.0,Quarterly,UPI,1,0,90850.04
C101395,47.0,Female,Kolkata,4,1976.62,7258.83,23.0,5,79.0,Annual,UPI,0,0,48839.48
C101396,33.0,Male,Mumbai,7,1398.79,9973.31,13.0,3,82.0,Annual,Credit Card,1,0,40268.32
C101397,57.0,Female,Bengaluru,58,1534.64,93975.81,19.0,2,64.0,Quarterly,Credit Card,1,1,101483.56
C101398,36.0,Male,Other,4,1951.7,8222.85,16.0,2,64.0,Monthly,UPI,0,0,46949.64
C101399,35.0,Female,Bengaluru,20,2143.84,45220.69,6.0,4,74.0,Quarterly,Wallet,1,0,72718.88
C101400,18.0,Female,Chennai,35,2690.78,97545.57,10.0,2,54.0,Monthly,Wallet,1,1,111085.58
C101401,31.0,Female,Pune,59,1965.12,129654.42,10.0,3,72.0,Monthly,Wallet,0,0,129159.78
C101402,68.0,Female,Hyderabad,45,2365.31,118218.78,22.0,1,95.0,Annual,Debit Card,0,0,129562.66
C101403,64.0,Female,Chennai,14,1913.25,24185.32,6.0,2,65.0,Annual,Credit Card,0,0,71631.01
C101404,67.0,Female,Hyderabad,22,1804.95,38476.73,3.0,2,95.0,Quarterly,Credit Card,1,0,65358.53
C101405,19.0,Female,Hyderabad,48,1849.93,95401.41,22.0,2,75.0,Monthly,Debit Card,0,0,124675.86
C101406,45.0,Male,Hyderabad,30,3166.74,94046.16,16.0,0,52.0,Quarterly,Credit Card,1,0,135481.77
C101407,66.0,Male,Hyderabad,29,2075.14,57235.51,12.0,1,100.0,Quarterly,UPI,0,0,97683.59
C101408,67.0,Male,Chennai,36,1025.73,40369.2,1.0,1,79.0,Monthly,Debit Card,1,0,49262.6
C101409,47.0,Female,Pune,42,1951.27,79751.55,2.0,4,65.0,Quarterly,Credit Card,0,0,109987.01
C101410,55.0,Female,Mumbai,29,1249.26,32111.81,1.0,2,64.0,Monthly,UPI,1,0,54939.75
C101411,68.0,Female,Delhi,7,1377.28,9545.56,8.0,0,50.0,Monthly,Debit Card,1,0,38767.38
C101412,21.0,Female,Mumbai,32,2083.68,65129.38,32.0,0,86.0,Annual,Debit Card,1,0,104404.56
C101413,18.0,Male,Pune,13,2339.34,28364.4,17.0,0,60.0,Annual,UPI,1,0,71953.62
C101414,25.0,Female,Kolkata,13,2298.86,28876.67,18.0,2,100.0,Annual,Credit Card,1,0,72605.35
C101415,46.0,Female,Pune,54,1363.11,66951.61,14.0,2,81.0,Quarterly,UPI,1,0,83331.2
C101416,56.0,Male,Pune,14,802.37,11430.37,5.0,0,70.0,Monthly,Wallet,0,0,36741.82
C101417,20.0,Female,Hyderabad,6,1715.89,10097.19,12.0,1,60.0,Monthly,UPI,0,0,50200.92
C101418,49.0,Male,Mumbai,16,1757.96,25470.91,23.0,2,81.0,Monthly,UPI,0,0,72241.07
C101419,27.0,Female,Mumbai,41,1742.51,79927.0,18.0,3,45.0,Quarterly,Debit Card,1,0,83023.14
C101420,27.0,Male,Mumbai,52,1938.56,112326.95,1.0,5,76.0,Monthly,Wallet,0,0,113781.05
C101421,36.0,Female,Mumbai,16,1522.99,26450.01,27.0,3,70.0,Quarterly,Credit Card,0,0,68886.05
C101422,63.0,Female,Hyderabad,5,2644.12,12422.45,14.0,2,57.0,Annual,Bank Transfer,0,1,64579.93
C101423,51.0,Male,Hyderabad,24,2236.74,48470.42,9.0,2,100.0,Monthly,UPI,0,0,96778.8
C101424,50.0,Male,Kolkata,43,2334.83,97751.89,13.0,1,86.0,Monthly,Bank Transfer,1,0,121954.14
C101425,40.0,Female,Delhi,65,2753.55,190734.43,12.0,2,45.0,Monthly,Wallet,1,0,169486.66
C101426,45.0,Female,Bengaluru,10,2108.7,22963.81,10.0,2,92.0,Monthly,UPI,1,0,51598.68
C101427,49.0,Female,Bengaluru,59,1834.88,105455.54,19.0,3,36.0,Monthly,Debit Card,1,0,109052.51
C101428,67.0,Male,Mumbai,35,1734.89,59440.29,8.0,5,49.0,Quarterly,UPI,0,0,83693.45
C101429,24.0,Male,Chennai,31,2257.1,61707.02,9.0,2,77.0,Quarterly,Bank Transfer,1,0,89517.1
C101430,46.0,Female,Chennai,11,2099.99,25045.16,16.0,1,73.0,Annual,UPI,0,0,70816.01
C101431,25.0,Female,Hyderabad,9,610.18,5330.34,18.0,4,60.0,Monthly,Bank Transfer,1,0,22790.34
C101432,18.0,Female,Hyderabad,66,1413.61,104198.59,21.0,0,82.0,Quarterly,UPI,1,0,113842.39
C101433,20.0,Male,Chennai,44,2760.07,116982.13,20.0,2,64.0,Quarterly,Wallet,0,0,152686.1
C101434,41.0,Female,Delhi,16,591.99,8341.44,16.0,4,77.0,Monthly,UPI,1,0,40558.47
C101435,40.0,Female,Hyderabad,48,2023.43,90537.53,3.0,0,75.0,Monthly,Debit Card,1,0,106168.04
C101436,25.0,Female,Bengaluru,53,2156.16,115436.87,24.0,3,100.0,Quarterly,UPI,0,0,141613.2
C101437,64.0,Female,Delhi,65,1743.69,121474.76,21.0,1,89.0,Monthly,Credit Card,1,0,126619.88
C101438,54.0,Female,Pune,48,1612.12,68526.34,16.0,1,70.0,Annual,UPI,0,0,101171.48
C101439,20.0,Female,Hyderabad,70,1110.92,68690.59,14.0,1,81.0,Monthly,UPI,1,0,103282.12
C101440,68.0,Male,Delhi,46,1923.27,83590.73,15.0,4,30.0,Monthly,Credit Card,1,0,90164.92
C101441,50.0,Female,Other,33,1598.14,48691.79,20.0,1,100.0,Monthly,Debit Card,1,0,82335.55
C101442,45.0,Male,Kolkata,52,2802.76,145235.54,2.0,4,70.0,Monthly,Debit Card,0,0,149924.75
C101443,64.0,Male,Pune,55,2110.92,127196.74,17.0,2,100.0,Monthly,Debit Card,0,0,132709.12
C101444,25.0,Male,Delhi,51,1543.41,73662.91,19.0,3,82.0,Monthly,UPI,0,0,99296.0
C101445,51.0,Female,Bengaluru,40,1993.41,77150.85,1.0,5,70.0,Monthly,UPI,0,0,89395.21
C101446,52.0,Male,Delhi,25,1360.11,35827.63,28.0,1,48.0,Monthly,Bank Transfer,1,0,69353.92
C101447,49.0,Male,Delhi,63,1680.48,107193.61,31.0,3,68.0,Monthly,Credit Card,0,0,122128.92
C101448,41.0,Female,Chennai,22,642.77,13068.69,30.0,3,83.0,Monthly,Debit Card,0,0,53792.96
C101449,31.0,Male,Mumbai,38,1567.06,56403.85,20.0,4,67.0,Quarterly,Credit Card,0,0,81732.89
C101450,49.0,Male,Delhi,9,2154.22,20630.1,28.0,1,100.0,Quarterly,Credit Card,1,0,75585.4
C101451,63.0,Female,Other,37,1690.47,56745.23,12.0,0,76.0,Monthly,UPI,1,0,87350.47
C101452,60.0,Female,Bengaluru,5,2380.3,10588.0,31.0,0,80.0,Monthly,Credit Card,0,0,72748.56
C101453,33.0,Male,Bengaluru,22,2872.86,67913.05,16.0,2,87.0,Annual,Credit Card,1,0,100787.4
C101454,21.0,Female,Mumbai,12,2516.6,26876.13,1.0,3,55.0,Annual,Debit Card,0,0,70422.19
C101455,69.0,Female,Hyderabad,60,3343.83,189729.79,9.0,1,80.0,Annual,UPI,1,0,219002.69
C101456,54.0,Male,Mumbai,44,2472.87,110875.02,17.0,0,46.0,Monthly,UPI,0,0,138480.73
C101457,38.0,Female,Hyderabad,22,1822.86,35489.17,16.0,3,100.0,Monthly,Bank Transfer,1,0,63805.94
C101458,31.0,Female,Mumbai,6,1668.05,10966.57,7.0,1,76.0,Quarterly,Credit Card,0,0,59658.41
C101459,48.0,Male,Delhi,27,1534.83,45581.13,24.0,4,89.0,Monthly,UPI,1,0,70283.73
C101460,65.0,Male,Hyderabad,55,1339.13,71677.29,22.0,1,66.0,Monthly,Debit Card,1,0,81825.22
C101461,35.0,Female,Hyderabad,15,2015.54,32735.46,11.0,4,91.0,Monthly,Bank Transfer,1,0,53813.34
C101462,24.0,Female,Bengaluru,64,1562.64,88508.92,2.0,3,35.0,Monthly,UPI,0,0,92945.28
C101463,27.0,Male,Bengaluru,17,928.12,14342.16,20.0,3,72.0,Monthly,Debit Card,1,0,32139.97
C101464,24.0,Female,Delhi,3,2318.73,6464.24,12.0,2,79.0,Quarterly,UPI,0,0,49962.71
C101465,50.0,Female,Mumbai,10,1422.05,13435.42,11.0,3,68.0,Quarterly,Debit Card,0,0,46617.56
C101466,40.0,Female,Chennai,63,820.1,53040.54,7.0,2,45.0,Monthly,Debit Card,1,0,52454.53
C101467,38.0,Female,Chennai,63,2525.73,177072.45,25.0,4,75.0,Monthly,UPI,0,0,165603.35
C101468,36.0,Male,Hyderabad,62,2549.11,145015.21,4.0,2,54.0,Quarterly,Credit Card,0,0,157792.3
C101469,65.0,Female,Pune,9,1056.91,10300.73,9.0,0,54.0,Monthly,Debit Card,0,0,43168.48
C101470,36.0,Female,Hyderabad,24,1451.41,37069.31,12.0,2,100.0,Quarterly,Credit Card,0,0,71356.48
C101471,53.0,Male,Pune,32,1526.88,47458.35,12.0,1,55.0,Annual,Bank Transfer,0,0,73983.55
C101472,46.0,Female,Mumbai,3,1382.29,4215.45,1.0,4,39.0,Monthly,Wallet,1,0,15221.64
C101473,35.0,Female,Mumbai,33,450.15,14331.6,12.0,1,47.0,Monthly,Debit Card,0,0,39938.05
C101474,19.0,Male,Delhi,43,1527.98,61649.56,19.0,3,65.0,Quarterly,Credit Card,0,0,92557.38
C101475,18.0,Female,Pune,12,1554.4,17010.22,18.0,5,77.0,Monthly,Credit Card,0,0,48998.12
C101476,64.0,Male,Other,32,2826.86,93927.1,1.0,3,72.0,Monthly,Debit Card,0,0,123259.15
C101477,22.0,Male,Mumbai,20,1891.33,34930.78,22.0,1,100.0,Monthly,Debit Card,0,0,89121.14
C101478,37.0,Male,Hyderabad,67,1698.72,123842.82,19.0,4,31.0,Annual,Credit Card,1,0,112630.83
C101479,28.0,Male,Kolkata,68,2193.86,152654.93,3.0,2,37.0,Annual,Bank Transfer,0,0,138399.67
C101480,59.0,Female,Hyderabad,17,922.57,16378.02,12.0,0,55.0,Quarterly,UPI,1,0,30126.99
C101481,19.0,Male,Pune,19,1849.68,36131.95,6.0,6,49.0,Monthly,Credit Card,0,0,52296.9
C101482,20.0,Female,Delhi,4,1369.22,5665.1,23.0,0,47.0,Monthly,Credit Card,0,0,41990.11
C101483,40.0,Male,Kolkata,17,1882.63,35040.27,24.0,5,79.0,Monthly,Debit Card,1,0,74823.21
C101484,29.0,Female,Kolkata,64,2099.88,128700.2,20.0,3,100.0,Monthly,Credit Card,1,0,153708.31
C101485,37.0,Female,Hyderabad,22,1441.18,33317.76,27.0,0,100.0,Monthly,UPI,1,0,73837.89
C101486,22.0,Female,Mumbai,66,1976.85,120005.78,19.0,1,54.0,Quarterly,Debit Card,0,0,136311.53
C101487,54.0,Male,Hyderabad,42,1350.59,58660.99,15.0,2,70.0,Monthly,Bank Transfer,1,0,68019.46
C101488,55.0,Male,Hyderabad,45,1363.78,59978.87,19.0,3,72.0,Annual,Debit Card,0,0,96750.93
C101489,47.0,Male,Chennai,11,2395.19,28531.05,9.0,2,78.0,Monthly,UPI,0,0,73034.46
C101490,26.0,Female,Hyderabad,53,2468.26,125987.49,8.0,5,66.0,Quarterly,Bank Transfer,0,0,140974.53
C101491,51.0,Male,Delhi,60,2184.4,142238.03,13.0,4,61.0,Annual,Debit Card,0,0,135967.05
C101492,70.0,Female,Other,29,2307.66,66233.8,11.0,5,100.0,Monthly,UPI,0,0,105621.49
C101493,61.0,Female,Mumbai,20,795.15,17414.92,9.0,3,61.0,Monthly,Credit Card,1,0,34987.32
C101494,52.0,Male,Bengaluru,5,2334.1,13068.65,26.0,1,69.0,Monthly,Debit Card,0,0,61067.07
C101495,69.0,Female,Pune,25,2977.38,83016.24,9.0,2,100.0,Annual,Debit Card,0,0,108519.43
C101496,39.0,Female,Pune,34,1858.615,73466.65,4.0,1,69.0,Monthly,Debit Card,0,0,95307.14
C101497,61.0,Female,Delhi,12,1717.02,22908.82,4.0,1,71.0,Monthly,Credit Card,0,0,42714.9
C101498,41.0,Male,Mumbai,28,1182.93,35897.83,16.0,1,100.0,Annual,Debit Card,0,0,72694.13
C101499,34.0,Male,Kolkata,6,2153.29,11408.04,27.0,1,85.0,Quarterly,Bank Transfer,0,0,69243.99
C101500,27.0,Male,Hyderabad,19,2161.39,39351.56,1.0,2,48.0,Monthly,Wallet,0,0,57820.01
C101501,47.0,Female,Other,12,2509.73,27150.55,19.0,3,87.0,Monthly,Credit Card,0,0,72874.95
C101502,63.0,Female,Other,25,1589.6,36249.13,23.0,2,32.0,Monthly,Debit Card,1,0,61003.6
C101503,40.0,Male,Kolkata,13,1429.68,20418.72,9.0,2,100.0,Monthly,Credit Card,1,0,61159.66
C101504,49.0,Female,Bengaluru,3,1305.51,3729.76,8.0,2,39.0,Monthly,Credit Card,0,0,31099.71
C101505,34.0,Male,Pune,24,1198.66,29325.93,29.0,3,82.0,Monthly,Debit Card,0,0,64449.91
C101506,67.0,Female,Mumbai,8,2120.02,16792.3,23.0,1,87.0,Quarterly,UPI,1,0,68445.4
C101507,68.0,Other,Mumbai,45,1777.17,88060.45,11.0,2,17.0,Monthly,Debit Card,1,0,77467.49
C101508,34.0,Female,Pune,72,2103.81,141835.4,18.0,2,58.0,Monthly,Credit Card,0,0,159482.9
C101509,31.0,Female,Hyderabad,1,2149.52,2119.42,15.0,2,100.0,Annual,UPI,0,0,61501.41
C101510,26.0,Male,Bengaluru,3,1530.53,4134.67,22.0,1,100.0,Monthly,Debit Card,1,0,63486.39
C101511,57.0,Male,Pune,65,1232.13,82580.11,14.0,0,100.0,Monthly,UPI,1,0,98622.71
C101512,19.0,Female,Pune,15,2910.9,47709.62,11.0,4,62.0,Annual,Debit Card,0,0,82004.52
C101513,62.0,Male,Pune,50,2196.24,104689.94,10.0,1,97.0,Annual,UPI,0,0,136346.96
C101514,42.0,Male,Hyderabad,20,2570.03,55019.15,24.0,0,92.0,Monthly,Bank Transfer,1,0,113380.8
C101515,56.0,Female,Delhi,3,2108.61,5771.77,16.0,4,71.0,Quarterly,UPI,0,0,42995.3
C101516,26.0,Male,Hyderabad,61,1562.46,94554.06,16.0,4,87.0,Quarterly,UPI,1,0,110721.99
C101517,39.0,Female,Pune,15,1531.8,21749.86,19.0,2,80.0,Quarterly,Debit Card,0,0,48515.08
C101518,60.0,Female,Bengaluru,59,1529.17,93866.81,18.0,1,87.0,Annual,Credit Card,1,0,108801.34
C101519,63.0,Female,Delhi,54,2626.02,148239.27,6.0,2,39.0,Quarterly,Debit Card,0,0,155038.84
C101520,21.0,Female,Chennai,60,2961.8,173775.75,12.0,2,90.0,Annual,Bank Transfer,0,0,189077.69
C101521,43.0,Female,Other,37,1850.22,65734.79,6.0,4,19.0,Annual,UPI,1,0,77258.55
C101522,46.0,Female,Mumbai,21,2230.1,49938.25,9.0,7,53.0,Monthly,UPI,0,0,72542.12
C101523,62.0,Female,Delhi,23,1821.0,42312.56,25.0,3,45.0,Annual,UPI,0,0,67824.39
C101524,51.0,Male,Bengaluru,18,834.4,15183.68,35.0,3,100.0,Monthly,UPI,1,0,64632.74
C101525,40.0,Female,Delhi,17,1429.49,25988.22,8.0,0,100.0,Quarterly,Bank Transfer,0,0,58136.55
C101526,54.0,Female,Mumbai,31,2523.43,80501.21,10.0,4,100.0,Annual,Credit Card,0,0,114853.7
C101527,28.0,Male,Hyderabad,64,2458.15,144072.71,14.0,2,99.0,Monthly,Bank Transfer,0,0,174152.05
C101528,23.0,Male,Mumbai,48,1798.03,78189.46,1.0,2,42.0,Monthly,UPI,0,0,92084.6
C101529,35.0,Female,Pune,26,1605.89,39324.32,32.0,3,61.0,Annual,Credit Card,0,0,78091.34
C101530,38.0,Male,Bengaluru,22,1067.58,22739.4,6.0,4,70.0,Monthly,Debit Card,0,0,34577.08
C101531,59.0,Female,Bengaluru,45,1594.65,67791.38,12.0,0,66.0,Monthly,Debit Card,0,0,97039.72
C101532,53.0,Female,Mumbai,36,1640.6,55340.18,17.0,1,53.0,Quarterly,Credit Card,0,0,91971.98
C101533,58.0,Male,Pune,64,1637.71,93764.95,15.0,4,72.0,Monthly,UPI,0,0,113072.76
C101534,55.0,Female,Bengaluru,35,1288.18,45258.13,15.0,4,29.0,Annual,Credit Card,0,0,48177.91
C101535,51.0,Male,Other,27,2030.85,48524.32,17.0,0,59.0,Monthly,Debit Card,1,0,76303.86
C101536,34.0,Female,Kolkata,68,2114.66,144375.15,6.0,0,45.0,Annual,Debit Card,1,0,139292.32
C101537,54.0,Male,Hyderabad,17,1868.21,28993.15,14.0,1,85.0,Annual,UPI,1,0,80963.16
C101538,42.0,Female,Bengaluru,70,1801.74,137453.49,24.0,3,52.0,Quarterly,Bank Transfer,0,0,134523.48
C101539,55.0,Male,Delhi,11,2146.36,23004.67,11.0,1,60.0,Quarterly,Bank Transfer,0,0,59923.27
C101540,29.0,Male,Other,5,2159.6,11507.05,16.0,2,64.0,Monthly,Bank Transfer,0,0,46949.66
C101541,40.0,Male,Delhi,58,2619.33,142735.9,18.0,0,81.0,Monthly,UPI,1,0,165697.45
C101542,70.0,Male,Chennai,57,2628.96,167522.3,18.0,2,80.0,Monthly,UPI,1,0,161304.81
C101543,59.0,Female,Hyderabad,14,2385.44,33036.64,15.0,2,59.0,Annual,Debit Card,0,0,79876.19
C101544,39.0,Male,Chennai,72,1696.12,127571.87,17.0,3,86.0,Quarterly,UPI,0,0,131422.31
C101545,38.0,Female,Mumbai,1,1630.5,1789.94,8.0,3,42.0,Annual,Credit Card,0,0,42448.96
C101546,44.0,Female,Bengaluru,16,2358.0,35860.12,5.0,0,49.0,Monthly,Debit Card,0,1,76169.41
C101547,48.0,Female,Mumbai,26,1030.94,26155.47,17.0,0,68.0,Monthly,UPI,0,0,61749.06
C101548,23.0,Female,Hyderabad,49,1855.74,94303.86,13.0,0,100.0,Monthly,UPI,0,0,121272.19
C101549,44.0,Female,Chennai,42,1192.74,46001.23,17.0,3,100.0,Monthly,Credit Card,1,0,82014.07
C101550,57.0,Male,Hyderabad,70,2684.91,197037.41,14.0,4,26.0,Annual,Credit Card,1,0,175943.07
C101551,51.0,Male,Hyderabad,66,2326.27,165126.52,10.0,2,81.0,Quarterly,Debit Card,0,0,167677.67
C101552,29.0,Female,Pune,53,2069.41,112341.06,11.0,3,75.0,Annual,Bank Transfer,0,0,132140.74
C101553,62.0,Female,Hyderabad,9,3934.04,33881.65,2.0,1,76.0,Annual,Credit Card,0,0,88289.2
C101554,70.0,Female,Mumbai,69,1317.52,93560.25,13.0,3,50.0,Monthly,Wallet,0,0,92111.63
C101555,24.0,Male,Hyderabad,40,2090.75,91414.44,9.0,2,100.0,Monthly,Wallet,0,0,117391.04
C101556,27.0,Male,Bengaluru,56,2160.41,113813.91,19.0,1,62.0,Monthly,Bank Transfer,0,0,133135.48
C101557,62.0,Male,Bengaluru,5,1955.19,10645.39,14.0,3,74.0,Monthly,UPI,0,0,40457.34
C101558,34.0,Female,Hyderabad,56,1619.62,95785.14,18.0,2,100.0,Monthly,Wallet,0,0,114821.54
C101559,43.0,Female,Hyderabad,72,1872.69,132938.11,16.0,0,70.0,Monthly,Debit Card,0,0,145935.16
C101560,38.0,Male,Kolkata,5,3206.89,17952.87,20.0,0,64.0,Annual,Credit Card,0,0,66490.59
C101561,45.0,Male,Hyderabad,69,1830.61,115393.0,19.0,4,96.0,Quarterly,Bank Transfer,1,0,128474.12
C101562,63.0,Female,Hyderabad,52,2224.46,113844.19,12.0,0,64.0,Monthly,Credit Card,0,0,131820.66
C101563,19.0,Female,Pune,33,755.76,26144.5,20.0,0,79.0,Monthly,Credit Card,1,0,48133.75
C101564,60.0,Male,Bengaluru,22,1705.85,33159.03,22.0,1,48.0,Monthly,Credit Card,0,0,72350.53
C101565,18.0,Female,Delhi,15,3285.92,53943.83,14.0,3,50.0,Quarterly,Debit Card,1,1,88564.39
C101566,68.0,Female,Hyderabad,65,1473.64,92333.15,19.0,2,81.0,Monthly,UPI,1,0,106531.83
C101567,70.0,Female,Bengaluru,71,1689.35,111380.01,16.0,0,62.0,Annual,Credit Card,0,0,124431.68
C101568,53.0,Female,Mumbai,23,2929.35,64279.78,19.0,5,48.0,Monthly,Debit Card,1,0,101274.4
C101569,68.0,Male,Other,6,1654.73,9208.3,18.0,1,62.0,Annual,UPI,0,0,48587.97
C101570,43.0,Male,Hyderabad,58,1327.6,67825.95,23.0,1,67.0,Quarterly,Wallet,0,0,97163.72
C101571,46.0,Female,Chennai,26,2257.47,52359.21,3.0,1,65.0,Monthly,Credit Card,1,0,85642.52
C101572,38.0,Male,Hyderabad,12,3596.85,39810.94,20.0,3,77.0,Annual,Credit Card,1,0,105376.75
C101573,28.0,Female,Hyderabad,2,2398.05,4989.24,20.0,4,88.0,Monthly,Debit Card,1,0,58308.85
C101574,57.0,Female,Kolkata,32,1845.88,51993.87,24.0,2,54.0,Monthly,Wallet,0,0,77386.59
C101575,28.0,Female,Hyderabad,50,2673.88,140021.05,18.0,2,55.0,Monthly,Debit Card,1,1,147170.12
C101576,53.0,Male,Pune,61,1926.08,107407.27,20.0,4,53.0,Annual,Credit Card,1,0,121364.99
C101577,66.0,Male,Hyderabad,11,1474.4,16245.79,13.0,2,56.0,Monthly,Credit Card,0,0,46363.61
C101578,56.0,Female,Kolkata,68,2774.32,182564.05,8.0,3,53.0,Monthly,UPI,0,0,182238.2
C101579,57.0,Male,Mumbai,34,2661.83,89963.82,15.0,1,42.0,Monthly,Debit Card,1,0,110710.8
C101580,52.0,Female,Kolkata,8,1566.34,13050.05,14.0,1,100.0,Quarterly,UPI,1,0,51898.91
C101581,51.0,Female,Hyderabad,8,2476.3,18361.8,17.0,0,77.0,Monthly,UPI,1,0,69806.84
C101582,64.0,Male,Pune,15,2647.19,36443.07,30.0,3,66.0,Monthly,UPI,0,0,85037.93
C101583,41.0,Female,Delhi,5,1701.15,9381.23,17.0,1,65.0,Monthly,Debit Card,0,0,38376.17
C101584,39.0,Male,Mumbai,19,1907.26,32259.47,15.0,2,72.0,Monthly,UPI,1,0,72155.93
C101585,22.0,Male,Pune,9,1029.49,9313.15,16.0,3,69.0,Quarterly,UPI,0,0,35833.04
C101586,50.0,Female,Delhi,57,1792.16,102812.52,18.0,2,61.0,Monthly,Credit Card,0,0,111542.11
C101587,53.0,Other,Kolkata,54,1667.78,79726.41,16.0,1,97.0,Annual,UPI,0,0,104247.55
C101588,64.0,Female,Chennai,29,1666.89,47234.56,16.0,1,74.0,Quarterly,Debit Card,0,0,88719.53
C101589,37.0,Female,Mumbai,19,945.43,17709.09,14.0,5,71.0,Monthly,UPI,0,0,35369.98
C101590,36.0,Female,Kolkata,46,2653.54,133781.41,20.0,4,100.0,Monthly,Credit Card,0,0,138576.74
C101591,52.0,Male,Hyderabad,62,2754.92,153915.41,8.0,2,100.0,Annual,UPI,0,0,182855.25
C101592,69.0,Male,Mumbai,60,1858.615,168533.73,11.0,4,71.0,Monthly,Credit Card,1,0,169619.78
C101593,60.0,Female,Other,5,1825.53,9300.65,23.0,1,86.0,Monthly,Credit Card,0,0,50277.81
C101594,34.0,Male,Chennai,33,1597.61,57355.24,13.0,1,36.0,Quarterly,Bank Transfer,0,0,73155.45
C101595,62.0,Female,Bengaluru,55,1997.93,97883.78,8.0,2,70.0,Monthly,Debit Card,0,0,118917.5
C101596,60.0,Female,Bengaluru,19,2041.19,38031.58,16.0,6,97.0,Quarterly,UPI,1,0,78831.31
C101597,51.0,Female,Kolkata,17,2770.9,47742.18,11.0,2,25.0,Quarterly,Bank Transfer,0,0,86507.62
C101598,26.0,Female,Other,42,1919.8,73795.61,8.0,4,33.0,Monthly,UPI,0,0,99665.58
C101599,43.0,Male,Other,22,1875.08,38163.63,21.0,2,100.0,Monthly,UPI,0,0,88529.66
C101600,19.0,Male,Delhi,39,2569.78,101776.98,12.0,1,51.0,Annual,Credit Card,1,0,121289.95
C101601,70.0,Female,Mumbai,27,591.25,16290.68,15.0,2,83.0,Monthly,Credit Card,0,0,41140.41
C101602,26.0,Female,Hyderabad,46,2769.56,116168.77,15.0,5,81.0,Monthly,Debit Card,0,0,148550.71
C101603,26.0,Female,Hyderabad,28,2543.38,70811.36,12.0,3,84.0,Annual,Bank Transfer,0,0,102604.51
C101604,57.0,Female,Hyderabad,52,2101.26,99977.57,12.0,1,86.0,Monthly,Debit Card,1,0,128232.86
C101605,34.0,Male,Hyderabad,65,2465.23,143788.75,15.0,0,91.0,Annual,Credit Card,1,0,171418.55
C101606,18.0,Female,Kolkata,39,2406.7,100462.73,24.0,1,78.0,Monthly,UPI,0,0,135933.65
C101607,42.0,Female,Pune,18,3525.72,57617.0,17.0,2,66.0,Monthly,Credit Card,0,0,115190.21
C101608,60.0,Male,Mumbai,22,1569.52,31381.26,25.0,4,56.0,Monthly,Wallet,0,0,73025.13
C101609,57.0,Male,Other,68,2802.71,194732.88,11.0,1,51.0,Annual,UPI,1,0,196284.1
C101610,59.0,Female,Other,11,2336.07,24277.64,15.0,3,62.0,Annual,Wallet,0,0,58560.01
C101611,42.0,Female,Delhi,64,1306.4,84137.23,7.0,3,52.0,Monthly,Credit Card,0,0,92941.46
C101612,56.0,Male,Chennai,71,2555.8,161711.9,19.0,2,82.0,Monthly,Credit Card,0,0,179504.83
C101613,52.0,Female,Hyderabad,57,2046.41,118768.7,22.0,2,82.0,Monthly,Debit Card,0,0,151508.96
C101614,20.0,Male,Mumbai,35,2061.09,72490.47,21.0,2,48.0,Monthly,Bank Transfer,0,0,103882.02
C101615,67.0,Male,Hyderabad,37,1971.03,81070.32,21.0,4,56.0,Monthly,UPI,1,0,89110.46
C101616,54.0,Female,Chennai,50,2366.8,123954.28,14.0,2,79.0,Annual,Bank Transfer,0,0,135260.48
C101617,61.0,Female,Other,30,2627.48,88187.5,17.0,4,33.0,Annual,Credit Card,0,0,104764.76
C101618,61.0,Female,Bengaluru,17,1793.82,32907.15,21.0,0,79.0,Annual,UPI,1,0,58670.14
C101619,68.0,Male,Hyderabad,33,1781.68,65327.31,22.0,2,65.0,Monthly,UPI,0,0,91212.62
C101620,47.0,Male,Mumbai,16,2764.16,48454.93,15.0,3,72.0,Annual,UPI,0,0,79687.6
C101621,55.0,Male,Mumbai,15,1446.06,24052.58,10.0,1,87.0,Annual,Debit Card,1,0,56055.18
C101622,51.0,Male,Hyderabad,13,2518.55,34356.61,24.0,1,68.0,Monthly,UPI,1,0,67821.49
C101623,29.0,Male,Hyderabad,3,2082.01,5713.29,16.0,2,71.0,Annual,UPI,1,0,44592.34
C101624,36.0,Male,Other,24,2515.66,66295.35,15.0,3,48.0,Monthly,Credit Card,0,0,76006.01
C101625,54.0,Male,Bengaluru,23,2183.24,50314.73,10.0,4,72.0,Monthly,Credit Card,0,1,77351.25
C101626,61.0,Male,Pune,59,1547.7,91276.85,14.0,4,30.0,Monthly,Debit Card,0,0,98882.56
C101627,66.0,Female,Chennai,55,1546.61,86040.16,12.0,5,62.0,Monthly,UPI,1,0,97121.11
C101628,34.0,Male,Chennai,65,1386.64,83857.56,9.0,2,61.0,Monthly,UPI,1,0,94224.35
C101629,27.0,Male,Bengaluru,32,1333.56,39691.96,10.0,3,75.0,Annual,Debit Card,0,0,69448.03
C101630,66.0,Female,Pune,60,1910.44,116486.75,18.0,2,100.0,Quarterly,Debit Card,0,0,128882.79
C101631,64.0,Male,Kolkata,30,1858.615,62792.62,12.0,2,48.0,Quarterly,Debit Card,0,0,73083.38
C101632,29.0,Female,Bengaluru,66,2242.92,133877.29,16.0,6,76.0,Monthly,Credit Card,1,0,153687.98
C101633,33.0,Male,Hyderabad,18,1656.74,31533.12,14.0,2,100.0,Monthly,UPI,1,1,71839.71
C101634,41.0,Male,Hyderabad,59,2224.61,121287.98,9.0,1,62.0,Monthly,Bank Transfer,1,0,133248.54
C101635,36.0,Male,Pune,53,2558.92,132838.77,23.0,4,95.0,Monthly,Bank Transfer,0,0,146497.81
C101636,25.0,Male,Chennai,64,3064.9,175928.05,17.0,3,72.0,Quarterly,Wallet,0,0,197981.49
C101637,48.0,Female,Hyderabad,30,1270.94,39188.44,20.0,5,75.0,Quarterly,Credit Card,1,0,66440.6
C101638,38.0,Female,Bengaluru,18,2691.11,52535.75,18.0,6,53.0,Monthly,Credit Card,0,0,85463.59
C101639,34.0,Male,Mumbai,5,2344.74,11614.41,15.0,2,72.0,Annual,UPI,0,0,55506.65
C101640,44.0,Male,Pune,69,2048.3,153499.31,12.0,2,76.0,Monthly,UPI,0,1,160480.47
C101641,54.0,Female,Delhi,8,1623.28,13609.81,3.0,4,29.0,Monthly,Credit Card,0,0,39786.12
C101642,33.0,Male,Hyderabad,9,2881.31,27447.78,1.0,3,75.0,Annual,UPI,0,0,65147.88
C101643,23.0,Female,Hyderabad,32,2298.97,71203.58,21.0,2,80.0,Annual,Debit Card,1,0,111006.06
C101644,25.0,Male,Chennai,14,1055.31,14199.62,23.0,4,79.0,Monthly,Wallet,0,0,55493.46
C101645,42.0,Female,Hyderabad,13,747.94,8867.01,24.0,4,24.0,Monthly,Bank Transfer,0,0,26964.09
C101646,35.0,Male,Pune,18,1908.52,34975.89,14.0,4,65.0,Monthly,Credit Card,1,0,63903.11
C101647,42.0,Male,Chennai,68,2189.12,166283.54,10.0,2,28.0,Monthly,Credit Card,1,0,151424.24
C101648,29.0,Female,Bengaluru,22,1437.77,31907.71,20.0,4,95.0,Quarterly,Debit Card,0,0,74680.81
C101649,32.0,Female,Mumbai,20,1641.99,33144.85,24.0,2,100.0,Monthly,Credit Card,0,0,65905.6
C101650,43.0,Female,Delhi,15,2547.07,37034.74,27.0,1,82.0,Quarterly,Credit Card,0,0,90488.53
C101651,58.0,Female,Mumbai,7,1659.51,10898.65,12.0,1,100.0,Monthly,Wallet,0,0,49878.09
C101652,62.0,Female,Pune,30,2440.3,81530.42,21.0,0,60.0,Annual,Bank Transfer,0,0,102242.81
C101653,43.0,Male,Delhi,5,1530.72,7516.49,18.0,2,99.0,Quarterly,UPI,0,0,55963.71
C101654,64.0,Female,Pune,1,2613.44,2391.54,15.0,1,74.0,Quarterly,Bank Transfer,1,0,51191.06
C101655,49.0,Male,Delhi,60,2082.22,119215.7,10.0,2,57.0,Quarterly,Credit Card,0,0,130069.83
C101656,27.0,Female,Hyderabad,31,2200.7,72027.62,24.0,2,100.0,Annual,UPI,1,0,105505.69
C101657,33.0,Other,Hyderabad,20,3017.79,66999.44,23.0,3,100.0,Annual,UPI,0,0,119651.89
C101658,24.0,Male,Kolkata,64,938.03,56304.88,14.0,0,75.0,Quarterly,Bank Transfer,0,0,77172.44
C101659,34.0,Male,Other,64,2294.41,145903.57,20.0,2,62.0,Quarterly,Debit Card,0,0,160676.62
C101660,40.0,Male,Delhi,29,875.11,24211.88,19.0,1,67.0,Quarterly,UPI,1,0,48668.93
C101661,43.0,Male,Delhi,10,1962.07,18816.49,19.0,3,49.0,Monthly,Bank Transfer,0,0,54427.07
C101662,38.0,Female,Bengaluru,29,1936.61,50637.41,9.0,2,44.0,Monthly,UPI,0,0,74654.78
C101663,39.0,Male,Mumbai,31,2128.66,67510.98,9.0,5,72.0,Monthly,Debit Card,0,0,84358.78
C101664,24.0,Male,Other,30,784.47,22266.52,14.0,6,100.0,Quarterly,Wallet,0,0,45560.37
C101665,31.0,Female,Pune,25,2059.62,48019.76,18.0,0,68.0,Monthly,Credit Card,0,0,85475.9
C101666,32.0,Female,Bengaluru,58,2699.18,142752.37,28.0,5,83.0,Monthly,Credit Card,1,0,181165.42
C101667,70.0,Female,Bengaluru,57,1507.92,84713.68,4.0,4,30.0,Monthly,Credit Card,0,0,95686.14
C101668,24.0,Female,Mumbai,63,1467.56,90354.35,23.0,0,100.0,Monthly,UPI,0,0,123724.43
C101669,26.0,Female,Chennai,37,1816.59,71380.41,7.0,4,39.0,Annual,Bank Transfer,1,0,84614.54
C101670,68.0,Female,Bengaluru,58,2444.78,139032.11,16.0,4,100.0,Monthly,UPI,1,0,163239.14
C101671,65.0,Female,Delhi,28,1628.18,50454.36,1.0,2,82.0,Annual,Debit Card,0,0,69680.4
C101672,25.0,Female,Hyderabad,27,1660.53,44298.62,25.0,2,80.0,Quarterly,Wallet,0,0,87408.98
C101673,67.0,Male,Pune,70,2423.97,170217.01,16.0,5,82.0,Monthly,Debit Card,1,0,176681.58
C101674,40.0,Male,Pune,37,1366.79,55663.97,18.0,3,71.0,Quarterly,Wallet,0,0,82428.12
C101675,46.0,Female,Pune,6,2526.23,13749.67,21.0,0,67.0,Monthly,Bank Transfer,1,0,70992.28
C101676,35.0,Female,Pune,62,1536.69,92497.37,13.0,0,88.0,Monthly,Debit Card,1,0,116023.69
C101677,48.0,Female,Mumbai,33,1804.82,55023.71,3.0,4,75.0,Monthly,Credit Card,0,0,69135.1
C101678,47.0,Other,Pune,40,2707.16,109251.01,2.0,4,52.0,Annual,Credit Card,1,0,113410.67
C101679,69.0,Female,Mumbai,41,2686.99,118793.8,18.0,3,100.0,Annual,UPI,0,0,137964.04
C101680,56.0,Female,Other,42,1874.21,86108.19,13.0,1,62.0,Annual,UPI,0,0,102184.13
C101681,52.0,Female,Hyderabad,9,1552.25,12424.36,23.0,2,75.0,Annual,Credit Card,0,0,53282.61
C101682,35.0,Female,Kolkata,18,2804.57,48973.43,15.0,2,29.0,Monthly,Debit Card,0,0,80142.32
C101683,59.0,Male,Bengaluru,15,1739.7,25312.23,19.0,3,74.0,Monthly,UPI,0,0,59934.8
C101684,56.0,Male,Hyderabad,4,2411.79,10185.52,21.0,2,100.0,Annual,Debit Card,1,0,57498.07
C101685,34.0,Female,Chennai,34,2584.22,94793.94,22.0,0,90.0,Annual,UPI,0,0,135338.47
C101686,31.0,Male,Mumbai,62,1405.97,83738.96,14.0,2,90.0,Monthly,UPI,1,0,112033.19
C101687,48.0,Female,Bengaluru,38,1270.63,47937.36,15.0,2,72.0,Annual,Debit Card,0,0,77253.41
C101688,41.0,Male,Mumbai,71,2261.35,144589.73,21.0,4,84.0,Monthly,Bank Transfer,0,0,181844.81
C101689,52.0,Female,Pune,23,950.19,19681.97,16.0,1,100.0,Quarterly,UPI,1,0,56864.94
C101690,61.0,Female,Bengaluru,20,1224.99,25839.53,2.0,2,90.0,Monthly,UPI,1,0,44665.12
C101691,62.0,Female,Mumbai,56,2292.57,138455.23,1.0,4,55.0,Quarterly,Credit Card,1,0,132129.54
C101692,51.0,Male,Bengaluru,53,2116.1,106142.09,10.0,3,70.0,Quarterly,Debit Card,1,0,122402.56
C101693,20.0,Female,Mumbai,2,2336.24,4738.23,22.0,0,93.0,Annual,UPI,0,0,66836.62
C101694,54.0,Female,Delhi,21,1535.1,32495.16,15.0,4,58.0,Monthly,Credit Card,0,0,47722.07
C101695,60.0,Male,Bengaluru,42,2906.15,133298.3,26.0,3,82.0,Annual,UPI,1,0,151335.86
C101696,57.0,Female,Other,57,1261.73,64496.75,20.0,5,67.0,Quarterly,Credit Card,0,0,84904.58
C101697,43.0,Male,Mumbai,49,541.43,27355.64,6.0,1,66.0,Quarterly,Credit Card,1,0,40993.38
C101698,40.0,Male,Pune,10,728.88,6978.29,22.0,2,87.0,Monthly,Debit Card,0,0,50462.98
C101699,61.0,Male,Delhi,72,2166.66,165990.15,6.0,1,64.0,Annual,Credit Card,0,0,158755.47
C101700,56.0,Female,Pune,61,1804.69,100824.83,26.0,5,98.0,Monthly,Credit Card,0,0,139287.82
C101701,32.0,Female,Hyderabad,21,2298.37,50477.83,19.0,2,95.0,Monthly,Debit Card,0,0,97394.22
C101702,66.0,Female,Bengaluru,60,2233.7,146129.81,24.0,5,90.0,Quarterly,UPI,1,0,153423.49
C101703,21.0,Male,Mumbai,13,1784.58,25049.87,19.0,3,84.0,Monthly,UPI,1,0,56046.32
C101704,46.0,Male,Pune,48,926.49,49298.58,15.0,1,88.0,Monthly,Credit Card,1,0,77344.41
C101705,39.0,Female,Hyderabad,40,1451.8,52860.49,16.0,2,97.0,Monthly,Credit Card,1,0,79281.2
C101706,42.0,Female,Other,63,1500.21,97461.24,9.0,4,32.0,Monthly,UPI,0,0,86239.63
C101707,30.0,Female,Hyderabad,9,2851.98,23016.99,17.0,1,57.0,Monthly,UPI,0,0,70136.89
C101708,35.0,Male,Hyderabad,57,1737.82,99778.39,16.0,1,61.0,Monthly,Bank Transfer,1,0,109560.47
C101709,50.0,Male,Hyderabad,51,2717.96,137516.09,19.0,5,52.0,Annual,UPI,0,0,155681.49
C101710,33.0,Female,Mumbai,40,1936.27,71620.94,14.0,3,63.0,Monthly,UPI,0,0,97862.13
C101711,62.0,Female,Kolkata,64,1752.8,100518.95,8.0,4,73.0,Monthly,Bank Transfer,1,0,116965.07
C101712,59.0,Male,Bengaluru,70,1747.74,133562.5,14.0,2,67.0,Annual,Credit Card,1,0,126954.09
C101713,61.0,Male,Mumbai,64,2139.19,140037.62,8.0,2,62.0,Monthly,Credit Card,1,0,146019.62
C101714,19.0,Female,Hyderabad,25,1141.77,28299.35,9.0,2,88.0,Quarterly,Debit Card,1,0,62197.32
C101715,52.0,Male,Delhi,28,1781.03,48951.26,6.0,4,76.0,Monthly,UPI,1,0,74041.38
C101716,59.0,Female,Hyderabad,10,1872.13,19352.6,14.0,1,63.0,Quarterly,Credit Card,0,0,63026.24
C101717,51.0,Male,Mumbai,28,1930.41,51866.91,16.0,3,61.0,Quarterly,Debit Card,0,0,71378.69
C101718,47.0,Male,Delhi,36,1256.25,47678.29,11.0,4,54.0,Monthly,Credit Card,0,0,59363.93
C101719,30.0,Other,Mumbai,11,1550.96,15794.55,18.0,4,100.0,Quarterly,UPI,0,0,66927.77
C101720,44.0,Male,Hyderabad,21,1858.615,39178.15,15.0,3,50.0,Quarterly,Credit Card,0,0,64053.05
C101721,35.0,Female,Hyderabad,26,1947.32,55554.55,13.0,1,80.0,Monthly,Bank Transfer,0,0,79038.93
C101722,49.0,Female,Delhi,18,2617.04,45397.1,22.0,2,32.0,Quarterly,Credit Card,0,0,82979.61
C101723,49.0,Male,Pune,68,1668.76,120867.04,10.0,0,58.0,Monthly,Bank Transfer,1,0,136736.25
C101724,44.0,Male,Kolkata,41,1035.66,37803.78,12.0,2,32.0,Quarterly,Debit Card,0,0,45348.73
C101725,56.0,Female,Pune,15,1498.61,22457.54,17.0,0,62.0,Quarterly,Bank Transfer,1,0,58028.93
C101726,63.0,Male,Other,23,1120.13,25440.18,19.0,0,84.0,Monthly,Bank Transfer,0,0,56223.63
C101727,69.0,Male,Chennai,41,2826.12,103953.22,7.0,3,47.0,Quarterly,Credit Card,1,0,137501.56
C101728,46.0,Male,Bengaluru,6,2573.55,16229.35,16.0,3,47.0,Annual,Credit Card,0,0,54786.4
C101729,66.0,Female,Hyderabad,71,2033.69,138423.21,14.0,5,91.0,Monthly,UPI,0,0,157704.48
C101730,46.0,Female,Chennai,60,2308.8,148055.23,20.0,2,87.0,Annual,Credit Card,1,0,147837.44
C101731,70.0,Female,Delhi,52,1752.15,85669.27,10.0,1,71.0,Monthly,Wallet,1,0,119615.85
C101732,61.0,Male,Pune,9,1166.31,10013.96,15.0,6,30.0,Annual,Credit Card,0,0,22008.55
C101733,33.0,Female,Bengaluru,30,1517.9,41306.12,27.0,2,89.0,Monthly,Debit Card,1,0,81778.7
C101734,61.0,Female,Mumbai,44,399.0,16318.44,11.0,3,89.0,Monthly,Credit Card,0,0,33173.28
C101735,64.0,Female,Delhi,62,2252.08,154844.51,22.0,2,66.0,Monthly,Debit Card,0,0,141175.85
C101736,27.0,Female,Mumbai,43,2139.37,94811.53,13.0,2,33.0,Annual,UPI,0,0,112364.67
C101737,47.0,Female,Bengaluru,28,1850.38,55678.46,14.0,2,70.0,Monthly,UPI,1,0,76364.32
C101738,42.0,Female,Pune,8,1334.0,9646.0,12.0,6,72.0,Quarterly,UPI,1,0,48569.25
C101739,56.0,Female,Hyderabad,51,1986.17,100699.42,7.0,2,74.0,Annual,Bank Transfer,1,0,118628.52
C101740,37.0,Male,Kolkata,30,2192.43,58014.36,8.0,2,58.0,Monthly,Credit Card,0,0,87585.33
C101741,22.0,Male,Other,11,2057.27,20383.26,20.0,2,81.0,Monthly,UPI,1,0,72971.83
C101742,18.0,Male,Bengaluru,20,1090.33,20064.85,12.0,2,94.0,Quarterly,Credit Card,1,0,49204.81
C101743,47.0,Male,Bengaluru,31,1349.8,43500.83,10.0,1,57.0,Monthly,Credit Card,1,0,54923.83
C101744,66.0,Male,Pune,34,2233.12,76438.93,10.0,3,84.0,Monthly,Credit Card,0,0,103846.16
C101745,20.0,Female,Chennai,12,1627.16,21138.82,4.0,1,59.0,Quarterly,Bank Transfer,1,1,50944.0
C101746,62.0,Male,Hyderabad,48,2977.04,141213.17,10.0,0,85.0,Monthly,UPI,1,0,164145.38
C101747,31.0,Female,Kolkata,28,1173.61,33641.9,14.0,3,70.0,Monthly,UPI,1,0,41967.13
C101748,47.0,Female,Chennai,67,1675.36,115704.79,8.0,1,46.0,Monthly,UPI,0,0,120618.84
C101749,67.0,Male,Hyderabad,63,1557.15,88070.12,16.0,4,19.0,Monthly,Debit Card,0,0,108171.87
C101750,21.0,Female,Mumbai,48,1659.77,86735.07,15.0,4,60.0,Monthly,Debit Card,0,1,98550.99
C101751,35.0,Female,Hyderabad,42,1162.05,48600.67,10.0,7,70.0,Monthly,Credit Card,0,0,64291.15
C101752,54.0,Male,Hyderabad,52,600.52,32647.12,16.0,1,90.0,Monthly,Debit Card,0,0,50172.82
C101753,44.0,Male,Mumbai,5,2419.92,11936.63,15.0,4,42.0,Annual,UPI,0,0,52230.68
C101754,65.0,Male,Chennai,12,3019.7,36790.55,19.0,1,58.0,Annual,UPI,0,0,80258.49
C101755,18.0,Female,Mumbai,59,1749.19,102542.13,6.0,2,38.0,Annual,Credit Card,0,0,110743.49
C101756,70.0,Male,Other,65,1986.67,134104.31,25.0,3,43.0,Quarterly,Debit Card,0,0,136223.23
C101757,44.0,Female,Pune,52,1692.35,79794.8,13.0,3,94.0,Monthly,Debit Card,0,0,113198.49
C101758,32.0,Female,Hyderabad,43,1687.54,75034.74,21.0,1,80.0,Quarterly,UPI,0,0,102489.77
C101759,26.0,Male,Hyderabad,63,1652.6,111091.53,8.0,2,100.0,Annual,UPI,0,0,124996.39
C101760,32.0,Female,Mumbai,50,2502.16,112085.7,15.0,1,56.0,Annual,UPI,1,0,133335.51
C101761,44.0,Male,Delhi,39,1962.81,77925.96,12.0,3,85.0,Quarterly,UPI,1,0,91514.58
C101762,41.0,Female,Kolkata,42,1371.33,51736.02,18.0,2,45.0,Monthly,Debit Card,0,0,92332.77
C101763,21.0,Male,Delhi,17,2305.65,36974.57,26.0,1,100.0,Quarterly,Bank Transfer,1,0,93286.95
C101764,29.0,Female,Bengaluru,43,2729.3,110172.47,16.0,6,49.0,Monthly,Bank Transfer,0,0,146310.76
C101765,54.0,Male,Chennai,49,2814.79,151311.94,11.0,1,58.0,Annual,Credit Card,1,0,157103.21
C101766,54.0,Female,Pune,5,1702.28,7938.74,15.0,0,70.0,Monthly,UPI,0,0,48385.25
C101767,60.0,Female,Kolkata,1,1250.81,1176.88,1.0,2,75.0,Monthly,Bank Transfer,0,0,32043.59
C101768,23.0,Male,Bengaluru,67,1236.45,81502.8,13.0,2,87.0,Monthly,Debit Card,0,0,92146.12
C101769,56.0,Female,Mumbai,24,1489.78,32192.82,1.0,6,76.0,Monthly,Bank Transfer,0,0,37997.71
C101770,63.0,Male,Hyderabad,29,1533.0,43193.43,21.0,0,89.0,Monthly,Credit Card,1,0,85789.97
C101771,41.0,Female,Mumbai,15,2365.54,36250.22,21.0,2,90.0,Monthly,UPI,0,0,77678.97
C101772,28.0,Female,Hyderabad,4,584.8,2146.22,20.0,0,71.0,Monthly,Credit Card,1,0,32079.66
C101773,30.0,Male,Other,44,1759.61,85459.91,10.0,1,83.0,Monthly,Credit Card,1,0,97438.3
C101774,51.0,Male,Delhi,65,1714.71,106670.41,5.0,7,56.0,Annual,Bank Transfer,0,0,101511.01
C101775,42.0,Male,Pune,31,1858.615,39592.14,22.0,4,70.0,Monthly,Debit Card,1,0,60016.35
C101776,24.0,Female,Other,20,2136.92,42157.98,33.0,5,79.0,Monthly,Credit Card,0,0,82960.22
C101777,69.0,Male,Hyderabad,10,1368.84,12930.43,19.0,3,57.0,Monthly,UPI,1,0,55157.09
C101778,21.0,Male,Delhi,11,1709.66,19632.84,26.0,2,93.0,Monthly,Wallet,0,0,61177.62
C101779,25.0,Male,Kolkata,28,2612.09,70867.35,17.0,3,90.0,Annual,Credit Card,0,0,107337.6
C101780,37.0,Male,Mumbai,38,1613.23,58128.28,13.0,3,75.0,Monthly,Debit Card,0,0,93266.87
C101781,46.0,Other,Delhi,24,2612.7,56553.41,27.0,1,50.0,Monthly,Debit Card,0,0,107605.78
C101782,70.0,Male,Chennai,39,1280.34,52408.87,14.0,4,95.0,Monthly,Bank Transfer,1,0,82632.53
C101783,68.0,Female,Delhi,51,399.0,20545.39,21.0,1,67.0,Monthly,Credit Card,0,0,44330.38
C101784,62.0,Female,Chennai,50,2122.01,117797.54,13.0,3,83.0,Quarterly,Debit Card,1,0,122249.33
C101785,63.0,Female,Chennai,7,2002.64,12900.45,12.0,1,82.0,Monthly,Debit Card,0,0,55311.76
C101786,27.0,Male,Hyderabad,68,2463.25,157647.78,14.0,2,100.0,Quarterly,Debit Card,1,0,174003.42
C101787,60.0,Female,Hyderabad,53,2079.03,120651.24,17.0,4,76.0,Quarterly,Credit Card,0,0,131699.13
C101788,51.0,Female,Hyderabad,37,2773.37,114436.9,12.0,1,74.0,Quarterly,Bank Transfer,1,0,123108.02
C101789,43.0,Male,Hyderabad,54,2002.82,99290.42,29.0,1,100.0,Monthly,Bank Transfer,0,0,133393.81
C101790,58.0,Male,Chennai,55,2463.63,123617.45,17.0,2,61.0,Quarterly,Wallet,0,0,148816.86
C101791,66.0,Male,Hyderabad,31,2346.46,80776.11,13.0,2,100.0,Monthly,Debit Card,0,0,110547.92
C101792,20.0,Male,Hyderabad,65,1419.55,102560.7,11.0,2,82.0,Monthly,Credit Card,0,0,107616.77
C101793,23.0,Male,Pune,59,1508.14,96381.53,20.0,2,100.0,Monthly,Credit Card,1,0,113538.07
C101794,44.0,Female,Pune,47,1643.21,78751.16,1.0,2,29.0,Monthly,Debit Card,0,0,88142.46
C101795,22.0,Male,Pune,49,3202.08,166798.44,14.0,2,54.0,Quarterly,Bank Transfer,0,0,174118.67
C101796,64.0,Female,Kolkata,18,1433.22,27516.23,20.0,2,55.0,Quarterly,Wallet,0,0,53402.4
C101797,40.0,Female,Hyderabad,3,2074.6,6051.14,7.0,5,41.0,Monthly,Bank Transfer,0,0,36167.87
C101798,66.0,Female,Hyderabad,18,1868.49,34724.08,17.0,1,95.0,Monthly,Credit Card,1,0,68721.53
C101799,26.0,Female,Bengaluru,58,2200.28,141084.69,19.0,3,75.0,Annual,UPI,0,0,153211.14
C101800,52.0,Male,Kolkata,71,1838.17,127281.11,13.0,1,36.0,Monthly,UPI,0,1,133408.66
C101801,37.0,Female,Pune,25,1858.615,36855.97,16.0,2,36.0,Monthly,Bank Transfer,0,0,61323.02
C101802,66.0,Male,Bengaluru,18,1069.42,20453.15,14.0,3,70.0,Monthly,UPI,1,0,34416.97
C101803,59.0,Female,Hyderabad,52,1192.45,68567.53,8.0,2,72.0,Quarterly,Debit Card,1,0,65039.77
C101804,52.0,Female,Mumbai,43,2284.99,99893.11,27.0,2,45.0,Monthly,Credit Card,0,0,117099.4
C101805,67.0,Male,Bengaluru,67,2105.78,145635.71,17.0,1,59.0,Monthly,Bank Transfer,0,0,143750.92
C101806,35.0,Male,Mumbai,7,1936.41,12909.81,14.0,2,100.0,Quarterly,UPI,0,0,61050.33
C101807,34.0,Female,Other,44,2973.03,127517.8,15.0,2,79.0,Monthly,UPI,0,0,160064.53
C101808,41.0,Male,Mumbai,44,3392.07,150957.37,21.0,3,56.0,Quarterly,Wallet,0,0,160836.17
C101809,20.0,Female,Kolkata,51,1438.33,79975.73,3.0,2,74.0,Annual,UPI,0,0,94470.58
C101810,49.0,Other,Chennai,21,2717.69,62358.56,14.0,2,68.0,Monthly,Debit Card,0,0,85834.69
C101811,52.0,Male,Delhi,37,1270.14,48657.22,6.0,3,52.0,Annual,Debit Card,0,0,58636.86
C101812,55.0,Male,Kolkata,28,1765.95,50193.73,20.0,3,61.0,Annual,Credit Card,1,0,75717.1
C101813,30.0,Male,Mumbai,32,1907.03,61814.17,21.0,2,57.0,Monthly,Credit Card,1,0,71257.78
C101814,44.0,Male,Mumbai,57,2596.85,130915.32,12.0,4,77.0,Annual,Credit Card,1,0,155287.43
C101815,42.0,Female,Delhi,41,980.22,41577.17,18.0,3,74.0,Quarterly,Credit Card,1,0,67110.54
C101816,26.0,Female,Kolkata,54,2101.51,106213.09,18.0,2,62.0,Annual,Credit Card,0,0,123621.4
C101817,21.0,Male,Hyderabad,27,1876.19,48075.18,27.0,5,96.0,Quarterly,Debit Card,0,0,87266.26
C101818,31.0,Male,Bengaluru,40,849.58,37732.18,19.0,5,82.0,Monthly,Credit Card,0,0,59916.4
C101819,54.0,Male,Chennai,41,2084.71,80731.66,7.0,2,45.0,Quarterly,Bank Transfer,0,0,110180.89
C101820,51.0,Male,Kolkata,70,1720.27,132739.48,10.0,0,64.0,Monthly,Wallet,0,0,121944.7
C101821,28.0,Female,Other,24,2171.49,52145.52,16.0,3,80.0,Monthly,UPI,0,0,88347.61
C101822,58.0,Male,Hyderabad,18,1494.0,24282.09,1.0,2,76.0,Quarterly,Bank Transfer,0,0,53073.78
C101823,20.0,Female,Hyderabad,56,1807.73,93025.33,24.0,2,57.0,Annual,UPI,1,0,127785.2
C101824,45.0,Female,Other,15,3280.9,45303.72,17.0,2,52.0,Quarterly,Bank Transfer,0,0,97058.36
C101825,46.0,Female,Bengaluru,72,1541.51,105758.76,15.0,5,49.0,Annual,UPI,0,0,109601.56
C101826,26.0,Male,Bengaluru,35,1681.74,57048.1,15.0,4,95.0,Monthly,Debit Card,1,0,92475.19
C101827,20.0,Female,Hyderabad,27,1467.33,39279.2,34.0,2,74.0,Quarterly,Bank Transfer,1,0,78277.9
C101828,42.0,Female,Bengaluru,3,1887.58,5771.78,11.0,2,43.0,Quarterly,Debit Card,0,0,50757.48
C101829,51.0,Female,Delhi,21,1993.94,44758.67,5.0,2,86.0,Monthly,Debit Card,1,0,79872.95
C101830,29.0,Male,Chennai,39,2590.21,95367.29,11.0,3,40.0,Monthly,UPI,1,0,124072.84
C101831,59.0,Male,Mumbai,32,1691.87,52011.72,2.0,1,54.0,Annual,Wallet,0,0,61511.39
C101832,26.0,Female,Kolkata,50,1635.46,87057.89,17.0,3,41.0,Monthly,Debit Card,0,0,97367.56
C101833,32.0,Male,Hyderabad,9,1959.32,17935.54,8.0,4,74.0,Monthly,UPI,1,0,55763.46
C101834,57.0,Male,Hyderabad,50,882.97,46484.6,19.0,5,72.0,Annual,UPI,0,0,76122.03
C101835,42.0,Female,Pune,1,2808.44,2921.98,17.0,3,81.0,Annual,Bank Transfer,1,0,55739.63
C101836,22.0,Male,Pune,4,399.0,1474.58,11.0,2,53.0,Annual,UPI,0,0,29158.16
C101837,28.0,Male,Bengaluru,4,2517.63,10275.93,5.0,0,99.0,Annual,Debit Card,0,0,61679.61
C101838,51.0,Male,Bengaluru,34,4058.91,149371.16,17.0,2,67.0,Monthly,UPI,0,0,189214.66
C101839,41.0,Female,Bengaluru,27,2193.57,66179.45,16.0,3,88.0,Monthly,Credit Card,1,0,101926.98
C101840,32.0,Male,Delhi,15,2505.31,33769.39,4.0,0,61.0,Annual,Debit Card,1,0,74413.4
C101841,55.0,Female,Hyderabad,32,1869.12,56760.97,9.0,2,59.0,Quarterly,UPI,0,0,95217.89
C101842,25.0,Male,Mumbai,41,1256.31,45399.19,5.0,3,70.0,Quarterly,UPI,0,0,62903.79
C101843,22.0,Male,Hyderabad,71,2312.82,151534.36,9.0,2,100.0,Monthly,Debit Card,1,0,180127.99
C101844,65.0,Female,Pune,61,1135.52,72043.12,13.0,1,75.0,Annual,Debit Card,1,0,89429.0
C101845,43.0,Male,Chennai,63,1031.83,64241.42,10.0,2,55.0,Monthly,Bank Transfer,0,0,70837.99
C101846,35.0,Female,Mumbai,61,1504.18,93145.54,6.0,0,87.0,Monthly,UPI,0,0,111914.82
C101847,23.0,Male,Hyderabad,14,2139.52,26940.72,18.0,4,32.0,Monthly,Credit Card,1,0,66044.65
C101848,54.0,Male,Hyderabad,23,995.86,22504.55,18.0,2,100.0,Quarterly,Debit Card,0,0,48080.52
C101849,65.0,Male,Delhi,65,2238.21,134828.56,19.0,2,86.0,Quarterly,Debit Card,0,0,164252.51
C101850,30.0,Male,Pune,32,2085.51,69758.07,27.0,3,61.0,Monthly,UPI,0,0,102988.11
C101851,45.0,Other,Delhi,41,1851.94,74474.09,18.0,3,58.0,Monthly,Wallet,0,0,100188.06
C101852,22.0,Female,Delhi,26,965.96,26078.24,8.0,1,72.0,Annual,Credit Card,1,0,45588.6
C101853,30.0,Male,Hyderabad,48,2648.84,115605.59,11.0,2,30.0,Annual,UPI,1,0,135879.84
C101854,34.0,Female,Delhi,16,1640.49,23820.01,18.0,1,100.0,Monthly,UPI,0,0,73480.65
C101855,67.0,Female,Hyderabad,31,2004.2,63414.73,17.0,0,95.0,Annual,UPI,1,0,99812.56
C101856,57.0,Male,Hyderabad,66,1731.52,125023.1,8.0,3,83.0,Annual,Wallet,0,0,122097.13
C101857,62.0,Male,Pune,32,784.83,26595.09,20.0,2,66.0,Monthly,Debit Card,0,0,47016.52
C101858,49.0,Female,Kolkata,10,1158.49,12432.1,7.0,4,100.0,Monthly,Credit Card,0,0,42045.19
C101859,46.0,Female,Delhi,25,2667.85,61885.54,4.0,3,45.0,Annual,Bank Transfer,0,0,85776.83
C101860,68.0,Other,Pune,45,2836.79,127928.28,18.0,3,62.0,Monthly,Credit Card,1,0,148617.44
C101861,20.0,Female,Other,24,2159.38,56607.31,11.0,1,40.0,Monthly,Bank Transfer,1,0,82301.62
C101862,57.0,Female,Hyderabad,3,2290.22,7590.32,11.0,4,72.0,Quarterly,UPI,0,1,57103.74
C101863,51.0,Male,Other,62,2877.87,159459.01,10.0,3,56.0,Quarterly,Credit Card,0,0,184061.14
C101864,57.0,Male,Mumbai,67,2861.08,176026.25,15.0,0,79.0,Quarterly,Credit Card,0,0,195404.8
C101865,44.0,Male,Pune,55,2184.65,108714.16,12.0,1,100.0,Quarterly,Credit Card,1,0,138146.6
C101866,30.0,Female,Delhi,10,1410.82,12989.01,15.0,2,93.0,Quarterly,UPI,0,0,54014.07
C101867,62.0,Female,Mumbai,55,514.17,25953.74,20.0,0,65.0,Monthly,Credit Card,1,0,43230.03
C101868,50.0,Female,Delhi,22,1841.0,40254.83,11.0,2,67.0,Monthly,UPI,0,0,63888.34
C101869,23.0,Female,Bengaluru,14,1913.35,25723.54,19.0,1,63.0,Monthly,Credit Card,0,0,66431.92
C101870,41.0,Female,Kolkata,8,3751.05,26987.39,26.0,0,98.0,Annual,Bank Transfer,1,0,94220.32
C101871,36.0,Other,Hyderabad,15,2482.09,35645.23,7.0,2,42.0,Annual,Bank Transfer,0,0,70224.3
C101872,33.0,Male,Bengaluru,15,1934.27,31804.01,24.0,2,100.0,Monthly,UPI,0,0,78238.67
C101873,57.0,Female,Hyderabad,52,1222.6,63004.6,8.0,1,75.0,Monthly,Wallet,0,0,89227.02
C101874,45.0,Female,Bengaluru,70,2107.09,155824.54,9.0,4,29.0,Annual,Debit Card,1,0,136516.08
C101875,50.0,Male,Hyderabad,54,2613.54,132331.1,4.0,2,59.0,Monthly,Credit Card,0,0,133435.78
C101876,65.0,Other,Hyderabad,42,1666.03,69400.44,10.0,2,22.0,Monthly,Credit Card,1,0,78195.06
C101877,58.0,Female,Mumbai,19,1214.21,25193.74,17.0,5,73.0,Annual,Debit Card,0,0,49926.11
C101878,30.0,Male,Chennai,40,1242.7,54438.18,20.0,3,66.0,Quarterly,Credit Card,1,0,63114.39
C101879,60.0,Male,Hyderabad,69,918.02,58020.68,21.0,1,37.0,Monthly,Bank Transfer,0,0,70938.27
C101880,62.0,Female,Bengaluru,27,1602.98,41575.84,1.0,1,91.0,Annual,Bank Transfer,1,0,78470.24
C101881,42.0,Female,Other,43,1309.88,54167.04,3.0,1,100.0,Annual,UPI,1,0,80678.88
C101882,70.0,Female,Hyderabad,52,2157.17,106557.41,16.0,6,68.0,Monthly,UPI,0,0,121914.26
C101883,59.0,Male,Bengaluru,46,2495.87,112445.63,18.0,1,68.0,Annual,Credit Card,1,0,138760.56
C101884,53.0,Male,Hyderabad,14,2781.24,38621.81,21.0,2,76.0,Quarterly,Credit Card,0,0,89435.49
C101885,44.0,Male,Hyderabad,64,1767.14,113884.36,17.0,1,70.0,Monthly,UPI,1,0,122707.13
C101886,55.0,Male,Delhi,61,2005.68,108911.14,6.0,2,56.0,Annual,Debit Card,0,0,124892.13
C101887,24.0,Male,Bengaluru,58,2024.55,109912.71,9.0,3,100.0,Monthly,UPI,1,0,127564.41
C101888,22.0,Female,Chennai,49,1434.35,72740.82,16.0,1,79.0,Monthly,Credit Card,0,0,90427.09
C101889,60.0,Male,Hyderabad,29,1067.35,32172.2,4.0,2,63.0,Monthly,UPI,0,0,60959.48
C101890,44.0,Male,Delhi,26,1213.65,32369.02,7.0,0,81.0,Quarterly,Bank Transfer,0,0,62870.04
C101891,68.0,Male,Pune,27,2195.34,55088.37,15.0,0,76.0,Monthly,UPI,1,0,93320.25
C101892,48.0,Male,Hyderabad,67,2646.13,173782.34,13.0,4,74.0,Annual,Debit Card,1,0,181126.13
C101893,40.0,Female,Hyderabad,67,3353.5,226036.25,15.0,2,54.0,Quarterly,Credit Card,0,0,219197.36
C101894,59.0,Female,Hyderabad,35,1132.49,36527.78,16.0,3,79.0,Monthly,Credit Card,0,0,74420.91
C101895,27.0,Female,Delhi,60,1103.51,73433.17,5.0,4,81.0,Quarterly,UPI,1,0,81764.64
C101896,49.0,Male,Hyderabad,61,562.46,34670.58,15.0,5,58.0,Monthly,Credit Card,1,0,60173.52
C101897,60.0,Male,Mumbai,70,1900.83,119163.54,5.0,2,85.0,Monthly,UPI,0,0,141509.8
C101898,70.0,Male,Hyderabad,3,2151.12,6882.14,13.0,1,81.0,Monthly,Credit Card,0,0,45155.77
C101899,47.0,Male,Hyderabad,33,1389.29,51329.04,19.0,4,93.0,Quarterly,UPI,0,0,70418.05
C101900,56.0,Female,Hyderabad,42,808.51,31086.39,17.0,2,69.0,Monthly,UPI,0,0,51149.78
C101901,48.0,Male,Bengaluru,13,3349.89,38635.55,8.0,2,49.0,Annual,Credit Card,1,0,76372.64
C101902,35.0,Female,Hyderabad,29,2035.77,59712.86,7.0,2,75.0,Monthly,Wallet,1,0,82843.15
C101903,53.0,Male,Chennai,9,1003.6,8073.34,25.0,1,95.0,Monthly,Bank Transfer,1,0,32450.16
C101904,19.0,Female,Mumbai,32,1565.51,45109.19,21.0,2,100.0,Monthly,Debit Card,0,0,81986.55
C101905,31.0,Female,Bengaluru,22,3289.66,72998.03,14.0,5,45.0,Quarterly,UPI,0,0,103936.87
C101906,30.0,Female,Delhi,58,2416.47,155526.46,23.0,1,81.0,Monthly,UPI,0,0,151226.08
C101907,46.0,Female,Pune,57,1586.38,81295.74,14.0,4,86.0,Monthly,UPI,1,0,107659.1
C101908,29.0,Female,Delhi,10,1178.47,11939.78,31.0,1,99.0,Monthly,Debit Card,0,0,55356.4
C101909,56.0,Female,Other,25,2685.05,67266.23,13.0,0,46.0,Quarterly,Bank Transfer,1,0,97847.44
C101910,19.0,Male,Bengaluru,62,871.53,55531.41,33.0,1,100.0,Monthly,UPI,0,0,90812.69
C101911,49.0,Male,Hyderabad,63,2124.6,146042.76,16.0,1,42.0,Monthly,UPI,1,0,146490.92
C101912,30.0,Female,Mumbai,3,2113.44,6299.07,7.0,2,38.0,Monthly,Credit Card,1,0,36025.79
C101913,63.0,Female,Mumbai,47,2767.0,132207.18,15.0,1,100.0,Annual,Credit Card,1,0,146611.73
C101914,44.0,Male,Mumbai,55,2415.43,135288.52,20.0,4,57.0,Annual,UPI,0,0,143080.6
C101915,66.0,Male,Hyderabad,26,2205.1,52382.45,14.0,6,94.0,Quarterly,Bank Transfer,1,0,88866.62
C101916,58.0,Other,Mumbai,13,2019.39,24681.96,10.0,2,74.0,Monthly,UPI,0,0,76468.32
C101917,34.0,Male,Other,7,1998.84,13045.82,17.0,2,97.0,Monthly,Debit Card,0,0,59561.65
C101918,57.0,Male,Bengaluru,34,3017.39,98277.12,19.0,0,65.0,Monthly,Credit Card,0,0,151735.39
C101919,48.0,Male,Other,22,1809.92,37251.26,10.0,3,60.0,Monthly,UPI,1,0,59980.95
C101920,51.0,Female,Bengaluru,23,2364.46,52315.19,14.0,4,72.0,Monthly,Debit Card,0,0,88096.92
C101921,41.0,Male,Hyderabad,48,1539.36,76841.69,8.0,2,96.0,Monthly,UPI,0,0,92830.29
C101922,62.0,Female,Chennai,14,1131.47,15070.66,17.0,0,99.0,Monthly,UPI,1,0,52632.1
C101923,52.0,Male,Mumbai,52,1488.72,77204.07,8.0,2,53.0,Monthly,Bank Transfer,0,0,94519.87
C101924,65.0,Female,Delhi,39,1640.61,70187.77,16.0,3,100.0,Monthly,Bank Transfer,0,0,102023.47
C101925,23.0,Female,Mumbai,41,1117.92,50381.7,23.0,2,53.0,Monthly,UPI,0,0,66319.61
C101926,36.0,Male,Mumbai,36,831.64,32762.35,20.0,2,71.0,Monthly,Bank Transfer,0,0,64075.02
C101927,47.0,Female,Hyderabad,6,2578.67,15161.05,13.0,2,96.0,Monthly,UPI,0,0,69474.49
C101928,24.0,Male,Bengaluru,23,1410.89,34024.72,6.0,1,75.0,Monthly,Bank Transfer,1,0,55084.59
C101929,27.0,Male,Bengaluru,10,1616.95,15381.25,16.0,3,100.0,Monthly,UPI,1,0,61571.56
C101930,58.0,Female,Other,60,1427.02,90557.65,12.0,3,68.0,Monthly,Bank Transfer,1,0,94081.8
C101931,49.0,Male,Bengaluru,30,399.0,13283.21,15.0,2,92.0,Monthly,Credit Card,0,0,47794.31
C101932,51.0,Female,Kolkata,70,2865.16,217496.05,15.0,0,49.0,Monthly,UPI,1,0,188893.96
C101933,45.0,Male,Bengaluru,5,1200.87,5591.27,12.0,2,50.0,Monthly,Credit Card,1,0,34231.66
C101934,32.0,Male,Hyderabad,57,2457.84,140620.59,10.0,0,58.0,Quarterly,Credit Card,0,0,148506.1
C101935,47.0,Male,Bengaluru,43,1404.95,65527.57,18.0,3,50.0,Annual,UPI,0,0,81445.75
C101936,54.0,Female,Bengaluru,52,2197.53,122816.09,25.0,5,56.0,Annual,Debit Card,0,0,131152.28
C101937,46.0,Male,Other,6,2418.92,13951.87,16.0,3,69.0,Monthly,UPI,0,0,56839.78
C101938,39.0,Female,Delhi,2,1034.81,2282.84,15.0,2,75.0,Monthly,UPI,0,0,33698.66
C101939,21.0,Male,Other,17,1534.06,28198.08,23.0,2,80.0,Monthly,Credit Card,1,0,65151.09
C101940,37.0,Male,Pune,12,1646.72,17634.15,13.0,5,87.0,Annual,UPI,1,0,58260.54
C101941,49.0,Female,Mumbai,44,1757.31,86464.19,24.0,0,75.0,Annual,Wallet,0,0,100015.27
C101942,53.0,Female,Delhi,54,2552.78,143265.31,20.0,2,45.0,Annual,UPI,1,0,151246.62
C101943,67.0,Male,Delhi,7,2701.96,20182.6,1.0,0,54.0,Monthly,Credit Card,1,0,45435.44
C101944,21.0,Female,Delhi,32,1567.93,46786.72,18.0,4,89.0,Monthly,UPI,0,0,75057.1
C101945,44.0,Male,Bengaluru,29,1975.24,64053.54,11.0,4,74.0,Monthly,Credit Card,1,0,79888.95
C101946,34.0,Female,Chennai,46,1198.19,55758.09,21.0,2,47.0,Annual,Debit Card,1,0,74295.86
C101947,29.0,Female,Mumbai,53,3405.24,188050.31,4.0,0,40.0,Monthly,UPI,0,0,200839.44
C101948,39.0,Female,Hyderabad,25,2125.38,52933.87,15.0,3,63.0,Quarterly,Wallet,1,0,79143.34
C101949,34.0,Female,Mumbai,53,2345.84,134746.52,14.0,1,88.0,Monthly,UPI,1,0,137813.82
C101950,27.0,Male,Pune,29,1737.02,47394.54,13.0,3,63.0,Annual,UPI,0,0,72385.98
C101951,18.0,Female,Mumbai,6,2495.72,13578.45,23.0,1,90.0,Monthly,UPI,0,1,72552.46
C101952,39.0,Female,Mumbai,38,2140.31,83745.37,35.0,4,100.0,Annual,UPI,0,0,122795.18
C101953,43.0,Male,Hyderabad,3,2427.04,6457.05,17.0,2,86.0,Monthly,Wallet,1,1,60344.09
C101954,35.0,Male,Pune,35,1200.41,37373.39,24.0,3,88.0,Quarterly,Credit Card,0,0,67230.48
C101955,67.0,Female,Bengaluru,55,1917.58,98176.73,24.0,0,38.0,Monthly,Debit Card,0,0,125100.31
C101956,31.0,Female,Other,47,730.23,30254.01,32.0,3,61.0,Annual,Credit Card,1,0,59622.85
C101957,64.0,Male,Other,33,2455.59,72721.22,20.0,2,84.0,Annual,Debit Card,1,1,116270.18
C101958,46.0,Female,Kolkata,3,2161.04,6340.07,21.0,0,59.0,Monthly,Debit Card,0,0,52732.18
C101959,29.0,Female,Hyderabad,69,597.75,40194.08,15.0,1,70.0,Quarterly,Debit Card,0,0,66617.45
C101960,53.0,Male,Bengaluru,59,1063.84,63842.75,8.0,0,95.0,Monthly,Wallet,1,0,76257.06
C101961,52.0,Male,Other,18,1267.1,21484.25,23.0,0,54.0,Monthly,UPI,0,0,48162.38
C101962,69.0,Female,Pune,66,2120.77,135527.87,10.0,2,75.0,Monthly,UPI,0,0,150916.91
C101963,29.0,Male,Kolkata,25,399.0,10517.12,1.0,2,92.0,Quarterly,UPI,1,0,27886.72
C101964,24.0,Male,Mumbai,20,3067.19,57484.29,26.0,3,38.0,Quarterly,Bank Transfer,0,0,104385.03
C101965,46.0,Female,Mumbai,71,1316.11,82741.0,14.0,1,55.0,Quarterly,UPI,1,0,96063.15
C101966,28.0,Female,Hyderabad,69,3742.02,239681.89,18.0,1,56.0,Quarterly,Credit Card,1,0,264128.49
C101967,50.0,Female,Pune,29,2057.68,58268.47,7.0,2,76.0,Annual,Credit Card,1,0,93728.54
C101968,23.0,Female,Pune,18,399.0,7804.08,22.0,0,71.0,Monthly,Wallet,1,0,33478.97
C101969,64.0,Male,Hyderabad,72,772.52,58752.09,12.0,1,82.0,Monthly,UPI,1,0,61139.69
C101970,32.0,Male,Hyderabad,27,2062.47,57510.09,16.0,1,48.0,Annual,Credit Card,0,0,81832.43
C101971,49.0,Female,Mumbai,42,911.37,36829.53,19.0,4,65.0,Monthly,Debit Card,0,0,70754.8
C101972,68.0,Male,Delhi,66,1149.66,79387.44,14.0,1,61.0,Monthly,Wallet,0,0,87381.1
C101973,28.0,Female,Hyderabad,26,445.54,11800.76,10.0,1,68.0,Annual,Wallet,1,0,33486.17
C101974,40.0,Male,Bengaluru,23,1754.95,42256.67,15.0,4,76.0,Annual,Debit Card,1,0,76539.03
C101975,43.0,Male,Hyderabad,5,2759.85,15450.35,12.0,1,56.0,Quarterly,Bank Transfer,0,0,57468.79
C101976,51.0,Male,Hyderabad,11,1330.92,15692.75,1.0,1,64.0,Monthly,UPI,0,0,32880.0
C101977,63.0,Female,Kolkata,19,2146.45,40359.95,15.0,2,76.0,Monthly,UPI,0,0,75488.12
C101978,51.0,Male,Delhi,12,1099.57,14659.44,21.0,4,30.0,Monthly,Debit Card,0,0,31424.53
C101979,46.0,Male,Delhi,2,2458.33,4564.19,2.0,0,68.0,Monthly,Bank Transfer,0,0,47785.15
C101980,21.0,Male,Pune,43,1469.62,65224.03,20.0,4,78.0,Monthly,UPI,0,0,86754.39
C101981,34.0,Female,Bengaluru,22,1964.0,41434.34,20.0,4,100.0,Monthly,Debit Card,0,0,84810.3
C101982,52.0,Male,Pune,26,1287.17,30264.43,23.0,1,83.0,Monthly,UPI,0,0,68759.76
C101983,30.0,Male,Other,33,1575.87,57945.68,17.0,2,70.0,Quarterly,Debit Card,1,0,75771.73
C101984,58.0,Male,Delhi,24,1184.72,28403.51,13.0,1,100.0,Annual,Debit Card,0,0,58820.14
C101985,56.0,Female,Chennai,69,2844.48,192398.51,15.0,3,60.0,Monthly,Debit Card,0,0,199451.44
C101986,32.0,Male,Delhi,21,1832.03,35214.74,14.0,2,53.0,Monthly,UPI,0,0,74093.68
C101987,46.0,Male,Kolkata,46,1282.77,63012.73,7.0,1,60.0,Monthly,Credit Card,0,0,77600.82
C101988,46.0,Male,Hyderabad,18,1624.39,27279.3,12.0,2,82.0,Monthly,Bank Transfer,1,0,52863.99
C101989,28.0,Female,Bengaluru,5,2072.44,10204.36,19.0,3,100.0,Monthly,Debit Card,0,0,63389.55
C101990,69.0,Female,Kolkata,8,2487.46,19756.38,14.0,2,78.0,Annual,Bank Transfer,1,0,65034.82
C101991,49.0,Female,Other,57,1419.93,74542.9,12.0,3,72.0,Monthly,UPI,0,0,92512.22
C101992,19.0,Female,Mumbai,5,2254.73,12034.73,16.0,4,62.0,Monthly,Debit Card,0,0,37139.32
C101993,64.0,Female,Bengaluru,13,1791.14,25050.02,9.0,4,28.0,Monthly,Credit Card,1,0,48360.73
C101994,31.0,Male,Bengaluru,66,1264.47,92666.47,16.0,0,37.0,Monthly,UPI,1,0,97138.63
C101995,37.0,Female,Mumbai,37,1546.34,57232.19,18.0,1,74.0,Monthly,Wallet,0,0,74966.69
C101996,39.0,Female,Other,29,1642.31,46443.22,16.0,4,56.0,Annual,Credit Card,0,0,71806.56
C101997,28.0,Female,Hyderabad,69,3270.84,218060.39,8.0,2,68.0,Annual,Credit Card,1,0,208260.92
C101998,44.0,Male,Chennai,32,1876.35,66417.43,21.0,5,64.0,Quarterly,Wallet,1,0,90886.89
C101999,20.0,Female,Kolkata,48,2282.46,116364.97,10.0,4,51.0,Monthly,Bank Transfer,1,0,118367.53
C102000,34.0,Male,Bengaluru,2,2830.15,5680.83,15.0,0,44.0,Annual,UPI,1,0,51370.21
C102001,61.0,Female,Pune,69,1858.95,135170.79,24.0,2,63.0,Monthly,UPI,0,0,142434.61
C102002,45.0,Male,Chennai,51,2663.12,133900.4,3.0,1,72.0,Annual,Debit Card,0,0,144256.55
C102003,46.0,Male,Pune,35,1818.22,67770.35,9.0,3,60.0,Monthly,Debit Card,0,0,84737.76
C102004,38.0,Male,Other,15,1987.61,32885.69,16.0,3,67.0,Annual,Debit Card,1,0,66028.69
C102005,64.0,Male,Chennai,72,1594.3,106947.26,11.0,5,68.0,Monthly,Debit Card,0,0,113014.95
C102006,33.0,Female,Pune,65,1753.85,110410.37,5.0,4,85.0,Annual,UPI,0,0,127017.45
C102007,54.0,Male,Other,38,2141.88,84302.5,15.0,0,79.0,Quarterly,Debit Card,1,0,121502.42
C102008,37.0,Male,Other,17,1108.6,18939.79,1.0,1,59.0,Monthly,Credit Card,0,0,40717.66
C102009,23.0,Female,Chennai,45,1044.1,46823.49,31.0,2,79.0,Monthly,UPI,0,0,69845.0
C102010,36.0,Male,Mumbai,1,2377.3,2570.24,21.0,1,68.0,Monthly,Credit Card,0,0,38173.05
C102011,22.0,Female,Bengaluru,3,2557.05,8131.08,9.0,2,28.0,Monthly,UPI,0,0,52994.68
C102012,20.0,Male,Bengaluru,70,1858.615,204061.53,13.0,0,58.0,Monthly,Credit Card,1,0,200438.77
C102013,18.0,Male,Mumbai,52,1535.49,74974.34,5.0,2,100.0,Monthly,Credit Card,0,0,108294.0
C102014,55.0,Female,Hyderabad,53,677.96,38310.22,24.0,6,100.0,Monthly,Debit Card,0,0,66780.16
C102015,32.0,Female,Delhi,3,570.27,1685.47,16.0,1,50.0,Monthly,Credit Card,0,0,27097.95
C102016,51.0,Male,Mumbai,47,2664.18,137864.08,5.0,2,44.0,Monthly,Debit Card,0,0,130785.87
C102017,52.0,Female,Kolkata,6,2364.35,12493.82,12.0,1,100.0,Monthly,Credit Card,1,0,72521.83
C102018,66.0,Female,Pune,46,2099.85,98171.91,19.0,2,50.0,Monthly,UPI,0,0,118685.28
C102019,42.0,Female,Bengaluru,61,2213.75,138792.21,19.0,6,42.0,Monthly,Credit Card,0,0,140110.08
C102020,41.0,Male,Mumbai,43,2494.83,97947.57,19.0,2,58.0,Annual,Credit Card,0,0,140189.28
C102021,29.0,Male,Pune,56,3282.35,184092.06,16.0,1,69.0,Annual,UPI,1,0,205813.62
C102022,35.0,Female,Hyderabad,70,1340.8,85201.08,1.0,1,74.0,Annual,UPI,0,0,100247.33
C102023,32.0,Female,Hyderabad,20,1858.615,24016.14,32.0,1,61.0,Monthly,Credit Card,0,0,57528.22
C102024,61.0,Male,Pune,47,2116.85,103715.76,12.0,5,88.0,Quarterly,Debit Card,0,0,123340.77
C102025,33.0,Female,Hyderabad,54,2300.41,129665.38,18.0,2,60.0,Quarterly,Credit Card,1,0,134881.87
C102026,44.0,Male,Kolkata,41,1014.87,41406.91,27.0,2,76.0,Monthly,UPI,0,0,76634.6
C102027,25.0,Male,Kolkata,66,2588.52,184293.35,17.0,5,100.0,Annual,UPI,0,0,195682.42
C102028,63.0,Male,Chennai,31,1761.72,55632.3,25.0,3,100.0,Annual,Credit Card,0,0,92112.11
C102029,42.0,Female,Pune,64,2137.15,140104.68,23.0,0,93.0,Quarterly,Wallet,1,0,160825.37
C102030,34.0,Male,Bengaluru,58,959.83,51328.09,15.0,2,87.0,Monthly,Wallet,1,0,75883.81
C102031,46.0,Female,Pune,55,544.91,29743.9,19.0,4,40.0,Quarterly,Debit Card,0,0,48323.66
C102032,70.0,Female,Pune,46,2173.0,89135.25,12.0,1,100.0,Monthly,Credit Card,0,0,132890.37
C102033,25.0,Female,Hyderabad,24,3100.55,70080.84,12.0,2,72.0,Monthly,Credit Card,0,0,108830.78
C102034,32.0,Other,Mumbai,37,1826.89,62816.41,28.0,1,84.0,Quarterly,Bank Transfer,1,0,98265.3
C102035,44.0,Female,Delhi,41,1858.615,118745.94,14.0,2,70.0,Monthly,Debit Card,1,0,151498.73
C102036,63.0,Other,Hyderabad,25,904.68,22466.9,21.0,1,74.0,Monthly,Credit Card,1,0,47685.19
C102037,67.0,Male,Other,29,1225.67,33220.46,10.0,4,15.0,Monthly,Bank Transfer,0,0,40103.84
C102038,69.0,Male,Chennai,31,2119.74,58768.64,11.0,3,53.0,Quarterly,UPI,0,0,91474.25
C102039,24.0,Male,Mumbai,2,2399.51,4623.65,17.0,0,67.0,Annual,UPI,0,0,47117.96
C102040,20.0,Male,Hyderabad,12,1471.39,15966.18,13.0,3,53.0,Monthly,Bank Transfer,0,0,51644.34
C102041,46.0,Female,Mumbai,5,2181.43,9957.06,10.0,2,62.0,Monthly,Bank Transfer,1,0,41933.08
C102042,61.0,Male,Pune,61,1450.65,95020.13,12.0,2,46.0,Monthly,Credit Card,0,0,97055.98
C102043,70.0,Female,Mumbai,56,1876.49,102959.78,19.0,2,72.0,Quarterly,UPI,1,0,117833.59
C102044,41.0,Female,Pune,71,2276.76,155704.09,11.0,4,63.0,Annual,UPI,1,0,162038.5
C102045,20.0,Female,Delhi,37,3003.58,99526.54,16.0,4,75.0,Monthly,Credit Card,1,0,135852.15
C102046,37.0,Male,Bengaluru,36,1228.92,43135.76,27.0,2,100.0,Monthly,Credit Card,0,0,87832.8
C102047,63.0,Female,Chennai,29,2188.42,64361.01,18.0,0,88.0,Monthly,Debit Card,1,0,95588.75
C102048,32.0,Male,Hyderabad,38,2601.03,94796.41,25.0,4,70.0,Annual,Bank Transfer,1,0,130925.0
C102049,42.0,Male,Hyderabad,41,3287.41,136844.39,17.0,1,100.0,Monthly,Bank Transfer,1,0,169457.21
C102050,47.0,Female,Hyderabad,33,2787.71,103009.57,14.0,5,55.0,Quarterly,Bank Transfer,1,0,115410.9
C102051,31.0,Female,Other,13,2244.49,28565.51,26.0,1,93.0,Monthly,Wallet,0,0,76544.42
C102052,24.0,Male,Other,6,537.08,3271.2,6.0,3,85.0,Quarterly,Credit Card,0,0,29589.72
C102053,34.0,Female,Hyderabad,66,2113.39,128911.39,21.0,2,35.0,Monthly,Debit Card,0,0,142682.3
C102054,61.0,Male,Bengaluru,8,2522.57,21095.31,23.0,2,78.0,Monthly,Debit Card,1,1,77538.54
C102055,37.0,Male,Hyderabad,64,1092.46,61714.87,5.0,3,56.0,Monthly,UPI,1,0,79111.67
C102056,53.0,Male,Pune,9,1237.48,10291.68,10.0,2,82.0,Monthly,Bank Transfer,0,0,44937.33
C102057,26.0,Female,Mumbai,23,2981.7,66364.89,17.0,3,69.0,Monthly,UPI,0,0,117571.32
C102058,55.0,Female,Delhi,71,2612.22,196643.05,18.0,5,63.0,Quarterly,UPI,0,0,194476.78
C102059,65.0,Male,Mumbai,21,809.73,17938.2,22.0,1,47.0,Monthly,UPI,0,0,47889.43
C102060,39.0,Male,Delhi,1,1817.24,1984.15,7.0,1,85.0,Quarterly,UPI,1,0,40128.67
C102061,70.0,Female,Bengaluru,46,1793.01,91721.21,9.0,3,55.0,Monthly,Credit Card,0,0,106721.94
C102062,70.0,Male,Hyderabad,62,2831.29,162651.5,25.0,1,54.0,Quarterly,Wallet,0,0,186554.71
C102063,19.0,Male,Hyderabad,2,2882.13,6387.2,22.0,2,67.0,Monthly,Credit Card,1,0,64235.69
C102064,41.0,Female,Chennai,44,2246.75,92730.21,19.0,1,76.0,Annual,Credit Card,0,0,124232.61
C102065,25.0,Male,Kolkata,5,1147.46,5901.74,15.0,1,65.0,Monthly,Debit Card,0,0,43038.13
C102066,28.0,Female,Bengaluru,39,1523.62,54596.55,15.0,4,40.0,Monthly,UPI,1,0,82435.26
C102067,30.0,Male,Hyderabad,66,623.39,36420.51,22.0,2,77.0,Quarterly,Wallet,1,0,58071.35
C102068,34.0,Female,Kolkata,45,787.37,33863.01,21.0,1,46.0,Monthly,Wallet,0,0,57541.17
C102069,25.0,Female,Hyderabad,13,3554.4,43124.92,16.0,5,53.0,Monthly,UPI,1,0,95407.69
C102070,38.0,Female,Hyderabad,32,1851.29,56990.82,6.0,2,47.0,Annual,Debit Card,0,0,65095.09
C102071,35.0,Male,Kolkata,43,1607.28,65446.06,6.0,2,97.0,Quarterly,UPI,0,0,102163.05
C102072,47.0,Female,Delhi,8,1961.72,14245.37,21.0,3,83.0,Annual,Wallet,0,0,73515.8
C102073,35.0,Female,Chennai,59,1873.27,102794.88,18.0,4,74.0,Quarterly,Credit Card,0,0,118171.51
C102074,63.0,Male,Pune,11,2072.43,20541.42,12.0,1,77.0,Monthly,Debit Card,0,0,61673.13
C102075,64.0,Female,Pune,28,1442.58,40685.81,4.0,4,81.0,Annual,UPI,0,0,52035.19
C102076,48.0,Female,Hyderabad,39,3035.89,127712.21,24.0,2,31.0,Annual,Credit Card,0,0,136249.57
C102077,55.0,Female,Delhi,26,1373.41,36329.11,10.0,2,63.0,Monthly,Debit Card,0,0,54949.28
C102078,49.0,Male,Delhi,72,689.11,47528.3,12.0,2,59.0,Monthly,UPI,1,0,62594.34
C102079,28.0,Male,Other,26,904.89,25483.17,14.0,1,57.0,Quarterly,Bank Transfer,0,0,45331.95
C102080,62.0,Female,Other,32,1791.9,52571.18,6.0,6,47.0,Monthly,Wallet,0,0,65909.65
C102081,42.0,Male,Bengaluru,46,2400.23,119052.82,5.0,4,16.0,Monthly,UPI,0,0,118073.22
C102082,50.0,Other,Mumbai,28,2570.34,73988.32,16.0,2,61.0,Annual,Wallet,1,0,106106.45
C102083,55.0,Female,Hyderabad,7,2632.17,17100.76,24.0,5,80.0,Monthly,Credit Card,1,0,63792.46
C102084,58.0,Female,Hyderabad,35,981.79,31954.39,32.0,3,83.0,Monthly,UPI,1,0,64455.34
C102085,25.0,Male,Chennai,66,2655.23,156689.79,20.0,3,59.0,Quarterly,Debit Card,1,0,170280.68
C102086,28.0,Male,Delhi,22,2123.67,51044.79,28.0,2,86.0,Monthly,UPI,1,0,90654.43
C102087,39.0,Female,Mumbai,22,1842.12,42972.2,19.0,2,82.0,Annual,Bank Transfer,1,0,75838.03
C102088,68.0,Female,Chennai,3,1314.64,4353.23,23.0,1,68.0,Monthly,Credit Card,0,0,48405.39
C102089,41.0,Other,Pune,46,1199.6,51558.41,15.0,0,73.0,Monthly,Wallet,0,0,79664.15
C102090,58.0,Male,Pune,50,2146.82,95622.33,17.0,5,78.0,Monthly,Credit Card,0,0,133215.76
C102091,34.0,Male,Delhi,8,1844.98,14741.09,18.0,2,61.0,Quarterly,UPI,1,0,44534.36
C102092,29.0,Male,Hyderabad,4,618.8,2365.42,16.0,2,80.0,Quarterly,Credit Card,0,0,41211.57
C102093,63.0,Female,Pune,15,1854.51,27247.85,12.0,1,42.0,Annual,Bank Transfer,1,0,49101.42
C102094,49.0,Male,Kolkata,44,1523.16,66438.08,20.0,3,47.0,Monthly,Credit Card,0,0,79730.49
C102095,32.0,Male,Hyderabad,39,2818.35,117639.57,13.0,2,67.0,Annual,Debit Card,1,0,124402.72
C102096,33.0,Male,Chennai,29,2026.31,61823.15,18.0,3,97.0,Quarterly,Wallet,1,0,102592.19
C102097,39.0,Male,Other,62,1774.77,117413.38,13.0,2,69.0,Annual,Bank Transfer,0,0,129187.63
C102098,45.0,Other,Mumbai,34,1285.63,40844.83,26.0,5,75.0,Monthly,Bank Transfer,1,0,66614.12
C102099,37.0,Female,Mumbai,26,1974.85,45695.35,24.0,2,45.0,Monthly,UPI,0,0,78365.74
C102100,50.0,Male,Hyderabad,18,1387.07,27231.69,11.0,2,90.0,Monthly,UPI,0,0,56761.76
C102101,27.0,Male,Mumbai,63,854.98,52227.59,14.0,1,88.0,Monthly,Wallet,1,0,76284.52
C102102,57.0,Male,Chennai,52,2028.89,101315.89,12.0,1,38.0,Quarterly,Bank Transfer,0,0,114043.78
C102103,49.0,Male,Hyderabad,54,1999.85,114171.75,16.0,2,96.0,Annual,Debit Card,0,0,132157.12
C102104,67.0,Male,Chennai,42,1679.89,64142.21,1.0,0,46.0,Quarterly,UPI,0,0,80128.23
C102105,50.0,Female,Hyderabad,54,1845.54,96543.62,18.0,4,75.0,Monthly,Wallet,1,0,114722.47
C102106,19.0,Male,Delhi,52,2155.88,110995.36,6.0,3,100.0,Monthly,Bank Transfer,0,0,129562.46
C102107,50.0,Male,Other,13,948.28,13769.42,15.0,7,41.0,Monthly,Credit Card,1,1,33680.41
C102108,50.0,Male,Chennai,32,1513.22,51561.06,19.0,2,74.0,Annual,UPI,1,0,72283.81
C102109,58.0,Female,Delhi,66,2759.43,198004.83,27.0,1,62.0,Monthly,Bank Transfer,0,0,190522.63
C102110,30.0,Female,Chennai,58,2524.04,157667.38,14.0,2,32.0,Monthly,Debit Card,1,0,143285.76
C102111,47.0,Female,Hyderabad,39,3123.7,115568.36,18.0,2,61.0,Monthly,Wallet,0,0,138191.89
C102112,50.0,Female,Other,27,2315.17,57605.36,7.0,1,37.0,Monthly,Debit Card,0,0,75444.41
C102113,30.0,Female,Hyderabad,54,2258.12,134832.57,13.0,2,70.0,Monthly,Debit Card,0,0,140914.97
C102114,69.0,Male,Hyderabad,72,1743.83,112348.42,9.0,0,95.0,Monthly,Credit Card,0,0,143907.32
C102115,43.0,Female,Chennai,43,1077.07,47084.28,16.0,3,71.0,Annual,Credit Card,1,0,72337.71
C102116,39.0,Male,Delhi,52,2492.43,124507.37,8.0,1,39.0,Annual,UPI,1,0,131861.88
C102117,56.0,Male,Bengaluru,14,1997.32,29459.78,23.0,2,50.0,Annual,UPI,0,0,70418.42
C102118,19.0,Female,Hyderabad,8,948.05,7138.1,11.0,0,80.0,Annual,Debit Card,0,0,31051.41
C102119,55.0,Male,Pune,35,2177.43,81042.77,13.0,2,97.0,Monthly,UPI,1,0,105664.06
C102120,56.0,Female,Bengaluru,18,2528.66,44890.1,9.0,1,79.0,Monthly,Debit Card,1,0,84652.7
C102121,43.0,Male,Hyderabad,55,1277.58,70482.45,6.0,6,11.0,Monthly,Bank Transfer,1,0,65186.35
C102122,63.0,Female,Bengaluru,52,1557.45,86235.09,3.0,1,39.0,Quarterly,Wallet,0,0,79235.23
C102123,67.0,Female,Hyderabad,72,2039.04,151565.23,1.0,3,70.0,Quarterly,UPI,1,0,147059.95
C102124,32.0,Other,Mumbai,49,1221.61,62839.23,14.0,1,100.0,Quarterly,Bank Transfer,0,0,77135.68
C102125,51.0,Female,Delhi,8,1704.53,13979.33,22.0,4,26.0,Monthly,Bank Transfer,0,0,38053.41
C102126,59.0,Female,Pune,37,1948.85,79053.76,11.0,2,88.0,Monthly,UPI,1,0,104843.38
C102127,61.0,Female,Bengaluru,66,2321.69,143951.46,5.0,2,48.0,Monthly,Credit Card,0,0,146015.21
C102128,66.0,Male,Hyderabad,41,1793.42,69601.21,9.0,2,59.0,Monthly,Credit Card,1,0,93034.92
C102129,57.0,Male,Hyderabad,27,2392.95,69343.7,12.0,2,67.0,Annual,Bank Transfer,0,0,96525.32
C102130,28.0,Female,Bengaluru,20,1916.07,34243.95,10.0,3,89.0,Annual,Credit Card,0,0,80137.67
C102131,20.0,Female,Hyderabad,38,1858.615,68764.89,22.0,2,72.0,Monthly,Credit Card,0,0,100545.13
C102132,23.0,Female,Bengaluru,12,2032.06,26836.93,25.0,3,68.0,Quarterly,Credit Card,1,0,61663.9
C102133,26.0,Female,Hyderabad,42,399.0,16105.4,14.0,2,60.0,Monthly,UPI,1,0,36626.26
C102134,23.0,Female,Mumbai,50,1361.6,75121.09,4.0,1,66.0,Monthly,UPI,1,0,82864.72
C102135,26.0,Male,Chennai,31,1858.615,85072.24,8.0,4,67.0,Monthly,UPI,0,0,103104.87
C102136,56.0,Male,Hyderabad,65,483.36,33887.73,14.0,5,50.0,Monthly,Credit Card,1,0,43560.78
C102137,48.0,Male,Chennai,53,2056.49,98713.56,5.0,5,85.0,Quarterly,Credit Card,0,0,121904.22
C102138,49.0,Male,Hyderabad,40,2700.7,95730.33,15.0,1,72.0,Monthly,Debit Card,0,0,145852.31
C102139,58.0,Female,Delhi,39,2789.29,118074.65,17.0,2,84.0,Annual,UPI,0,0,136858.7
C102140,67.0,Female,Bengaluru,10,2591.18,27216.85,13.0,2,76.0,Annual,UPI,0,0,84604.37
C102141,29.0,Female,Hyderabad,29,2924.95,82292.96,15.0,3,99.0,Monthly,Credit Card,0,0,115096.99
C102142,25.0,Male,Bengaluru,40,2593.82,99677.33,9.0,5,75.0,Monthly,Credit Card,0,0,133134.39
C102143,25.0,Male,Bengaluru,30,1550.52,41768.44,10.0,0,55.0,Quarterly,Bank Transfer,0,0,69848.98
C102144,67.0,Male,Pune,2,2516.62,5083.93,14.0,1,100.0,Annual,Bank Transfer,1,0,55581.66
C102145,45.0,Female,Other,28,900.43,25306.99,11.0,2,70.0,Monthly,Credit Card,1,0,43746.92
C102146,37.0,Male,Hyderabad,47,2433.39,118031.33,15.0,2,76.0,Monthly,UPI,1,0,133668.04
C102147,64.0,Male,Delhi,32,2004.33,68104.93,6.0,1,85.0,Annual,Debit Card,0,0,93179.65
C102148,24.0,Male,Bengaluru,32,2500.52,76922.79,5.0,3,78.0,Monthly,Credit Card,0,0,106401.98
C102149,28.0,Male,Hyderabad,27,1978.36,53476.87,14.0,0,52.0,Monthly,Wallet,0,0,86255.13
C102150,37.0,Female,Hyderabad,54,2698.26,142238.66,23.0,1,89.0,Annual,Credit Card,1,0,168179.51
C102151,33.0,Male,Kolkata,56,1893.18,94301.53,4.0,4,70.0,Monthly,Credit Card,0,0,101150.6
C102152,21.0,Male,Bengaluru,31,1636.05,47416.78,25.0,4,93.0,Monthly,Debit Card,0,0,84453.92
C102153,23.0,Male,Other,24,2000.6,52027.69,26.0,2,91.0,Monthly,Bank Transfer,1,0,84688.9
C102154,39.0,Male,Chennai,35,804.82,28276.26,2.0,0,52.0,Monthly,Bank Transfer,1,0,45340.82
C102155,43.0,Female,Hyderabad,30,1983.03,61148.84,24.0,6,97.0,Annual,UPI,1,0,87404.61
C102156,20.0,Female,Pune,55,1510.6,86454.26,6.0,1,54.0,Monthly,UPI,0,0,95900.89
C102157,58.0,Male,Kolkata,64,1154.1,80857.78,18.0,3,75.0,Annual,Debit Card,1,0,83042.2
C102158,59.0,Female,Pune,33,1346.43,43823.91,25.0,2,81.0,Monthly,Wallet,0,0,75776.09
C102159,31.0,Male,Pune,46,956.76,48377.31,18.0,5,61.0,Monthly,Credit Card,1,1,64488.31
C102160,28.0,Female,Bengaluru,33,797.87,29441.73,19.0,6,100.0,Quarterly,Credit Card,1,0,59441.59
C102161,35.0,Male,Hyderabad,68,1676.66,120324.04,21.0,1,60.0,Annual,Bank Transfer,1,0,128248.98
C102162,29.0,Male,Hyderabad,64,2128.12,145418.97,35.0,1,42.0,Monthly,Wallet,0,0,143863.43
C102163,40.0,Female,Chennai,30,827.01,27533.5,11.0,3,90.0,Quarterly,UPI,0,0,48093.47
C102164,29.0,Female,Other,29,1769.67,51824.13,24.0,1,69.0,Monthly,UPI,1,0,74994.05
C102165,30.0,Female,Delhi,62,2178.89,135335.52,6.0,2,96.0,Annual,Bank Transfer,1,0,151778.79
C102166,42.0,Male,Pune,30,1976.89,52290.68,6.0,1,61.0,Annual,Bank Transfer,0,0,90383.66
C102167,62.0,Male,Bengaluru,12,2344.83,26458.85,17.0,4,73.0,Quarterly,Bank Transfer,1,0,70854.95
C102168,68.0,Other,Delhi,67,3821.46,259801.66,21.0,2,100.0,Quarterly,Debit Card,0,0,272953.83
C102169,36.0,Male,Kolkata,15,2873.4,47949.95,19.0,1,72.0,Monthly,Bank Transfer,0,0,76679.83
C102170,63.0,Male,Chennai,10,1384.13,13484.02,12.0,4,72.0,Monthly,Credit Card,0,0,33518.44
C102171,53.0,Male,Chennai,61,1172.06,78290.9,12.0,3,93.0,Monthly,UPI,1,0,91849.64
C102172,62.0,Male,Delhi,23,1498.14,31880.92,8.0,1,71.0,Monthly,Credit Card,0,0,63205.72
C102173,25.0,Male,Mumbai,11,2386.53,26168.73,18.0,2,69.0,Annual,Credit Card,0,0,70885.4
C102174,46.0,Female,Other,16,1827.15,28047.63,18.0,2,66.0,Monthly,UPI,1,0,66274.22
C102175,70.0,Male,Chennai,49,1831.99,93977.45,22.0,3,58.0,Monthly,Credit Card,0,0,111110.88
C102176,49.0,Female,Hyderabad,14,2113.95,31940.94,5.0,3,55.0,Annual,Credit Card,1,0,59119.5
C102177,68.0,Male,Chennai,6,2100.21,11099.99,35.0,3,100.0,Annual,Credit Card,0,0,79530.92
C102178,61.0,Male,Bengaluru,42,1971.78,73645.24,6.0,5,87.0,Monthly,Wallet,0,0,107590.2
C102179,35.0,Female,Mumbai,17,2409.75,41665.34,8.0,3,53.0,Monthly,Credit Card,0,0,57572.75
C102180,23.0,Female,Hyderabad,42,2027.07,85756.21,14.0,4,97.0,Monthly,Credit Card,0,0,123265.73
C102181,35.0,Male,Other,10,1087.88,11079.13,15.0,4,89.0,Monthly,UPI,0,0,29810.28
C102182,36.0,Female,Pune,46,2401.87,99719.85,15.0,4,67.0,Monthly,Bank Transfer,1,0,126554.5
C102183,39.0,Male,Hyderabad,49,2759.39,130591.4,20.0,3,90.0,Annual,UPI,1,0,163372.84
C102184,54.0,Female,Hyderabad,9,1704.42,13550.22,19.0,0,100.0,Quarterly,Wallet,0,0,58287.97
C102185,49.0,Female,Mumbai,39,2250.78,97054.09,25.0,0,85.0,Annual,Debit Card,0,0,121381.47
C102186,58.0,Male,Pune,2,1496.55,2853.47,21.0,1,76.0,Monthly,Debit Card,1,0,49970.85
C102187,20.0,Female,Hyderabad,68,1295.66,79831.61,7.0,2,47.0,Monthly,Bank Transfer,0,0,97229.8
C102188,45.0,Female,Hyderabad,52,1375.1,74544.73,12.0,2,62.0,Monthly,UPI,1,0,87342.57
C102189,27.0,Male,Mumbai,11,1669.09,16773.73,11.0,1,68.0,Annual,Credit Card,1,0,46826.44
C102190,68.0,Male,Delhi,37,2737.67,90139.32,13.0,2,42.0,Monthly,UPI,1,0,113918.73
C102191,52.0,Male,Bengaluru,72,1751.91,119980.58,23.0,1,56.0,Monthly,Wallet,1,0,141406.3
C102192,46.0,Female,Delhi,22,1268.72,30703.93,20.0,3,91.0,Monthly,Bank Transfer,1,0,64693.61
C102193,32.0,Male,Other,52,1643.03,89058.52,14.0,0,60.0,Quarterly,Credit Card,1,0,91485.6
C102194,50.0,Male,Hyderabad,5,2231.86,9834.68,23.0,3,37.0,Monthly,Credit Card,0,0,57333.39
C102195,24.0,Male,Mumbai,2,2744.49,6073.14,22.0,3,67.0,Monthly,Bank Transfer,1,0,53420.68
C102196,29.0,Female,Hyderabad,5,2152.09,11768.6,6.0,1,56.0,Monthly,Credit Card,0,0,43549.66
C102197,66.0,Female,Hyderabad,32,1784.18,52724.01,8.0,2,70.0,Monthly,Debit Card,1,0,71613.34
C102198,47.0,Female,Hyderabad,19,2922.46,55635.84,18.0,3,82.0,Quarterly,Credit Card,1,0,78559.01
C102199,38.0,Male,Chennai,4,1907.23,8419.91,14.0,3,84.0,Annual,Credit Card,1,0,42671.37
C102200,48.0,Female,Pune,46,1616.82,77209.35,20.0,2,69.0,Monthly,Bank Transfer,0,0,97498.08
C102201,41.0,Female,Mumbai,26,1300.5,29815.93,12.0,0,65.0,Annual,UPI,0,0,68342.8
C102202,37.0,Female,Bengaluru,50,1402.23,64314.54,21.0,3,49.0,Monthly,Debit Card,1,0,95525.4
C102203,54.0,Male,Hyderabad,26,1046.35,23994.43,15.0,1,61.0,Monthly,Credit Card,0,0,53334.46
C102204,21.0,Male,Mumbai,71,951.86,71349.09,20.0,3,57.0,Quarterly,Bank Transfer,0,0,88883.59
C102205,45.0,Female,Hyderabad,32,1747.15,58614.23,18.0,4,87.0,Monthly,Debit Card,0,0,90804.82
C102206,61.0,Male,Bengaluru,44,1479.7,62828.31,12.0,0,100.0,Monthly,UPI,0,0,94731.13
C102207,37.0,Female,Mumbai,26,2582.85,62074.98,27.0,2,89.0,Quarterly,Debit Card,0,0,101468.01
C102208,41.0,Female,Kolkata,61,1998.19,136494.39,13.0,0,96.0,Monthly,Debit Card,0,0,145931.53
C102209,67.0,Female,Hyderabad,51,2250.02,116375.12,30.0,2,99.0,Quarterly,UPI,1,0,144415.7
C102210,66.0,Female,Delhi,59,2108.1,123536.11,2.0,4,31.0,Quarterly,UPI,0,0,125574.06
C102211,68.0,Female,Hyderabad,38,1098.18,44745.89,7.0,2,67.0,Monthly,Bank Transfer,1,0,55591.19
C102212,49.0,Male,Delhi,26,1667.94,44310.59,16.0,3,48.0,Monthly,Debit Card,0,0,68414.27
C102213,58.0,Male,Mumbai,45,2074.48,85647.01,4.0,4,31.0,Monthly,Credit Card,0,0,106232.22
C102214,53.0,Male,Pune,31,667.41,19364.3,11.0,2,92.0,Monthly,Credit Card,0,0,44776.25
C102215,70.0,Female,Mumbai,70,652.26,49240.07,20.0,2,100.0,Monthly,Debit Card,0,0,71424.46
C102216,51.0,Male,Bengaluru,45,1921.65,86272.43,13.0,4,5.0,Monthly,Bank Transfer,1,0,81606.88
C102217,53.0,Male,Bengaluru,31,1640.79,46905.42,20.0,4,62.0,Monthly,Credit Card,1,0,72646.57
C102218,19.0,Female,Hyderabad,61,399.0,27001.34,26.0,1,84.0,Monthly,Credit Card,1,0,46073.23
C102219,32.0,Female,Mumbai,48,633.22,32563.29,19.0,1,67.0,Quarterly,UPI,1,0,52357.49
C102220,51.0,Other,Kolkata,45,1164.01,56399.98,8.0,4,72.0,Monthly,Credit Card,0,0,64837.37
C102221,53.0,Female,Mumbai,60,2375.65,156209.02,14.0,2,75.0,Annual,Bank Transfer,0,0,146012.92
C102222,23.0,Female,Delhi,61,1477.01,86322.01,15.0,2,80.0,Monthly,UPI,0,0,111068.64
C102223,56.0,Female,Bengaluru,52,2546.88,123400.23,16.0,0,91.0,Monthly,Credit Card,1,0,146053.71
C102224,59.0,Other,Chennai,52,1329.24,63971.99,12.0,2,83.0,Quarterly,Debit Card,0,0,85619.14
C102225,68.0,Female,Bengaluru,62,1688.73,109649.68,15.0,0,66.0,Annual,UPI,1,0,111420.12
C102226,68.0,Female,Hyderabad,26,3553.64,86552.32,20.0,2,97.0,Annual,Bank Transfer,0,0,145388.45
C102227,29.0,Female,Chennai,67,2351.15,159223.77,1.0,4,23.0,Monthly,Bank Transfer,0,0,149367.96
C102228,20.0,Female,Pune,49,2486.08,133236.2,20.0,3,98.0,Quarterly,Credit Card,1,0,144365.18
C102229,62.0,Male,Chennai,44,1317.77,51400.04,10.0,2,66.0,Monthly,Credit Card,0,0,78485.46
C102230,35.0,Male,Delhi,36,1643.85,53842.15,2.0,2,45.0,Monthly,UPI,0,0,79068.12
C102231,57.0,Male,Pune,53,1818.76,94657.53,3.0,1,38.0,Quarterly,UPI,0,0,102335.34
C102232,38.0,Male,Bengaluru,44,1651.5,80208.42,18.0,1,98.0,Monthly,Debit Card,0,0,105801.25
C102233,32.0,Male,Pune,22,1908.29,41713.05,13.0,0,65.0,Monthly,Wallet,1,0,75626.76
C102234,50.0,Male,Bengaluru,2,1901.88,3803.1,25.0,2,54.0,Quarterly,UPI,0,0,48423.1
C102235,52.0,Male,Bengaluru,7,1927.55,12033.21,25.0,1,58.0,Annual,UPI,0,0,46811.4
C102236,43.0,Female,Bengaluru,16,1634.45,26565.58,7.0,2,56.0,Monthly,Credit Card,0,0,51120.03
C102237,25.0,Female,Hyderabad,44,1858.615,133092.78,15.0,1,100.0,Quarterly,Debit Card,0,0,150878.3
C102238,53.0,Male,Delhi,65,1237.54,83360.89,24.0,1,97.0,Monthly,UPI,1,0,102060.99
C102239,65.0,Female,Kolkata,71,1501.92,118453.21,8.0,2,75.0,Monthly,Bank Transfer,0,0,108429.46
C102240,47.0,Female,Bengaluru,69,866.31,65889.2,27.0,2,77.0,Quarterly,Wallet,0,0,85353.75
C102241,40.0,Female,Hyderabad,61,1452.66,95725.02,14.0,3,38.0,Annual,UPI,1,0,97210.7
C102242,59.0,Female,Bengaluru,30,1490.17,41646.07,17.0,3,100.0,Monthly,Debit Card,0,0,79233.98
C102243,61.0,Male,Delhi,42,2120.49,88381.14,15.0,1,61.0,Annual,UPI,1,0,103993.3
C102244,31.0,Male,Bengaluru,25,2344.16,59865.18,17.0,1,61.0,Monthly,Credit Card,0,0,81105.17
C102245,31.0,Male,Mumbai,71,2606.81,193225.54,21.0,2,78.0,Annual,UPI,1,0,193449.48
C102246,19.0,Male,Pune,57,2929.25,169371.06,10.0,1,100.0,Annual,Bank Transfer,0,0,192079.72
C102247,54.0,Female,Chennai,32,1404.1,45754.68,16.0,3,75.0,Annual,UPI,0,0,71870.34
C102248,22.0,Male,Other,50,1494.44,70094.26,16.0,3,67.0,Annual,Credit Card,0,0,88726.14
C102249,55.0,Male,Bengaluru,10,1090.34,10072.28,17.0,4,32.0,Monthly,UPI,0,0,37855.93
C102250,62.0,Male,Other,22,2958.16,60493.29,22.0,4,71.0,Monthly,UPI,1,0,104688.94
C102251,58.0,Male,Hyderabad,41,2162.52,84098.91,15.0,2,73.0,Quarterly,UPI,0,0,112496.98
C102252,64.0,Female,Hyderabad,47,2373.88,103986.73,17.0,0,57.0,Quarterly,Bank Transfer,0,0,132280.94
C102253,31.0,Female,Pune,14,1300.1,17527.5,27.0,2,90.0,Annual,Credit Card,0,0,52019.59
C102254,56.0,Male,Delhi,3,1795.17,5553.16,20.0,6,60.0,Monthly,Debit Card,0,0,46382.09
C102255,42.0,Male,Pune,53,2162.78,120636.13,15.0,4,56.0,Quarterly,Bank Transfer,0,0,116079.47
C102256,37.0,Male,Bengaluru,16,874.01,13904.51,12.0,5,70.0,Quarterly,UPI,0,0,30381.04
C102257,19.0,Male,Other,61,1478.44,83489.57,25.0,1,65.0,Monthly,Wallet,0,0,111067.98
C102258,56.0,Female,Hyderabad,28,2082.79,60212.46,6.0,0,61.0,Monthly,Credit Card,0,0,97765.25
C102259,23.0,Male,Hyderabad,35,399.0,15257.33,19.0,3,80.0,Monthly,Credit Card,0,0,33669.38
C102260,34.0,Female,Bengaluru,2,3014.4,6360.51,16.0,1,60.0,Annual,Credit Card,0,0,50612.15
C102261,42.0,Female,Pune,61,2233.87,122897.6,18.0,3,86.0,Monthly,Wallet,1,0,138224.19
C102262,45.0,Male,Delhi,56,1056.25,54210.09,21.0,1,53.0,Monthly,Bank Transfer,0,0,84717.87
C102263,19.0,Male,Chennai,55,1768.62,98843.95,12.0,4,52.0,Monthly,Credit Card,0,0,109628.7
C102264,52.0,Female,Bengaluru,18,2109.44,39614.15,9.0,2,55.0,Monthly,Debit Card,1,0,68485.03
C102265,54.0,Female,Hyderabad,71,1884.78,126702.46,5.0,1,71.0,Quarterly,Credit Card,0,0,144218.2
C102266,22.0,Male,Bengaluru,49,2012.06,91587.58,16.0,2,67.0,Annual,UPI,0,0,124099.46
C102267,18.0,Female,Chennai,42,1725.48,70585.06,23.0,3,60.0,Monthly,Debit Card,1,0,98083.43
C102268,57.0,Female,Delhi,7,1858.615,14913.92,9.0,1,60.0,Monthly,Credit Card,1,0,54120.64
C102269,29.0,Male,Delhi,4,2330.34,9336.86,4.0,3,60.0,Monthly,UPI,1,0,34637.89
C102270,53.0,Female,Other,43,2254.43,87033.94,9.0,0,94.0,Monthly,Bank Transfer,0,0,123574.07
C102271,62.0,Male,Hyderabad,59,2258.94,142558.12,18.0,3,89.0,Monthly,Debit Card,0,0,156843.31
C102272,40.0,Female,Bengaluru,49,2113.18,109637.46,15.0,2,44.0,Monthly,UPI,1,0,126143.62
C102273,64.0,Other,Mumbai,60,2184.72,121326.83,18.0,1,97.0,Quarterly,Debit Card,1,0,157578.35
C102274,48.0,Female,Delhi,6,2892.28,18281.6,15.0,2,49.0,Monthly,Credit Card,1,0,62856.33
C102275,28.0,Male,Mumbai,20,1726.79,33696.01,22.0,2,98.0,Quarterly,Debit Card,1,0,75333.6
C102276,27.0,Male,Kolkata,31,696.23,21467.49,10.0,1,78.0,Monthly,UPI,1,0,39382.13
C102277,20.0,Female,Mumbai,22,1858.615,55657.3,28.0,3,68.0,Monthly,Debit Card,0,0,91035.35
C102278,31.0,Female,Hyderabad,32,2344.07,82400.37,15.0,2,86.0,Annual,Credit Card,0,0,111199.08
C102279,33.0,Female,Hyderabad,47,2143.62,104588.75,20.0,3,76.0,Monthly,Credit Card,1,0,121644.35
C102280,27.0,Female,Pune,34,1235.31,40103.86,16.0,3,72.0,Monthly,Wallet,0,0,67989.31
C102281,44.0,Female,Delhi,27,970.15,27885.51,19.0,1,59.0,Annual,Debit Card,0,0,57021.35
C102282,27.0,Male,Hyderabad,44,1984.36,84467.21,12.0,3,71.0,Monthly,UPI,0,0,108211.08
C102283,29.0,Male,Hyderabad,30,1630.95,43876.61,11.0,4,33.0,Monthly,Debit Card,0,0,58447.65
C102284,47.0,Male,Mumbai,33,1788.02,56728.45,17.0,4,27.0,Monthly,Wallet,1,1,72227.86
C102285,58.0,Female,Delhi,27,1458.96,34982.01,21.0,4,88.0,Monthly,Wallet,1,1,73690.44
C102286,18.0,Female,Hyderabad,56,1836.09,93469.79,25.0,2,81.0,Quarterly,Bank Transfer,1,0,115200.19
C102287,22.0,Female,Chennai,23,1612.13,33044.09,13.0,5,65.0,Annual,UPI,1,1,66107.39
C102288,37.0,Male,Bengaluru,43,2774.11,116070.06,21.0,2,85.0,Monthly,UPI,0,0,149400.66
C102289,25.0,Male,Other,54,1673.61,100746.59,18.0,1,74.0,Quarterly,Debit Card,0,0,116865.56
C102290,60.0,Male,Hyderabad,68,2359.25,174662.28,15.0,2,84.0,Quarterly,Credit Card,0,0,168167.11
C102291,44.0,Female,Delhi,53,2358.4,135045.78,17.0,4,91.0,Annual,Credit Card,0,0,163052.39
C102292,18.0,Male,Mumbai,40,2643.86,93177.01,15.0,2,28.0,Quarterly,Debit Card,0,0,130266.13
C102293,37.0,Male,Hyderabad,60,2166.06,123084.45,18.0,4,13.0,Annual,Wallet,0,0,135206.21
C102294,45.0,Male,Mumbai,9,2398.32,20063.92,3.0,2,66.0,Monthly,Credit Card,0,0,55299.95
C102295,60.0,Female,Hyderabad,10,2269.09,24321.22,4.0,2,68.0,Monthly,Debit Card,0,0,41445.14
C102296,54.0,Male,Delhi,10,2807.92,24972.53,10.0,1,66.0,Monthly,UPI,0,0,61658.48
C102297,64.0,Female,Mumbai,30,2512.14,79813.39,20.0,1,57.0,Annual,Debit Card,0,0,106553.45
C102298,54.0,Female,Hyderabad,10,1295.58,13260.71,17.0,0,53.0,Monthly,Credit Card,0,0,53783.49
C102299,29.0,Female,Hyderabad,58,1680.54,89975.88,16.0,6,69.0,Quarterly,Debit Card,0,0,117871.49
C102300,54.0,Female,Pune,36,1009.1,37603.09,24.0,3,68.0,Monthly,Bank Transfer,0,0,58968.89
C102301,66.0,Male,Bengaluru,44,1848.0,77091.42,11.0,4,86.0,Annual,Wallet,0,0,95983.71
C102302,66.0,Male,Mumbai,57,903.98,47218.04,17.0,1,78.0,Quarterly,Credit Card,0,0,77475.46
C102303,61.0,Female,Bengaluru,43,2289.64,95021.25,12.0,1,69.0,Quarterly,Bank Transfer,0,0,122965.41
C102304,45.0,Female,Kolkata,23,881.53,22336.84,13.0,3,93.0,Annual,Bank Transfer,1,0,42231.52
C102305,64.0,Female,Mumbai,4,1356.53,5579.33,25.0,0,93.0,Annual,Debit Card,0,0,51719.51
C102306,32.0,Female,Delhi,12,2007.84,24445.06,14.0,4,74.0,Monthly,Credit Card,0,0,65320.92
C102307,23.0,Male,Hyderabad,49,2571.97,133004.23,17.0,4,53.0,Annual,Bank Transfer,1,0,137130.49
C102308,61.0,Male,Hyderabad,24,493.48,11614.81,14.0,0,91.0,Monthly,Debit Card,1,1,36957.04
C102309,37.0,Female,Bengaluru,13,2293.15,30350.83,15.0,1,86.0,Annual,UPI,0,0,80178.6
C102310,67.0,Male,Bengaluru,68,2218.88,141924.92,18.0,2,65.0,Monthly,UPI,1,0,160638.44
C102311,31.0,Male,Delhi,72,706.82,50623.53,8.0,2,73.0,Monthly,Credit Card,0,0,58330.53
C102312,19.0,Female,Mumbai,34,885.12,32075.22,8.0,0,41.0,Annual,UPI,1,0,35408.36
C102313,26.0,Male,Bengaluru,9,1807.25,17145.46,15.0,4,25.0,Quarterly,UPI,0,0,35210.5
C102314,54.0,Male,Delhi,10,2104.73,22579.53,13.0,0,87.0,Monthly,Debit Card,0,0,74647.03
C102315,37.0,Female,Hyderabad,65,1497.24,99354.77,20.0,1,67.0,Monthly,UPI,0,0,119360.62
C102316,43.0,Female,Hyderabad,72,2184.89,170301.88,22.0,2,54.0,Annual,Debit Card,0,0,156306.04
C102317,46.0,Male,Pune,54,1804.31,88415.19,7.0,4,73.0,Monthly,Wallet,0,0,95514.94
C102318,18.0,Female,Mumbai,43,3099.41,146782.1,8.0,4,53.0,Monthly,Credit Card,0,0,146720.91
C102319,52.0,Female,Delhi,59,399.0,21429.67,12.0,2,66.0,Quarterly,UPI,0,0,46447.74
C102320,23.0,Male,Bengaluru,59,1494.52,91453.13,13.0,2,22.0,Monthly,UPI,0,0,100161.29
C102321,54.0,Male,Bengaluru,67,1546.46,106720.35,15.0,0,71.0,Quarterly,UPI,1,1,109226.88
C102322,70.0,Male,Hyderabad,61,686.95,44171.87,21.0,4,96.0,Monthly,Debit Card,0,0,60068.67
C102323,22.0,Female,Pune,38,2032.44,73252.81,18.0,1,64.0,Monthly,Debit Card,0,0,104812.12
C102324,50.0,Male,Mumbai,8,1684.29,13984.66,19.0,4,85.0,Annual,UPI,0,0,54105.94
C102325,66.0,Other,Hyderabad,65,1469.34,85251.02,11.0,1,89.0,Annual,UPI,0,0,113186.18
C102326,68.0,Female,Pune,5,1236.41,5957.92,9.0,1,73.0,Annual,UPI,1,0,34480.57
C102327,31.0,Female,Chennai,43,2113.89,94866.5,11.0,4,84.0,Annual,Debit Card,1,0,114362.32
C102328,29.0,Female,Pune,60,2115.57,125549.18,13.0,1,54.0,Monthly,Credit Card,1,0,125468.05
C102329,59.0,Female,Hyderabad,26,1684.56,49020.49,16.0,2,78.0,Monthly,UPI,0,0,79281.8
C102330,37.0,Male,Hyderabad,11,2392.06,26217.38,15.0,6,59.0,Quarterly,Credit Card,1,0,67128.06
C102331,70.0,Male,Hyderabad,34,2043.01,72353.76,10.0,6,58.0,Monthly,UPI,0,0,89332.85
C102332,67.0,Female,Hyderabad,2,2976.97,6378.57,14.0,5,63.0,Monthly,UPI,0,0,55954.84
C102333,41.0,Male,Pune,21,1090.72,24974.6,11.0,2,94.0,Monthly,UPI,0,0,56456.59
C102334,60.0,Male,Delhi,26,877.91,23239.18,6.0,4,81.0,Monthly,UPI,0,0,47637.96
C102335,51.0,Female,Mumbai,5,2192.69,11635.52,19.0,2,33.0,Monthly,Debit Card,0,0,47186.04
C102336,42.0,Female,Kolkata,9,1622.68,15828.55,15.0,2,96.0,Monthly,Credit Card,0,0,52595.4
C102337,67.0,Male,Bengaluru,50,1179.7,54047.57,15.0,1,100.0,Annual,Credit Card,0,0,77287.07
C102338,46.0,Female,Kolkata,10,1156.75,10880.03,17.0,1,73.0,Monthly,UPI,0,0,37983.89
C102339,56.0,Male,Kolkata,58,2285.43,117376.53,13.0,6,75.0,Quarterly,Bank Transfer,0,0,146701.57
C102340,48.0,Female,Chennai,10,2415.54,24945.29,17.0,1,87.0,Monthly,Debit Card,0,0,71942.2
C102341,64.0,Male,Hyderabad,36,2551.07,93572.97,28.0,3,100.0,Annual,UPI,1,0,128102.77
C102342,60.0,Female,Delhi,56,1864.46,112746.9,22.0,5,51.0,Quarterly,UPI,0,0,112746.37
C102343,67.0,Male,Bengaluru,62,1650.9,101498.73,9.0,4,70.0,Monthly,Debit Card,1,0,113199.36
C102344,40.0,Female,Pune,37,1681.08,63567.07,3.0,3,51.0,Monthly,Credit Card,1,0,69861.98
C102345,61.0,Male,Hyderabad,41,1966.33,86975.57,21.0,3,100.0,Quarterly,UPI,1,0,108611.36
C102346,55.0,Male,Mumbai,48,1910.86,81581.38,18.0,1,85.0,Monthly,Credit Card,0,0,118228.65
C102347,37.0,Female,Mumbai,22,1162.23,23160.25,19.0,4,57.0,Monthly,UPI,0,0,39588.76
C102348,40.0,Male,Hyderabad,61,2460.08,142999.82,11.0,2,90.0,Monthly,UPI,1,0,162518.24
C102349,62.0,Male,Bengaluru,48,1829.87,82198.68,10.0,0,65.0,Monthly,Credit Card,0,0,110534.65
C102350,69.0,Male,Hyderabad,64,399.0,23536.94,15.0,2,89.0,Monthly,Debit Card,0,0,43491.65
C102351,33.0,Female,Chennai,37,986.15,32357.93,18.0,2,21.0,Monthly,UPI,0,0,49754.56
C102352,67.0,Female,Pune,41,1530.17,70022.54,29.0,2,87.0,Monthly,UPI,1,0,92516.64
C102353,59.0,Male,Bengaluru,5,2186.63,11383.58,20.0,3,62.0,Annual,Credit Card,0,0,54014.23
C102354,25.0,Female,Pune,52,2055.02,111269.55,17.0,0,100.0,Annual,UPI,1,0,125164.97
C102355,67.0,Male,Hyderabad,17,1347.68,24158.96,1.0,4,21.0,Monthly,Bank Transfer,1,0,19856.18
C102356,38.0,Female,Delhi,62,2602.01,178766.06,17.0,2,78.0,Monthly,Debit Card,1,0,180230.17
C102357,18.0,Male,Kolkata,52,2537.69,131136.44,17.0,2,71.0,Annual,Debit Card,1,0,138270.56
C102358,25.0,Female,Bengaluru,20,1777.6,36966.35,8.0,2,52.0,Quarterly,UPI,0,0,51280.5
C102359,46.0,Male,Kolkata,16,1033.44,18058.81,19.0,2,66.0,Annual,Debit Card,0,0,47163.58
C102360,49.0,Other,Mumbai,7,1601.28,11098.13,24.0,2,75.0,Monthly,Bank Transfer,1,0,49513.23
C102361,55.0,Male,Bengaluru,66,1554.93,104334.16,28.0,3,46.0,Monthly,UPI,0,0,106061.31
C102362,22.0,Male,Kolkata,12,957.04,10689.98,16.0,2,69.0,Annual,Debit Card,1,0,40944.71
C102363,64.0,Male,Hyderabad,43,2138.73,93186.29,11.0,1,59.0,Monthly,Debit Card,0,0,101685.07
C102364,39.0,Female,Hyderabad,40,1922.24,79610.37,24.0,2,84.0,Quarterly,Bank Transfer,1,0,114489.08
C102365,64.0,Female,Mumbai,1,1169.9,1062.4,9.0,2,72.0,Quarterly,Credit Card,0,0,29064.82
C102366,51.0,Female,Pune,58,2211.3,129412.85,16.0,3,79.0,Annual,UPI,1,0,141464.34
C102367,18.0,Female,Pune,3,2685.42,7464.82,7.0,4,33.0,Annual,Debit Card,0,0,33643.77
C102368,43.0,Female,Hyderabad,8,2132.0,18083.64,23.0,1,75.0,Monthly,Credit Card,0,0,69246.61
C102369,44.0,Female,Other,61,1419.49,94749.68,10.0,2,65.0,Monthly,Credit Card,1,0,89723.82
C102370,27.0,Male,Delhi,5,3357.94,18782.0,22.0,2,76.0,Monthly,Credit Card,0,0,79641.97
C102371,47.0,Female,Other,26,2333.45,53887.59,15.0,4,63.0,Annual,UPI,1,0,85386.4
C102372,67.0,Male,Bengaluru,17,1393.39,23977.96,18.0,3,38.0,Monthly,Bank Transfer,0,0,39262.04
C102373,35.0,Female,Delhi,66,2859.16,192117.58,13.0,1,56.0,Monthly,Debit Card,1,0,190275.12
C102374,34.0,Female,Pune,51,881.69,49056.69,17.0,1,83.0,Annual,Credit Card,0,0,73510.21
C102375,43.0,Female,Chennai,47,1041.69,49773.39,22.0,4,34.0,Monthly,Debit Card,0,0,63145.06
C102376,25.0,Female,Other,40,1729.29,62741.4,12.0,1,61.0,Annual,Credit Card,0,0,94152.73
C102377,64.0,Female,Bengaluru,27,2433.3,68534.19,17.0,1,100.0,Quarterly,Credit Card,1,0,89113.45
C102378,57.0,Female,Bengaluru,40,1369.61,53177.73,23.0,3,81.0,Monthly,Wallet,0,0,86074.26
C102379,66.0,Male,Kolkata,1,1717.87,1514.85,8.0,2,71.0,Monthly,UPI,1,0,37807.04
C102380,29.0,Male,Other,46,1201.83,60722.22,11.0,4,61.0,Monthly,Bank Transfer,0,0,74311.95
C102381,44.0,Female,Bengaluru,11,2255.82,24736.98,10.0,0,66.0,Monthly,Credit Card,1,0,67107.96
C102382,25.0,Female,Hyderabad,39,2109.4,87554.29,14.0,2,46.0,Quarterly,UPI,0,0,104006.65
C102383,42.0,Male,Pune,18,856.04,16512.64,5.0,3,45.0,Monthly,UPI,0,0,19347.1
C102384,63.0,Male,Kolkata,47,1769.52,84014.83,15.0,4,48.0,Monthly,Bank Transfer,0,0,100340.17
C102385,21.0,Male,Mumbai,21,1964.04,41858.53,28.0,1,100.0,Monthly,Credit Card,0,0,97817.21
C102386,50.0,Male,Delhi,28,1927.31,50083.74,16.0,3,41.0,Annual,Bank Transfer,0,0,79419.46
C102387,18.0,Female,Pune,1,2004.28,2063.02,30.0,1,83.0,Annual,Credit Card,0,0,48070.91
C102388,36.0,Female,Hyderabad,14,1351.55,16698.17,4.0,1,70.0,Monthly,Bank Transfer,1,0,48025.79
C102389,48.0,Female,Other,20,2339.87,41770.22,6.0,1,38.0,Monthly,Credit Card,1,0,85150.47
C102390,33.0,Female,Bengaluru,45,1553.46,74665.95,3.0,5,67.0,Annual,UPI,1,0,77909.74
C102391,31.0,Female,Delhi,61,2413.09,139275.02,1.0,2,39.0,Quarterly,Credit Card,0,0,159387.16
C102392,70.0,Male,Chennai,27,2048.77,53763.77,15.0,3,72.0,Annual,Debit Card,0,0,81167.42
C102393,65.0,Male,Chennai,56,1477.27,89224.31,6.0,3,80.0,Monthly,Debit Card,1,0,105859.68
C102394,22.0,Female,Delhi,52,1760.61,93167.38,1.0,4,31.0,Monthly,Debit Card,0,0,104618.53
C102395,58.0,Male,Other,68,2105.27,149954.2,12.0,4,90.0,Annual,UPI,0,0,145604.84
C102396,43.0,Male,Delhi,37,1575.29,56579.46,15.0,3,72.0,Monthly,Debit Card,0,0,84909.33
C102397,45.0,Male,Pune,31,1553.29,53806.74,17.0,3,72.0,Monthly,Credit Card,0,0,79577.18
C102398,19.0,Male,Hyderabad,49,1148.54,55319.88,15.0,0,79.0,Monthly,Bank Transfer,1,0,85165.46
C102399,67.0,Male,Pune,53,2734.8,156650.76,18.0,5,46.0,Monthly,Credit Card,0,0,160140.53
C102400,23.0,Female,Bengaluru,39,1273.56,47510.66,9.0,1,59.0,Quarterly,Wallet,0,0,74609.37
C102401,26.0,Male,Hyderabad,10,1008.76,10745.1,8.0,2,32.0,Quarterly,Bank Transfer,0,1,17416.61
C102402,50.0,Female,Hyderabad,9,2081.3,16916.09,23.0,1,67.0,Monthly,UPI,1,0,67572.01
C102403,58.0,Male,Delhi,13,823.31,11977.0,26.0,3,52.0,Annual,Credit Card,0,0,33960.15
C102404,42.0,Female,Other,18,1817.21,35233.09,6.0,1,60.0,Monthly,Credit Card,1,0,58026.79
C102405,65.0,Female,Delhi,12,1076.54,12129.08,16.0,3,62.0,Monthly,UPI,0,0,41186.89
C102406,30.0,Female,Bengaluru,72,2087.14,142706.32,9.0,1,60.0,Monthly,Credit Card,0,0,163695.52
C102407,26.0,Female,Hyderabad,5,1925.06,9239.48,8.0,1,69.0,Annual,UPI,0,0,38689.81
C102408,70.0,Male,Mumbai,7,1223.15,8347.0,16.0,4,78.0,Monthly,Bank Transfer,1,0,39246.0
C102409,30.0,Male,Hyderabad,15,1937.25,27947.27,17.0,3,89.0,Annual,Wallet,0,0,71237.94
C102410,48.0,Male,Chennai,67,2084.38,128447.83,12.0,2,44.0,Monthly,UPI,0,0,147606.34
C102411,58.0,Male,Delhi,18,1508.36,29729.68,12.0,3,72.0,Monthly,Wallet,0,0,52620.41
C102412,28.0,Male,Other,38,1809.48,65806.76,8.0,3,56.0,Annual,Credit Card,1,0,85389.53
C102413,21.0,Female,Chennai,26,2402.84,60461.69,23.0,5,100.0,Quarterly,Bank Transfer,1,0,102176.12
C102414,51.0,Female,Hyderabad,38,2069.88,75845.78,14.0,1,82.0,Monthly,Debit Card,0,0,108405.51
C102415,55.0,Female,Pune,59,1742.09,107817.48,8.0,5,94.0,Annual,Debit Card,0,0,117890.44
C102416,63.0,Female,Pune,52,1852.64,87797.97,14.0,4,40.0,Monthly,Credit Card,0,0,103905.15
C102417,21.0,Female,Pune,33,1842.07,56958.3,13.0,4,27.0,Annual,Credit Card,0,0,80706.27
C102418,55.0,Female,Hyderabad,21,2473.31,49251.13,9.0,5,97.0,Quarterly,Debit Card,0,0,72955.26
C102419,36.0,Female,Chennai,17,691.97,12215.1,9.0,0,96.0,Monthly,Wallet,0,0,39739.23
C102420,23.0,Male,Other,62,2156.53,133443.46,9.0,2,90.0,Quarterly,Debit Card,0,0,156603.01
C102421,51.0,Male,Hyderabad,59,2363.26,124801.57,7.0,2,70.0,Annual,Debit Card,1,0,156290.54
C102422,35.0,Female,Delhi,2,1322.86,2943.02,16.0,3,65.0,Quarterly,Credit Card,1,0,36717.96
C102423,30.0,Female,Bengaluru,64,1210.69,70166.34,13.0,1,77.0,Monthly,Debit Card,0,0,89943.04
C102424,58.0,Female,Mumbai,25,2550.57,63991.29,29.0,1,76.0,Monthly,Credit Card,0,0,105358.91
C102425,40.0,Male,Pune,41,1912.46,72603.02,20.0,3,84.0,Annual,Wallet,0,0,98699.63
C102426,36.0,Female,Mumbai,19,2983.76,57713.35,17.0,0,80.0,Annual,UPI,0,0,107587.98
C102427,62.0,Male,Pune,38,1389.64,53615.45,12.0,2,84.0,Annual,UPI,1,0,72683.52
C102428,28.0,Male,Chennai,25,1743.15,44622.54,13.0,2,44.0,Quarterly,UPI,1,0,69419.68
C102429,18.0,Male,Other,39,1430.22,62021.14,5.0,0,82.0,Monthly,UPI,0,0,82643.81
C102430,41.0,Male,Chennai,4,1774.05,7214.54,7.0,4,41.0,Annual,UPI,1,0,24162.81
C102431,24.0,Male,Hyderabad,3,2022.62,5784.79,8.0,1,100.0,Monthly,UPI,1,0,51752.57
C102432,42.0,Male,Chennai,34,1561.22,47177.06,4.0,3,56.0,Annual,UPI,0,0,76928.51
C102433,38.0,Male,Pune,10,1685.62,16579.45,14.0,4,50.0,Monthly,UPI,0,0,46579.77
C102434,32.0,Male,Pune,27,1306.94,38072.8,4.0,0,83.0,Monthly,Credit Card,1,0,58632.67
C102435,18.0,Female,Chennai,1,2193.89,2046.93,18.0,4,82.0,Quarterly,Credit Card,1,0,49221.02
C102436,29.0,Female,Mumbai,44,3299.22,158560.21,14.0,4,33.0,Annual,Bank Transfer,0,0,168913.9
C102437,24.0,Male,Pune,52,2892.32,146871.53,27.0,1,70.0,Annual,Credit Card,0,0,181374.49
C102438,32.0,Male,Pune,25,1173.05,29279.83,15.0,3,67.0,Monthly,UPI,1,0,49548.4
C102439,38.0,Female,Delhi,65,1490.69,97429.71,7.0,1,42.0,Monthly,UPI,1,0,100772.08
C102440,36.0,Female,Pune,11,2016.19,23091.52,6.0,5,57.0,Annual,Bank Transfer,0,0,50067.8
C102441,46.0,Male,Mumbai,68,472.88,31084.22,25.0,4,41.0,Monthly,Credit Card,0,0,40165.45
C102442,42.0,Female,Hyderabad,15,1764.99,27427.39,9.0,4,74.0,Quarterly,UPI,0,0,56402.32
C102443,50.0,Female,Hyderabad,57,2359.54,119118.1,10.0,1,59.0,Annual,UPI,0,0,148048.1
C102444,66.0,Male,Other,64,2039.23,118314.11,12.0,1,48.0,Annual,UPI,0,0,134245.17
C102445,49.0,Male,Hyderabad,11,1736.37,20979.77,14.0,2,41.0,Monthly,UPI,1,0,36343.48
C102446,66.0,Male,Chennai,20,1372.94,26811.85,25.0,1,78.0,Quarterly,UPI,0,1,59588.63
C102447,52.0,Female,Other,30,1574.01,42122.31,16.0,2,70.0,Monthly,Bank Transfer,0,0,85711.92
C102448,61.0,Male,Hyderabad,10,1490.55,13510.87,15.0,0,71.0,Monthly,Debit Card,1,0,47996.07
C102449,55.0,Male,Pune,54,1124.11,57051.37,14.0,3,46.0,Monthly,Credit Card,0,1,75259.61
C102450,43.0,Male,Pune,58,2652.35,136744.76,15.0,1,43.0,Annual,Bank Transfer,0,0,173636.82
C102451,28.0,Female,Other,29,2825.82,84688.08,21.0,0,83.0,Monthly,Credit Card,0,0,120950.7
C102452,52.0,Female,Bengaluru,1,1401.35,1399.05,11.0,2,85.0,Quarterly,UPI,0,0,40675.97
C102453,25.0,Female,Bengaluru,58,1140.62,72116.22,12.0,0,100.0,Quarterly,UPI,0,0,94177.21
C102454,63.0,Female,Kolkata,21,1308.18,28821.64,21.0,1,98.0,Monthly,Credit Card,0,0,83610.79
C102455,31.0,Male,Bengaluru,15,1165.4,16214.01,11.0,1,100.0,Monthly,Credit Card,1,0,48314.26
C102456,27.0,Female,Mumbai,67,1743.07,107900.34,11.0,5,45.0,Annual,UPI,1,0,108796.96
C102457,19.0,Female,Delhi,33,1972.6,68798.98,24.0,1,87.0,Monthly,Debit Card,0,0,105295.22
C102458,63.0,Male,Bengaluru,38,2581.26,96235.94,12.0,3,64.0,Quarterly,Debit Card,1,0,109195.47
C102459,26.0,Female,Other,19,766.75,14733.88,15.0,6,91.0,Monthly,UPI,0,0,39302.11
C102460,20.0,Female,Delhi,4,2414.69,10668.94,13.0,0,59.0,Monthly,UPI,1,0,58331.63
C102461,38.0,Female,Hyderabad,58,1797.8,92600.91,11.0,6,72.0,Monthly,Credit Card,1,0,123863.68
C102462,43.0,Male,Hyderabad,70,416.9,31107.12,13.0,1,67.0,Monthly,Debit Card,0,0,51337.1
C102463,25.0,Female,Hyderabad,12,981.72,10943.25,13.0,0,90.0,Monthly,UPI,0,0,44523.59
C102464,65.0,Female,Bengaluru,17,2129.35,38803.77,20.0,0,47.0,Quarterly,UPI,0,0,76835.1
C102465,19.0,Male,Delhi,1,1242.63,1257.26,9.0,0,74.0,Monthly,UPI,0,0,35288.72
C102466,23.0,Male,Hyderabad,14,1548.06,20887.95,29.0,2,52.0,Monthly,UPI,0,0,65032.99
C102467,45.0,Male,Bengaluru,2,1716.12,3448.66,10.0,1,75.0,Monthly,Debit Card,1,0,44741.49
C102468,70.0,Other,Kolkata,4,2568.68,9894.87,20.0,2,64.0,Quarterly,UPI,0,0,63742.87
C102469,46.0,Female,Mumbai,66,970.92,56923.43,5.0,4,92.0,Monthly,Bank Transfer,1,0,75170.85
C102470,43.0,Male,Bengaluru,46,2218.06,103892.33,10.0,1,100.0,Monthly,Credit Card,0,0,138566.07
C102471,42.0,Male,Other,50,2627.64,135084.82,13.0,2,49.0,Quarterly,Debit Card,1,0,142447.5
C102472,29.0,Male,Bengaluru,60,1164.7,67293.04,9.0,1,63.0,Quarterly,Bank Transfer,1,0,86286.49
C102473,22.0,Female,Kolkata,52,2307.74,106469.09,20.0,3,63.0,Monthly,Debit Card,0,0,127320.21
C102474,51.0,Male,Delhi,48,1708.81,77737.02,19.0,2,77.0,Annual,Debit Card,0,0,102761.63
C102475,65.0,Female,Pune,39,1350.11,57900.36,9.0,2,34.0,Monthly,Debit Card,0,0,60364.89
C102476,54.0,Female,Pune,70,1585.08,100200.89,2.0,4,26.0,Monthly,Bank Transfer,0,1,107353.58
C102477,32.0,Female,Mumbai,60,2198.89,121129.45,20.0,0,92.0,Annual,UPI,0,0,149680.1
C102478,61.0,Male,Pune,30,1314.53,42960.64,15.0,2,45.0,Monthly,Credit Card,1,0,55006.28
C102479,53.0,Male,Pune,27,2395.02,61203.52,11.0,0,54.0,Monthly,UPI,0,0,91757.53
C102480,32.0,Male,Bengaluru,55,1766.94,91041.94,15.0,2,50.0,Annual,Credit Card,0,0,108566.45
C102481,60.0,Male,Chennai,70,476.52,31614.17,9.0,2,47.0,Monthly,Debit Card,0,0,52545.48
C102482,65.0,Male,Kolkata,26,1753.31,49809.86,20.0,2,54.0,Monthly,Bank Transfer,1,0,70489.89
C102483,40.0,Female,Mumbai,42,1218.59,47108.65,13.0,1,52.0,Annual,UPI,0,0,80559.71
C102484,23.0,Male,Kolkata,67,1629.46,114274.86,25.0,2,69.0,Monthly,Bank Transfer,0,0,134613.29
C102485,63.0,Male,Delhi,67,2039.38,148712.64,31.0,5,100.0,Monthly,Wallet,1,0,145480.36
C102486,67.0,Male,Mumbai,52,1372.72,79715.19,19.0,1,86.0,Monthly,UPI,1,0,96101.77
C102487,61.0,Male,Hyderabad,6,683.47,4569.02,30.0,0,46.0,Quarterly,Credit Card,0,0,38504.93
C102488,60.0,Other,Bengaluru,10,1146.62,12545.13,19.0,0,100.0,Monthly,Credit Card,1,0,41388.81
C102489,62.0,Male,Mumbai,38,2894.06,105942.14,12.0,1,67.0,Annual,UPI,0,0,137048.94
C102490,38.0,Male,Mumbai,12,1923.41,24277.49,27.0,6,100.0,Monthly,Credit Card,1,0,72643.72
C102491,40.0,Female,Delhi,46,2357.82,99165.82,14.0,3,55.0,Quarterly,UPI,1,0,119951.11
C102492,60.0,Male,Delhi,49,2882.11,147613.12,31.0,4,100.0,Monthly,UPI,0,0,174782.6
C102493,33.0,Male,Delhi,72,3140.01,229486.29,12.0,1,61.0,Monthly,UPI,0,0,230558.5
C102494,64.0,Male,Pune,63,2187.68,153450.48,21.0,1,62.0,Annual,UPI,0,0,157822.18
C102495,70.0,Male,Bengaluru,69,1616.1,104206.55,14.0,5,74.0,Monthly,Debit Card,0,0,106810.98
C102496,32.0,Male,Delhi,43,1393.48,56002.07,8.0,2,94.0,Quarterly,Bank Transfer,0,0,91816.24
C102497,42.0,Male,Hyderabad,60,1865.66,122321.49,9.0,0,75.0,Monthly,UPI,1,0,117340.93
C102498,53.0,Female,Mumbai,29,2349.81,69640.33,1.0,2,47.0,Annual,UPI,0,0,80270.05
C102499,28.0,Male,Bengaluru,11,1858.615,25815.65,15.0,3,38.0,Monthly,Credit Card,1,0,61097.64
C102500,68.0,Female,Chennai,35,1139.86,38431.56,18.0,3,61.0,Quarterly,UPI,0,0,61055.72
C102501,32.0,Female,Bengaluru,23,1398.65,29242.27,1.0,3,49.0,Annual,UPI,0,0,53456.1
C102502,21.0,Female,Hyderabad,72,1643.34,119514.93,1.0,4,86.0,Monthly,UPI,1,0,104584.3
C102503,38.0,Male,Chennai,21,1801.5,38299.16,9.0,2,50.0,Monthly,Debit Card,0,1,60442.48
C102504,30.0,Male,Other,37,2850.41,113754.15,16.0,3,100.0,Quarterly,UPI,0,0,141376.82
C102505,39.0,Female,Bengaluru,28,399.0,12191.11,8.0,3,63.0,Monthly,Debit Card,0,0,24883.97
C102506,36.0,Female,Delhi,58,1655.41,95698.66,16.0,3,76.0,Annual,Bank Transfer,1,0,108901.56
C102507,51.0,Female,Mumbai,53,2349.63,116566.38,11.0,3,74.0,Monthly,Credit Card,0,0,142844.55
C102508,31.0,Male,Bengaluru,28,1149.12,33623.53,5.0,3,70.0,Monthly,UPI,1,0,41509.72
C102509,21.0,Female,Hyderabad,42,1786.16,77774.39,21.0,6,25.0,Monthly,Credit Card,0,1,83296.76
C102510,65.0,Male,Hyderabad,61,2424.52,149884.05,16.0,2,67.0,Monthly,Debit Card,1,0,160255.19
C102511,70.0,Male,Pune,33,2230.58,73494.05,11.0,3,67.0,Monthly,Debit Card,0,0,99838.9
C102512,69.0,Male,Bengaluru,55,2243.72,114175.4,1.0,0,90.0,Monthly,Bank Transfer,0,0,141031.78
C102513,63.0,Male,Hyderabad,37,1668.13,60196.35,10.0,1,97.0,Monthly,Credit Card,1,0,77570.2
C102514,44.0,Female,Bengaluru,47,1878.66,94480.71,9.0,2,65.0,Monthly,UPI,0,0,118307.19
C102515,46.0,Female,Mumbai,36,1908.21,69083.77,11.0,4,74.0,Monthly,Debit Card,0,0,93859.31
C102516,64.0,Female,Delhi,28,1454.39,39865.04,8.0,1,72.0,Monthly,UPI,1,0,67351.18
C102517,45.0,Female,Chennai,10,2341.73,23157.39,12.0,4,77.0,Monthly,UPI,1,0,63486.28
C102518,52.0,Male,Mumbai,23,950.48,23986.76,12.0,4,94.0,Monthly,Debit Card,0,0,51074.97
C102519,25.0,Female,Chennai,5,1366.27,7059.79,21.0,3,72.0,Quarterly,Debit Card,0,1,42977.84
C102520,33.0,Male,Hyderabad,6,2346.11,13445.5,10.0,4,65.0,Monthly,Credit Card,0,0,60714.24
C102521,59.0,Male,Chennai,42,766.48,29729.29,15.0,3,75.0,Annual,UPI,0,0,57833.81
C102522,53.0,Male,Mumbai,47,1892.89,94732.73,8.0,2,78.0,Monthly,Debit Card,1,0,109899.25
C102523,47.0,Male,Mumbai,28,2516.69,73818.05,10.0,0,52.0,Monthly,Bank Transfer,0,0,96217.14
C102524,35.0,Male,Pune,13,1302.82,16914.69,11.0,2,68.0,Monthly,Debit Card,0,0,39148.83
C102525,19.0,Male,Delhi,25,2068.5,52755.42,22.0,3,66.0,Monthly,Wallet,1,0,75820.07
C102526,66.0,Female,Bengaluru,7,2130.61,14285.53,12.0,0,76.0,Annual,Credit Card,0,0,65268.54
C102527,30.0,Female,Bengaluru,66,2226.0,137142.95,14.0,3,59.0,Monthly,Credit Card,0,0,155326.64
C102528,21.0,Male,Chennai,58,1809.06,95446.55,12.0,2,89.0,Monthly,Debit Card,1,0,122775.71
C102529,43.0,Other,Delhi,66,2545.82,159701.9,14.0,2,47.0,Monthly,Credit Card,1,0,168888.68
C102530,42.0,Female,Hyderabad,36,2292.24,76051.92,14.0,2,64.0,Annual,Wallet,0,0,116479.73
C102531,47.0,Female,Other,2,2360.97,4699.0,11.0,1,44.0,Quarterly,UPI,0,0,41555.24
C102532,28.0,Female,Mumbai,38,2326.36,98559.5,2.0,2,59.0,Monthly,Credit Card,1,0,93223.36
C102533,24.0,Male,Bengaluru,14,2931.84,40646.26,11.0,2,85.0,Annual,UPI,0,1,84290.61
C102534,48.0,Female,Delhi,27,1421.26,33792.57,16.0,3,67.0,Annual,Bank Transfer,1,0,51248.91
C102535,44.0,Female,Hyderabad,15,993.33,16387.11,19.0,3,56.0,Monthly,Credit Card,0,0,29030.23
C102536,27.0,Other,Mumbai,12,2477.41,29021.33,5.0,4,23.0,Monthly,UPI,0,0,59421.16
C102537,56.0,Female,Mumbai,43,1905.65,74335.4,5.0,4,19.0,Monthly,Debit Card,0,0,91372.4
C102538,30.0,Female,Hyderabad,57,3018.4,169695.36,11.0,2,55.0,Quarterly,UPI,1,0,181348.54
C102539,48.0,Female,Pune,48,399.0,20149.69,11.0,2,78.0,Monthly,Credit Card,0,0,37941.08
C102540,24.0,Male,Pune,61,2004.02,117315.14,1.0,6,26.0,Annual,UPI,0,0,110267.27
C102541,66.0,Male,Hyderabad,44,1787.51,80534.06,14.0,2,66.0,Monthly,UPI,1,0,97406.87
C102542,59.0,Male,Bengaluru,52,2632.5,124834.96,21.0,1,49.0,Annual,UPI,0,0,156655.38
C102543,59.0,Male,Hyderabad,62,3068.08,212643.68,9.0,0,64.0,Quarterly,Bank Transfer,0,0,207107.87
C102544,53.0,Male,Pune,2,2054.56,4139.59,13.0,2,78.0,Annual,Bank Transfer,0,0,49254.11
C102545,37.0,Female,Bengaluru,71,2073.65,129913.96,17.0,3,40.0,Monthly,Credit Card,0,0,145185.71
C102546,21.0,Female,Chennai,31,888.67,28899.11,14.0,0,53.0,Annual,Debit Card,1,0,40590.96
C102547,24.0,Female,Bengaluru,72,1986.4,146272.42,11.0,4,59.0,Quarterly,Debit Card,1,0,146994.49
C102548,18.0,Female,Bengaluru,33,1992.14,58384.81,11.0,3,94.0,Quarterly,Credit Card,1,0,92247.14
C102549,61.0,Female,Pune,5,1429.37,6404.45,14.0,1,80.0,Monthly,UPI,1,0,36145.14
C102550,62.0,Female,Pune,58,2244.08,120597.54,19.0,3,84.0,Annual,Credit Card,1,0,160753.3
C102551,59.0,Female,Mumbai,11,1961.91,19745.98,14.0,2,80.0,Monthly,UPI,0,1,50343.78
C102552,64.0,Female,Delhi,23,3101.38,72669.98,20.0,0,86.0,Annual,Credit Card,0,0,115452.03
C102553,30.0,Male,Mumbai,45,1305.58,57400.26,14.0,1,36.0,Monthly,Credit Card,1,0,75601.7
C102554,39.0,Male,Hyderabad,27,1473.54,36085.33,14.0,4,12.0,Annual,Bank Transfer,0,0,59839.59
C102555,38.0,Male,Hyderabad,56,1496.63,73780.77,23.0,3,46.0,Annual,Credit Card,0,0,105318.97
C102556,39.0,Female,Chennai,59,1517.01,88291.49,8.0,4,53.0,Monthly,Credit Card,0,0,97113.5
C102557,44.0,Female,Pune,40,764.12,33938.7,20.0,3,84.0,Monthly,Debit Card,1,0,53471.99
C102558,26.0,Female,Kolkata,18,1629.7,27755.36,17.0,0,74.0,Monthly,Credit Card,1,0,62324.06
C102559,43.0,Male,Hyderabad,51,1822.72,86034.3,10.0,2,46.0,Monthly,UPI,0,0,100500.46
C102560,26.0,Female,Bengaluru,61,2774.59,177143.09,7.0,3,70.0,Quarterly,UPI,1,0,168770.89
C102561,32.0,Female,Bengaluru,23,1718.89,42008.7,15.0,2,22.0,Monthly,UPI,0,0,47740.28
C102562,27.0,Male,Pune,36,2622.81,85566.71,15.0,1,81.0,Monthly,UPI,0,0,116214.12
C102563,41.0,Female,Pune,38,2338.75,81678.84,24.0,0,65.0,Monthly,Bank Transfer,0,0,113575.03
C102564,59.0,Female,Hyderabad,72,1889.79,139729.77,15.0,2,100.0,Monthly,Credit Card,0,0,160361.62
C102565,25.0,Female,Delhi,56,1707.45,92374.18,4.0,3,43.0,Quarterly,Debit Card,0,0,96021.69
C102566,41.0,Female,Delhi,39,2148.53,75760.62,16.0,1,37.0,Monthly,Credit Card,0,0,109466.38
C102567,33.0,Male,Hyderabad,69,2467.63,174379.29,24.0,1,100.0,Annual,Credit Card,1,0,192934.97
C102568,66.0,Male,Chennai,28,1456.72,42423.2,15.0,2,41.0,Monthly,UPI,0,0,60008.82
C102569,43.0,Male,Delhi,21,2181.09,47632.75,17.0,3,72.0,Monthly,Credit Card,0,0,93987.53
C102570,44.0,Female,Hyderabad,62,1741.27,106533.34,1.0,5,60.0,Monthly,Credit Card,0,0,112221.64
C102571,54.0,Male,Chennai,23,2154.39,54439.6,21.0,4,91.0,Monthly,UPI,0,0,85027.15
C102572,21.0,Female,Hyderabad,21,2867.03,58860.28,9.0,2,51.0,Monthly,UPI,1,0,86075.87
C102573,67.0,Male,Mumbai,16,1565.32,23975.11,5.0,4,59.0,Monthly,UPI,0,0,57076.83
C102574,41.0,Female,Pune,62,1858.615,30805.27,10.0,2,82.0,Monthly,Credit Card,0,0,39285.29
C102575,36.0,Male,Mumbai,65,1765.39,121327.23,15.0,1,37.0,Monthly,UPI,0,0,115115.45
C102576,53.0,Female,Hyderabad,5,1102.3,5636.58,9.0,2,80.0,Monthly,Credit Card,0,0,29550.49
C102577,56.0,Female,Hyderabad,46,1970.99,86959.3,19.0,2,89.0,Quarterly,Wallet,0,1,120648.0
C102578,27.0,Female,Mumbai,64,1395.11,89608.65,6.0,0,76.0,Annual,Credit Card,0,0,110601.77
C102579,42.0,Male,Bengaluru,41,1728.01,69174.63,15.0,2,77.0,Monthly,Debit Card,0,0,88233.65
C102580,35.0,Male,Mumbai,44,2859.84,140089.56,15.0,3,51.0,Monthly,Wallet,0,0,154980.89
C102581,36.0,Female,Hyderabad,15,2990.94,45103.01,13.0,1,54.0,Monthly,Credit Card,1,0,90120.4
C102582,53.0,Male,Pune,68,2284.79,142179.16,23.0,3,79.0,Annual,Bank Transfer,0,0,160915.06
C102583,27.0,Male,Kolkata,51,1214.1,61120.16,17.0,3,71.0,Quarterly,Credit Card,0,0,74124.61
C102584,50.0,Male,Kolkata,54,2367.83,119977.97,15.0,0,58.0,Monthly,Credit Card,0,0,141872.83
C102585,67.0,Female,Bengaluru,68,1497.69,99875.83,7.0,1,84.0,Monthly,Credit Card,0,0,123328.98
C102586,22.0,Female,Delhi,42,1081.61,42125.65,13.0,2,86.0,Annual,Wallet,0,0,66350.54
C102587,64.0,Male,Bengaluru,46,3069.8,136144.79,9.0,3,89.0,Monthly,Credit Card,1,0,161746.01
C102588,66.0,Male,Pune,25,1793.21,48836.08,1.0,2,100.0,Monthly,Debit Card,0,0,71555.2
C102589,52.0,Female,Hyderabad,67,2158.36,135556.09,16.0,2,100.0,Monthly,Wallet,1,0,164792.96
C102590,61.0,Female,Pune,35,1588.55,57639.11,5.0,1,54.0,Monthly,UPI,1,0,70148.85
C102591,51.0,Male,Chennai,22,2147.46,46855.47,12.0,5,66.0,Monthly,UPI,1,1,62282.07
C102592,50.0,Male,Pune,9,1263.02,12666.5,16.0,3,54.0,Monthly,Debit Card,1,0,48594.26
C102593,38.0,Female,Delhi,24,1724.86,36662.62,10.0,5,97.0,Quarterly,Credit Card,1,0,70963.05
C102594,34.0,Other,Bengaluru,23,2395.93,53851.6,7.0,0,59.0,Monthly,Bank Transfer,1,0,90969.23
C102595,39.0,Other,Kolkata,61,1933.32,119014.18,18.0,3,69.0,Annual,UPI,0,0,133887.65
C102596,65.0,Female,Bengaluru,37,1251.9,44131.48,3.0,0,64.0,Monthly,Credit Card,0,0,65717.17
C102597,54.0,Male,Other,45,2399.01,119842.93,8.0,2,66.0,Quarterly,Debit Card,1,0,116254.07
C102598,32.0,Female,Pune,15,1565.35,25693.31,15.0,1,45.0,Monthly,Bank Transfer,0,0,57112.25
C102599,52.0,Male,Other,57,1551.67,83691.52,13.0,0,100.0,Monthly,Credit Card,0,0,102237.25
C102600,45.0,Female,Hyderabad,14,1316.07,17131.46,12.0,0,100.0,Annual,UPI,1,0,45297.53
C102601,24.0,Male,Bengaluru,52,2805.87,129785.8,25.0,0,66.0,Monthly,UPI,0,0,174479.79
C102602,49.0,Female,Pune,36,2741.79,90787.62,18.0,3,100.0,Annual,Bank Transfer,0,0,141168.83
C102603,28.0,Female,Kolkata,27,1635.07,47478.52,20.0,0,66.0,Quarterly,Credit Card,1,0,75312.49
C102604,27.0,Male,Hyderabad,17,1234.01,22941.72,10.0,4,99.0,Quarterly,Bank Transfer,0,0,54758.0
C102605,26.0,Female,Hyderabad,41,2241.28,85940.23,26.0,0,100.0,Monthly,Credit Card,0,0,134416.65
C102606,31.0,Male,Bengaluru,4,2311.78,9581.17,10.0,5,49.0,Annual,Credit Card,0,0,56317.44
C102607,30.0,Male,Pune,3,1532.55,4556.27,17.0,2,80.0,Monthly,UPI,0,0,53053.89
C102608,42.0,Male,Pune,19,1990.23,33686.11,16.0,2,92.0,Annual,Credit Card,1,0,79911.34
C102609,19.0,Male,Bengaluru,41,2434.3,91134.02,15.0,2,100.0,Annual,UPI,0,0,150952.46
C102610,52.0,Male,Hyderabad,40,1948.52,73237.8,6.0,0,100.0,Monthly,Debit Card,0,0,98154.84
C102611,24.0,Female,Mumbai,58,2290.16,148225.05,13.0,2,100.0,Annual,UPI,1,0,139987.02
C102612,38.0,Male,Bengaluru,39,1969.86,77282.29,11.0,1,69.0,Monthly,UPI,0,0,90899.66
C102613,35.0,Male,Pune,7,2524.08,18095.19,6.0,3,72.0,Annual,Bank Transfer,0,0,69698.19
C102614,20.0,Male,Chennai,36,1437.25,53722.52,10.0,1,70.0,Quarterly,Bank Transfer,0,0,90803.0
C102615,59.0,Female,Delhi,20,1904.4,37911.78,19.0,2,54.0,Monthly,UPI,0,0,68979.63
C102616,56.0,Female,Pune,29,1330.49,41348.53,8.0,2,75.0,Monthly,Debit Card,0,0,48330.28
C102617,58.0,Female,Mumbai,68,1378.05,100768.85,18.0,4,66.0,Quarterly,UPI,1,1,111916.56
C102618,66.0,Female,Bengaluru,66,3037.32,177393.82,17.0,2,64.0,Quarterly,UPI,0,0,201826.4
C102619,28.0,Female,Pune,47,873.77,44061.32,17.0,0,49.0,Monthly,Credit Card,0,0,64104.37
C102620,56.0,Female,Bengaluru,23,2234.24,46747.99,29.0,5,77.0,Monthly,Credit Card,0,0,91782.7
C102621,41.0,Female,Kolkata,6,3566.91,23348.01,9.0,3,44.0,Monthly,Debit Card,0,0,68292.73
C102622,63.0,Male,Hyderabad,18,3197.0,50951.89,16.0,2,100.0,Annual,Credit Card,1,0,109998.59
C102623,36.0,Female,Pune,53,2165.98,121088.89,14.0,1,69.0,Monthly,Credit Card,0,0,121015.92
C102624,21.0,Female,Hyderabad,22,3291.82,80615.4,15.0,1,87.0,Annual,UPI,1,0,99328.25
C102625,43.0,Female,Hyderabad,68,2060.52,129006.96,1.0,2,29.0,Monthly,Credit Card,0,0,137744.9
C102626,55.0,Female,Bengaluru,35,1608.08,60430.56,9.0,1,66.0,Monthly,Credit Card,1,0,82784.9
C102627,59.0,Female,Other,9,1813.53,15574.34,10.0,4,30.0,Monthly,UPI,0,0,43224.23
C102628,49.0,Female,Other,31,1858.615,79746.79,14.0,5,100.0,Annual,Debit Card,1,0,111756.72
C102629,56.0,Male,Hyderabad,43,3150.26,139817.96,4.0,0,64.0,Monthly,Debit Card,1,0,153525.66
C102630,62.0,Male,Hyderabad,17,2490.74,45636.57,12.0,0,84.0,Monthly,Debit Card,0,0,82724.51
C102631,63.0,Male,Bengaluru,51,1992.43,102433.54,7.0,2,53.0,Annual,UPI,0,0,112830.01
C102632,53.0,Female,Bengaluru,66,1634.98,114860.88,7.0,0,77.0,Annual,Credit Card,1,0,120634.79
C102633,57.0,Female,Pune,24,789.2,20510.71,1.0,1,100.0,Annual,Credit Card,0,0,45067.08
C102634,54.0,Female,Chennai,15,1961.35,32363.29,3.0,2,73.0,Annual,Bank Transfer,0,0,54780.71
C102635,50.0,Female,Pune,28,1377.47,39122.2,11.0,4,63.0,Annual,UPI,0,0,67578.11
C102636,53.0,Female,Pune,3,2652.58,7699.04,20.0,3,67.0,Annual,Credit Card,0,0,47429.32
C102637,20.0,Female,Mumbai,29,1636.05,49779.49,14.0,2,35.0,Quarterly,Debit Card,0,0,75319.51
C102638,26.0,Female,Pune,52,2432.2,138995.66,14.0,6,72.0,Quarterly,Credit Card,1,0,140472.23
C102639,25.0,Female,Hyderabad,54,3429.94,173345.48,18.0,2,78.0,Monthly,Credit Card,1,0,196587.54
C102640,50.0,Female,Hyderabad,58,1715.35,101527.56,7.0,2,82.0,Quarterly,Bank Transfer,0,0,113759.9
C102641,23.0,Male,Pune,45,1905.8,81910.44,6.0,3,80.0,Monthly,Debit Card,0,0,98441.99
C102642,58.0,Female,Bengaluru,50,2286.25,117692.28,16.0,2,66.0,Annual,UPI,1,0,124700.29
C102643,56.0,Male,Hyderabad,22,1616.4,36878.86,12.0,4,88.0,Quarterly,Credit Card,0,0,71104.84
C102644,21.0,Male,Kolkata,52,2125.43,121663.23,19.0,3,100.0,Annual,Credit Card,0,0,139246.99
C102645,30.0,Female,Delhi,53,1572.45,82596.85,9.0,0,100.0,Monthly,Wallet,0,0,107562.59
C102646,66.0,Female,Chennai,31,2682.68,82322.83,19.0,3,65.0,Quarterly,Bank Transfer,1,0,107067.62
C102647,19.0,Female,Delhi,71,1659.89,131382.45,8.0,3,69.0,Monthly,Bank Transfer,1,0,122769.05
C102648,22.0,Male,Bengaluru,48,1238.46,63056.93,16.0,2,91.0,Annual,Debit Card,1,0,73655.42
C102649,61.0,Male,Other,31,1044.34,30897.59,18.0,3,49.0,Monthly,UPI,0,0,53573.85
C102650,44.0,Male,Hyderabad,4,1253.18,5043.26,8.0,2,70.0,Monthly,UPI,0,0,28679.88
C102651,49.0,Male,Delhi,35,1508.84,50508.36,4.0,0,56.0,Monthly,Wallet,0,0,73930.05
C102652,38.0,Male,Pune,67,1858.615,161578.48,8.0,5,83.0,Monthly,Credit Card,1,0,159218.75
C102653,25.0,Male,Chennai,64,2327.87,159138.94,13.0,2,62.0,Monthly,Wallet,0,0,154600.95
C102654,55.0,Male,Pune,9,2632.29,22140.1,11.0,6,66.0,Annual,UPI,1,0,67699.44
C102655,25.0,Male,Kolkata,46,1810.98,78869.72,24.0,2,63.0,Monthly,Debit Card,0,0,115395.01
C102656,67.0,Male,Pune,56,2445.78,127590.71,7.0,2,12.0,Quarterly,Credit Card,0,0,135601.84
C102657,20.0,Female,Bengaluru,56,1640.81,84150.53,22.0,0,63.0,Monthly,UPI,1,0,103875.33
C102658,61.0,Male,Mumbai,26,607.25,14413.92,20.0,1,100.0,Monthly,Bank Transfer,1,0,42089.06
C102659,20.0,Female,Kolkata,60,2666.55,163584.44,13.0,1,36.0,Annual,Debit Card,1,0,159238.69
C102660,39.0,Female,Chennai,72,1354.6,88070.85,2.0,2,69.0,Monthly,Credit Card,0,0,112122.48
C102661,23.0,Male,Delhi,48,1909.27,94310.49,9.0,2,70.0,Annual,UPI,1,0,92036.8
C102662,19.0,Female,Chennai,58,1814.04,110998.82,20.0,0,62.0,Annual,Debit Card,1,0,120619.0
C102663,40.0,Female,Hyderabad,63,2389.45,152869.82,13.0,1,91.0,Annual,UPI,1,0,161919.48
C102664,61.0,Female,Hyderabad,58,1903.34,101072.48,21.0,1,71.0,Monthly,Wallet,0,0,141683.1
C102665,19.0,Male,Other,3,1901.06,5990.52,14.0,2,67.0,Annual,UPI,0,1,54587.6
C102666,55.0,Female,Mumbai,7,2839.33,22103.37,6.0,2,98.0,Monthly,UPI,1,0,66151.08
C102667,34.0,Female,Hyderabad,52,1740.99,93178.45,15.0,4,25.0,Monthly,Debit Card,1,0,92840.77
C102668,52.0,Male,Pune,62,1645.98,100915.37,27.0,3,39.0,Monthly,UPI,0,0,118928.45
C102669,51.0,Male,Mumbai,2,2325.12,4407.86,9.0,1,100.0,Monthly,Credit Card,1,0,48303.29
C102670,40.0,Male,Pune,33,2808.84,96781.98,25.0,0,100.0,Annual,Bank Transfer,0,0,147331.33
C102671,47.0,Female,Hyderabad,12,2379.1,30109.95,32.0,0,100.0,Quarterly,Debit Card,1,0,85154.26
C102672,69.0,Male,Kolkata,48,1661.43,80884.5,8.0,2,100.0,Annual,Credit Card,1,0,99807.73
C102673,25.0,Female,Mumbai,53,2038.81,102068.28,3.0,5,82.0,Monthly,Wallet,1,0,127335.37
C102674,44.0,Male,Delhi,41,2105.17,95981.41,7.0,4,72.0,Annual,Bank Transfer,0,0,105796.97
C102675,61.0,Female,Hyderabad,58,1674.06,89114.43,7.0,2,37.0,Monthly,Credit Card,1,0,105276.08
C102676,53.0,Male,Bengaluru,68,1442.6,108982.17,10.0,3,72.0,Annual,Debit Card,1,0,108104.0
C102677,22.0,Male,Bengaluru,23,2193.23,44877.85,16.0,0,56.0,Annual,Wallet,1,0,78110.14
C102678,30.0,Female,Other,36,2506.94,84641.15,1.0,2,59.0,Monthly,Bank Transfer,1,0,107443.52
C102679,46.0,Male,Hyderabad,21,2859.29,61742.04,13.0,2,11.0,Quarterly,Bank Transfer,1,1,83725.98
C102680,48.0,Male,Delhi,72,2799.6,205224.28,18.0,3,38.0,Annual,UPI,1,0,197491.41
C102681,64.0,Male,Hyderabad,55,1508.18,85356.55,14.0,1,65.0,Monthly,Credit Card,1,0,102177.92
C102682,33.0,Female,Hyderabad,56,1193.63,70367.85,20.0,2,82.0,Monthly,Credit Card,0,0,90019.77
C102683,59.0,Female,Bengaluru,13,1079.58,12608.48,17.0,1,58.0,Annual,UPI,1,0,33552.77
C102684,47.0,Female,Pune,22,2485.56,56649.95,25.0,3,77.0,Monthly,Bank Transfer,0,0,105002.04
C102685,33.0,Female,Pune,7,2334.84,17238.38,9.0,1,52.0,Monthly,UPI,1,0,49899.42
C102686,29.0,Male,Other,24,1439.59,37228.07,32.0,3,62.0,Monthly,Credit Card,1,0,62846.76
C102687,34.0,Female,Kolkata,61,1307.34,83111.92,9.0,3,84.0,Quarterly,UPI,1,0,90367.72
C102688,33.0,Female,Hyderabad,5,2624.33,12711.0,8.0,2,47.0,Monthly,UPI,0,0,48609.52
C102689,29.0,Male,Pune,50,2682.85,142338.52,14.0,0,46.0,Annual,UPI,0,0,147530.47
C102690,25.0,Male,Chennai,62,2890.06,167422.88,16.0,0,100.0,Annual,UPI,0,0,205382.0
C102691,37.0,Male,Kolkata,55,2164.84,108132.44,17.0,1,81.0,Monthly,Debit Card,1,0,130319.08
C102692,20.0,Female,Hyderabad,26,2220.22,57529.35,24.0,2,84.0,Monthly,Credit Card,0,0,89965.47
C102693,33.0,Male,Pune,10,461.23,4534.22,30.0,2,70.0,Quarterly,UPI,1,0,35773.78
C102694,47.0,Female,Hyderabad,11,1806.75,20558.48,17.0,5,90.0,Annual,Credit Card,0,0,48996.0
C102695,62.0,Male,Bengaluru,40,3114.93,127998.83,27.0,1,81.0,Monthly,Credit Card,1,0,155347.06
C102696,40.0,Male,Hyderabad,11,1680.84,16558.02,23.0,2,52.0,Annual,Debit Card,1,0,40902.66
C102697,45.0,Male,Hyderabad,4,1942.17,8023.25,1.0,1,100.0,Monthly,Bank Transfer,0,0,46495.66
C102698,68.0,Male,Chennai,2,2812.49,5348.11,18.0,0,41.0,Monthly,Credit Card,0,0,55628.4
C102699,57.0,Male,Pune,39,2368.54,97633.59,1.0,2,75.0,Monthly,Credit Card,0,0,111704.61
C102700,22.0,Male,Pune,23,1172.47,26813.31,23.0,5,44.0,Quarterly,Debit Card,0,0,60654.16
C102701,37.0,Male,Bengaluru,45,1036.86,47847.08,19.0,3,87.0,Monthly,Debit Card,0,0,78407.51
C102702,57.0,Male,Hyderabad,42,3096.3,133488.95,21.0,2,100.0,Annual,UPI,1,0,168224.65
C102703,61.0,Male,Chennai,42,2531.86,103394.75,4.0,4,33.0,Annual,UPI,0,0,122390.51
C102704,18.0,Female,Kolkata,29,2280.86,66311.95,20.0,3,100.0,Annual,Bank Transfer,1,0,96156.65
C102705,47.0,Female,Hyderabad,16,2126.63,34098.73,17.0,3,65.0,Monthly,Credit Card,0,0,71416.25
C102706,38.0,Female,Mumbai,67,1559.76,110469.94,11.0,3,72.0,Monthly,UPI,0,0,121993.41
C102707,37.0,Male,Hyderabad,60,1221.12,71494.44,17.0,2,23.0,Monthly,UPI,0,0,82968.72
C102708,23.0,Male,Chennai,4,2086.0,8458.46,9.0,2,81.0,Monthly,Credit Card,1,0,49352.9
C102709,39.0,Male,Hyderabad,16,1409.04,22741.64,11.0,1,49.0,Monthly,Credit Card,0,0,40068.5
C102710,35.0,Female,Hyderabad,41,1415.84,55261.65,22.0,2,70.0,Monthly,UPI,1,0,79331.67
C102711,25.0,Male,Hyderabad,6,1811.69,12132.3,14.0,5,93.0,Annual,UPI,0,0,47725.15
C102712,56.0,Male,Bengaluru,42,2309.63,87622.11,16.0,2,64.0,Quarterly,Debit Card,0,0,125625.12
C102713,49.0,Female,Bengaluru,57,1593.56,87761.12,15.0,1,42.0,Annual,Credit Card,1,0,93893.57
C102714,50.0,Female,Delhi,28,1535.92,47790.24,15.0,1,100.0,Annual,Debit Card,1,0,83929.64
C102715,70.0,Male,Hyderabad,23,1183.32,28093.41,14.0,0,64.0,Monthly,UPI,0,0,57075.56
C102716,33.0,Male,Hyderabad,42,1950.45,75188.44,1.0,6,55.0,Annual,UPI,0,0,88633.57
C102717,29.0,Female,Hyderabad,12,2456.98,26535.53,9.0,2,83.0,Monthly,UPI,1,0,79737.87
C102718,55.0,Female,Kolkata,64,1705.36,105780.56,10.0,2,86.0,Monthly,UPI,0,0,131843.76
C102719,69.0,Male,Delhi,58,1801.68,95724.57,1.0,2,100.0,Monthly,UPI,1,0,124314.54
C102720,51.0,Male,Delhi,51,1923.48,100722.78,15.0,0,61.0,Monthly,Debit Card,1,0,118500.67
C102721,31.0,Female,Bengaluru,29,1585.53,48248.64,9.0,2,47.0,Monthly,Credit Card,1,0,64015.73
C102722,53.0,Male,Hyderabad,19,1208.75,25333.05,7.0,1,74.0,Monthly,Credit Card,0,0,51032.27
C102723,50.0,Female,Hyderabad,45,1769.04,72762.15,1.0,0,77.0,Annual,UPI,0,0,99812.16
C102724,40.0,Female,Mumbai,54,1681.26,81696.5,12.0,4,71.0,Annual,UPI,1,0,105385.2
C102725,67.0,Male,Mumbai,66,1742.29,118460.09,16.0,1,75.0,Quarterly,UPI,0,0,132158.28
C102726,62.0,Male,Kolkata,72,1506.29,101844.25,15.0,4,78.0,Quarterly,Debit Card,0,0,123929.85
C102727,19.0,Female,Kolkata,13,1946.49,24349.74,20.0,1,72.0,Monthly,Bank Transfer,0,0,70268.44
C102728,58.0,Male,Chennai,65,1726.93,103381.79,11.0,3,55.0,Quarterly,UPI,0,0,113264.22
C102729,38.0,Male,Chennai,12,1394.95,16169.77,21.0,0,58.0,Monthly,Wallet,0,0,40161.92
C102730,19.0,Female,Hyderabad,71,2746.15,184784.19,20.0,1,57.0,Monthly,Credit Card,0,0,212975.31
C102731,44.0,Male,Bengaluru,14,2112.19,31932.35,13.0,1,79.0,Monthly,Credit Card,0,0,58790.2
C102732,26.0,Male,Kolkata,42,1664.67,64001.68,13.0,1,37.0,Quarterly,Debit Card,0,0,89498.63
C102733,18.0,Male,Hyderabad,48,1448.48,68238.94,29.0,4,100.0,Quarterly,Bank Transfer,1,0,104611.21
C102734,28.0,Female,Other,24,2394.11,55542.75,12.0,2,97.0,Monthly,Bank Transfer,0,0,96083.97
C102735,20.0,Male,Mumbai,65,1235.93,74390.94,27.0,2,92.0,Monthly,Credit Card,0,0,104867.65
C102736,69.0,Female,Chennai,17,2962.47,48153.81,19.0,0,40.0,Annual,UPI,0,0,88161.73
C102737,40.0,Female,Hyderabad,38,1118.12,44946.59,9.0,3,46.0,Annual,UPI,1,0,54298.61
C102738,43.0,Male,Delhi,28,3598.98,108205.86,14.0,3,46.0,Monthly,Debit Card,0,0,143492.96
C102739,21.0,Male,Chennai,33,1525.69,48567.02,12.0,4,40.0,Monthly,Credit Card,1,1,56658.6
C102740,35.0,Male,Bengaluru,24,956.1,22302.89,9.0,1,61.0,Monthly,Debit Card,0,0,48736.51
C102741,23.0,Female,Bengaluru,70,1365.1,99042.51,15.0,2,100.0,Monthly,Bank Transfer,0,0,121993.56
C102742,52.0,Female,Hyderabad,4,1597.25,6460.76,9.0,0,90.0,Quarterly,Credit Card,0,0,45833.7
C102743,39.0,Female,Mumbai,33,1433.7,47255.65,9.0,1,88.0,Quarterly,Debit Card,1,0,75837.89
C102744,60.0,Male,Bengaluru,10,2031.33,21743.62,15.0,4,20.0,Quarterly,UPI,1,0,25417.32
C102745,32.0,Female,Delhi,36,1984.96,78381.71,22.0,2,100.0,Monthly,Wallet,0,0,106885.75
C102746,39.0,Male,Delhi,31,4113.88,122685.17,12.0,2,100.0,Annual,Debit Card,1,0,165749.61
C102747,54.0,Female,Bengaluru,4,1856.68,6591.41,16.0,1,47.0,Monthly,Credit Card,1,0,41200.6
C102748,69.0,Female,Delhi,8,938.42,7287.34,15.0,4,31.0,Monthly,UPI,0,0,23930.35
C102749,59.0,Male,Bengaluru,27,1687.83,43510.3,8.0,1,70.0,Monthly,UPI,0,0,69617.06
C102750,29.0,Male,Delhi,36,2139.39,79964.96,25.0,2,100.0,Annual,UPI,0,0,112580.09
C102751,64.0,Female,Hyderabad,9,1468.47,14156.33,11.0,2,79.0,Quarterly,UPI,0,0,36537.77
C102752,66.0,Female,Hyderabad,43,2217.12,91079.96,9.0,0,61.0,Monthly,UPI,1,0,115676.96
C102753,59.0,Male,Bengaluru,24,2549.73,55034.21,23.0,0,79.0,Annual,Credit Card,0,0,93424.94
C102754,55.0,Male,Pune,37,1386.76,49700.1,17.0,2,91.0,Monthly,UPI,1,0,83461.45
C102755,35.0,Female,Hyderabad,41,1570.92,64201.56,21.0,1,59.0,Quarterly,Wallet,1,0,76219.86
C102756,62.0,Male,Hyderabad,26,810.82,19944.22,7.0,3,78.0,Annual,Credit Card,1,0,45483.21
C102757,52.0,Male,Bengaluru,4,1234.16,4758.84,28.0,2,100.0,Monthly,Credit Card,0,0,43791.04
C102758,47.0,Male,Hyderabad,1,1626.82,1647.39,6.0,4,43.0,Monthly,Credit Card,1,0,26782.28
C102759,41.0,Male,Pune,20,1891.63,39980.69,21.0,7,85.0,Monthly,Bank Transfer,1,0,79735.81
C102760,59.0,Female,Mumbai,45,1712.22,78007.16,19.0,6,100.0,Quarterly,Credit Card,0,0,109771.32
C102761,47.0,Other,Kolkata,69,1252.83,84505.79,14.0,2,33.0,Monthly,UPI,1,0,95511.92
C102762,31.0,Female,Hyderabad,52,2519.54,143213.11,21.0,3,72.0,Monthly,Credit Card,1,0,133746.17
C102763,23.0,Male,Bengaluru,64,2454.82,165631.65,5.0,4,46.0,Monthly,Credit Card,0,0,151685.62
C102764,20.0,Female,Delhi,21,2518.48,57426.61,15.0,2,51.0,Monthly,Bank Transfer,1,1,77055.81
C102765,33.0,Female,Delhi,72,2807.77,211501.82,21.0,2,100.0,Quarterly,UPI,0,0,209349.23
C102766,24.0,Male,Bengaluru,25,1160.07,27918.07,23.0,0,99.0,Quarterly,UPI,0,0,65151.96
C102767,69.0,Female,Mumbai,67,2078.86,139755.01,20.0,2,100.0,Quarterly,Credit Card,0,0,155307.31
C102768,31.0,Male,Pune,26,2393.13,65921.35,1.0,2,85.0,Monthly,Credit Card,1,0,88383.0
C102769,26.0,Other,Hyderabad,27,3526.4,104163.24,21.0,4,83.0,Annual,Credit Card,1,0,136425.6
C102770,32.0,Male,Delhi,52,2772.8,147511.35,17.0,3,87.0,Monthly,UPI,1,0,155698.75
C102771,38.0,Female,Bengaluru,63,1633.33,106839.25,24.0,2,100.0,Monthly,UPI,1,0,131273.13
C102772,52.0,Male,Other,45,766.94,37439.27,14.0,3,69.0,Monthly,Debit Card,0,0,56876.25
C102773,19.0,Male,Mumbai,58,1263.58,71863.25,2.0,4,80.0,Annual,Debit Card,0,0,89516.04
C102774,44.0,Male,Hyderabad,38,2237.28,83584.59,15.0,1,100.0,Quarterly,UPI,0,0,122616.28
C102775,19.0,Female,Chennai,35,1840.37,71031.73,5.0,5,84.0,Monthly,Wallet,1,0,78793.22
C102776,52.0,Female,Other,46,1596.7,79880.91,16.0,0,67.0,Annual,Debit Card,1,0,105647.43
C102777,35.0,Female,Delhi,71,758.66,54748.9,8.0,0,62.0,Annual,UPI,0,0,70018.72
C102778,31.0,Female,Bengaluru,3,1858.615,7951.23,25.0,1,65.0,Monthly,UPI,0,0,58831.56
C102779,37.0,Female,Mumbai,6,1050.66,7010.67,16.0,2,42.0,Monthly,Debit Card,1,0,24216.2
C102780,35.0,Male,Mumbai,13,2720.99,36258.06,1.0,2,5.0,Monthly,Bank Transfer,0,0,60971.63
C102781,27.0,Male,Hyderabad,46,1150.4,50662.54,25.0,1,56.0,Monthly,Bank Transfer,0,0,74923.18
C102782,42.0,Female,Hyderabad,33,1761.0,53345.64,31.0,1,75.0,Annual,UPI,1,0,95859.47
C102783,19.0,Female,Mumbai,62,1616.58,98670.05,10.0,2,76.0,Annual,UPI,0,0,113784.69
C102784,42.0,Female,Chennai,63,2212.19,148633.94,6.0,0,78.0,Monthly,Wallet,0,0,143864.96
C102785,50.0,Male,Hyderabad,56,1363.61,73761.85,6.0,2,63.0,Monthly,UPI,1,0,75432.69
C102786,53.0,Male,Pune,39,1662.65,61570.86,1.0,4,54.0,Monthly,UPI,1,0,75848.74
C102787,48.0,Female,Mumbai,60,1572.74,98525.16,18.0,3,100.0,Monthly,Bank Transfer,1,0,116701.58
C102788,31.0,Female,Bengaluru,24,1228.98,30238.04,10.0,2,49.0,Quarterly,UPI,1,0,42246.33
C102789,18.0,Male,Hyderabad,50,1810.24,93631.82,10.0,1,100.0,Monthly,Credit Card,0,0,109840.61
C102790,63.0,Female,Mumbai,33,1972.23,58075.76,12.0,5,49.0,Monthly,Credit Card,1,0,70856.96
C102791,33.0,Female,Delhi,7,2258.04,15605.05,24.0,1,72.0,Monthly,Debit Card,1,0,56999.65
C102792,63.0,Male,Delhi,46,2446.93,120964.1,12.0,0,59.0,Annual,UPI,0,0,134029.1
C102793,69.0,Female,Bengaluru,62,2266.57,156875.84,10.0,3,51.0,Monthly,Bank Transfer,0,0,137817.68
C102794,20.0,Female,Mumbai,1,649.04,589.76,8.0,2,38.0,Monthly,Credit Card,1,0,10505.0
C102795,52.0,Female,Kolkata,65,1785.22,122247.22,18.0,3,59.0,Quarterly,UPI,0,0,124147.59
C102796,58.0,Female,Bengaluru,45,1218.61,52703.68,7.0,3,100.0,Monthly,Debit Card,1,0,71429.71
C102797,23.0,Female,Hyderabad,55,1806.49,96959.82,12.0,3,100.0,Quarterly,Wallet,0,0,125291.75
C102798,42.0,Male,Pune,66,1890.54,127095.72,22.0,2,80.0,Monthly,Debit Card,0,0,141470.21
C102799,30.0,Male,Hyderabad,67,2185.06,134040.52,5.0,2,57.0,Annual,UPI,0,0,150124.89
C102800,70.0,Male,Bengaluru,54,757.28,37154.87,2.0,1,100.0,Monthly,UPI,0,0,63436.45
C102801,51.0,Male,Hyderabad,63,3355.81,195368.55,10.0,4,32.0,Monthly,Credit Card,0,0,199484.21
C102802,25.0,Male,Bengaluru,54,3296.27,161758.11,14.0,0,72.0,Monthly,Bank Transfer,0,0,196202.95
C102803,38.0,Male,Chennai,52,1645.24,75741.27,18.0,6,19.0,Annual,Credit Card,1,0,92674.27
C102804,51.0,Male,Hyderabad,54,1076.35,64087.12,14.0,3,100.0,Quarterly,Debit Card,0,0,80531.89
C102805,21.0,Male,Kolkata,67,3647.26,269949.57,16.0,1,92.0,Monthly,UPI,1,0,246566.69
C102806,42.0,Female,Mumbai,37,2519.53,84039.89,26.0,0,88.0,Monthly,Credit Card,0,0,127880.5
C102807,32.0,Male,Mumbai,12,2286.76,30617.77,18.0,2,62.0,Monthly,UPI,1,0,67654.11
C102808,21.0,Female,Bengaluru,59,1004.06,58773.78,13.0,2,100.0,Quarterly,Debit Card,1,0,88767.45
C102809,62.0,Female,Delhi,20,2847.6,50774.73,14.0,2,83.0,Quarterly,Credit Card,1,0,83035.25
C102810,29.0,Male,Chennai,32,1235.4,43190.97,14.0,1,71.0,Monthly,UPI,0,0,71868.19
C102811,49.0,Female,Pune,71,1929.51,142874.58,20.0,2,100.0,Annual,UPI,1,0,152487.73
C102812,49.0,Female,Pune,44,2695.15,131402.0,24.0,3,100.0,Monthly,Debit Card,0,0,159317.07
C102813,45.0,Male,Delhi,66,1782.34,128642.0,14.0,1,47.0,Annual,Credit Card,0,0,126362.18
C102814,30.0,Male,Mumbai,55,2201.46,121181.6,6.0,0,83.0,Annual,UPI,0,0,141189.18
C102815,48.0,Male,Pune,16,2563.72,38454.33,23.0,0,50.0,Quarterly,Debit Card,0,0,82465.44
C102816,31.0,Male,Mumbai,71,1262.87,88674.41,9.0,1,99.0,Annual,Wallet,0,0,113333.83
C102817,37.0,Male,Hyderabad,68,2555.18,154622.99,16.0,2,100.0,Monthly,UPI,0,0,179085.68
C102818,35.0,Female,Hyderabad,52,2844.69,149863.99,1.0,2,24.0,Quarterly,Debit Card,1,0,150255.8
C102819,46.0,Female,Other,37,1755.27,61271.19,10.0,4,75.0,Monthly,UPI,1,0,81288.19
C102820,23.0,Female,Hyderabad,46,2851.55,141312.41,21.0,5,66.0,Annual,UPI,0,0,157406.78
C102821,49.0,Male,Pune,41,1295.53,47368.15,19.0,1,48.0,Monthly,UPI,0,0,74385.0
C102822,46.0,Male,Bengaluru,5,801.17,4169.59,8.0,3,100.0,Monthly,Bank Transfer,0,0,44734.69
C102823,60.0,Male,Chennai,66,762.06,53352.53,17.0,3,52.0,Annual,Wallet,0,0,61576.14
C102824,19.0,Male,Delhi,5,2383.56,12975.32,1.0,3,43.0,Annual,UPI,1,0,42723.76
C102825,40.0,Male,Hyderabad,63,2094.43,131415.33,7.0,0,52.0,Monthly,UPI,0,0,150493.63
C102826,36.0,Female,Delhi,3,1420.0,4099.98,9.0,6,34.0,Monthly,Credit Card,0,1,15959.14
C102827,48.0,Male,Delhi,8,2561.71,20922.27,21.0,1,88.0,Monthly,Debit Card,0,0,77175.29
C102828,68.0,Female,Mumbai,26,1380.81,33657.27,12.0,6,52.0,Monthly,UPI,1,0,54997.53
C102829,22.0,Male,Mumbai,53,992.87,53367.17,19.0,3,77.0,Monthly,Credit Card,0,0,79093.07
C102830,36.0,Female,Hyderabad,29,1183.53,37436.41,20.0,5,67.0,Monthly,Credit Card,0,0,60359.58
C102831,51.0,Female,Chennai,14,2717.67,41759.63,14.0,0,96.0,Monthly,Wallet,1,0,86943.7
C102832,27.0,Female,Hyderabad,5,2346.97,11772.74,24.0,2,97.0,Monthly,UPI,0,0,70220.63
C102833,42.0,Male,Bengaluru,27,1691.06,45940.34,9.0,2,70.0,Monthly,UPI,0,0,72360.79
C102834,19.0,Female,Kolkata,68,1874.66,114648.05,17.0,1,61.0,Annual,Credit Card,0,0,148698.03
C102835,28.0,Female,Mumbai,29,1431.66,39402.15,1.0,2,42.0,Monthly,UPI,0,0,63940.06
C102836,67.0,Female,Pune,3,399.0,1247.2,19.0,2,48.0,Monthly,Credit Card,0,0,27712.23
C102837,48.0,Female,Mumbai,30,760.4,25210.79,19.0,5,65.0,Monthly,Credit Card,0,0,54849.53
C102838,32.0,Female,Hyderabad,9,1959.41,17202.0,12.0,4,32.0,Annual,Credit Card,1,0,42531.33
C102839,26.0,Male,Mumbai,1,2433.42,2449.46,11.0,5,62.0,Annual,Debit Card,0,0,47153.49
C102840,40.0,Female,Pune,23,1587.33,39733.26,22.0,3,91.0,Monthly,UPI,0,0,77314.19
C102841,36.0,Female,Hyderabad,67,1041.84,64332.5,11.0,1,60.0,Annual,Credit Card,1,0,84662.8
C102842,26.0,Male,Pune,32,2856.92,100448.44,22.0,4,41.0,Monthly,Credit Card,0,0,114967.49
C102843,52.0,Male,Mumbai,6,908.49,5454.76,11.0,2,64.0,Monthly,Debit Card,1,0,26515.66
C102844,38.0,Male,Hyderabad,49,1810.76,83009.77,18.0,3,87.0,Monthly,UPI,1,0,107488.97
C102845,26.0,Female,Mumbai,15,1903.36,30326.75,6.0,0,81.0,Monthly,UPI,0,0,57449.88
C102846,45.0,Male,Chennai,58,3324.43,171347.51,11.0,1,37.0,Quarterly,UPI,0,0,203210.16
C102847,63.0,Male,Bengaluru,53,1186.45,55355.02,15.0,1,90.0,Monthly,UPI,0,0,90464.58
C102848,68.0,Male,Pune,30,1830.18,53398.04,15.0,3,97.0,Quarterly,UPI,1,0,92208.32
C102849,24.0,Female,Kolkata,40,1916.05,83299.96,24.0,2,69.0,Monthly,Debit Card,0,0,104004.2
C102850,33.0,Male,Pune,59,1060.94,58403.61,13.0,3,85.0,Monthly,Debit Card,0,0,90887.31
C102851,33.0,Female,Pune,63,1996.33,118136.1,24.0,0,50.0,Monthly,Bank Transfer,0,0,136951.05
C102852,50.0,Male,Kolkata,48,1516.32,76313.6,13.0,6,13.0,Monthly,Bank Transfer,1,0,64221.88
C102853,21.0,Female,Kolkata,68,1848.52,120239.44,21.0,6,60.0,Annual,Credit Card,1,0,138114.01
C102854,21.0,Female,Hyderabad,7,1580.19,11609.68,14.0,5,69.0,Annual,Wallet,0,0,44267.73
C102855,56.0,Male,Chennai,47,2565.25,118375.42,9.0,0,69.0,Monthly,Bank Transfer,0,0,144741.81
C102856,57.0,Male,Hyderabad,43,1717.7,74042.69,11.0,2,6.0,Monthly,Bank Transfer,0,0,93567.07
C102857,34.0,Female,Mumbai,16,1278.89,20174.8,2.0,2,61.0,Monthly,Debit Card,0,0,32867.86
C102858,54.0,Male,Kolkata,22,642.38,14764.49,11.0,2,60.0,Annual,Bank Transfer,0,0,31304.21
C102859,56.0,Male,Hyderabad,63,3022.71,190411.8,6.0,3,100.0,Monthly,UPI,1,0,197872.92
C102860,69.0,Female,Delhi,46,1849.13,91166.26,16.0,2,79.0,Monthly,Credit Card,0,0,113764.62
C102861,46.0,Other,Delhi,45,2637.18,121007.1,20.0,3,83.0,Quarterly,UPI,0,0,155534.1
C102862,69.0,Female,Hyderabad,41,2605.19,115102.09,11.0,2,80.0,Monthly,Debit Card,0,0,138577.77
C102863,53.0,Male,Bengaluru,25,2293.74,58579.08,5.0,1,100.0,Annual,Debit Card,0,0,80157.68
C102864,55.0,Male,Chennai,50,2393.37,120253.87,22.0,0,88.0,Quarterly,Bank Transfer,0,0,148161.3
C102865,56.0,Male,Hyderabad,67,2872.94,185500.22,12.0,2,100.0,Annual,Bank Transfer,0,0,192420.71
C102866,67.0,Female,Mumbai,52,1375.43,73278.82,22.0,2,39.0,Annual,Bank Transfer,1,0,92763.53
C102867,54.0,Female,Mumbai,31,2380.97,75706.93,17.0,3,100.0,Quarterly,Bank Transfer,1,0,109736.65
C102868,69.0,Female,Mumbai,37,2235.39,75184.82,27.0,0,67.0,Annual,UPI,0,0,123418.77
C102869,52.0,Male,Hyderabad,22,1221.54,24430.76,13.0,3,55.0,Quarterly,UPI,0,0,40582.9
C102870,44.0,Female,Mumbai,27,2359.48,58138.87,1.0,1,70.0,Monthly,Wallet,1,0,96948.27
C102871,44.0,Male,Hyderabad,2,1175.99,2292.81,16.0,2,68.0,Monthly,Credit Card,0,0,52983.49
C102872,45.0,Male,Kolkata,22,2159.04,51919.89,8.0,2,62.0,Monthly,Bank Transfer,1,0,73763.2
C102873,39.0,Female,Bengaluru,53,1985.57,115414.05,8.0,2,80.0,Monthly,UPI,0,0,119712.52
C102874,31.0,Male,Pune,17,1378.72,22613.58,24.0,0,63.0,Monthly,Wallet,0,0,48763.41
C102875,24.0,Female,Delhi,56,3024.76,160469.53,17.0,2,82.0,Monthly,UPI,0,0,192751.76
C102876,54.0,Female,Pune,31,2364.11,65197.07,10.0,4,30.0,Monthly,Credit Card,0,0,94423.02
C102877,39.0,Female,Bengaluru,43,1277.15,51472.08,15.0,0,85.0,Monthly,Bank Transfer,0,0,78697.92
C102878,22.0,Female,Bengaluru,72,2864.39,199017.74,16.0,1,81.0,Annual,UPI,1,0,215498.7
C102879,19.0,Female,Chennai,53,1822.76,106636.59,2.0,2,53.0,Annual,Credit Card,0,0,106942.77
C102880,44.0,Female,Hyderabad,5,1787.27,8097.95,21.0,1,52.0,Annual,Credit Card,1,0,34902.59
C102881,38.0,Male,Kolkata,2,2422.38,4343.77,20.0,3,57.0,Monthly,UPI,0,0,53995.22
C102882,55.0,Male,Chennai,59,2226.52,122617.68,12.0,2,56.0,Monthly,Credit Card,1,0,138660.1
C102883,32.0,Female,Other,4,1638.96,7033.84,17.0,2,56.0,Monthly,Bank Transfer,0,0,45810.39
C102884,38.0,Female,Pune,34,2823.3,96871.11,6.0,3,66.0,Monthly,Credit Card,0,0,117543.31
C102885,27.0,Female,Hyderabad,67,1291.63,88498.6,29.0,2,88.0,Monthly,UPI,0,0,111835.01
C102886,40.0,Male,Delhi,6,2975.23,17593.54,21.0,7,84.0,Annual,Debit Card,1,0,62361.8
C102887,56.0,Male,Bengaluru,58,1311.22,80300.99,11.0,2,52.0,Quarterly,Debit Card,0,0,84591.66
C102888,22.0,Male,Bengaluru,47,2038.39,98502.28,8.0,0,76.0,Monthly,Credit Card,0,0,123140.07
C102889,18.0,Female,Bengaluru,5,1818.34,8665.27,12.0,2,34.0,Annual,UPI,1,0,36714.37
C102890,30.0,Female,Kolkata,61,2568.56,167889.58,10.0,6,24.0,Annual,UPI,1,1,141519.51
C102891,38.0,Female,Mumbai,56,476.68,25241.09,18.0,3,92.0,Quarterly,UPI,0,0,55452.0
C102892,43.0,Male,Delhi,35,1122.65,43684.4,12.0,3,36.0,Monthly,Bank Transfer,0,0,61596.15
C102893,67.0,Male,Bengaluru,13,2424.04,34313.0,2.0,2,20.0,Annual,UPI,0,0,67776.72
C102894,62.0,Female,Mumbai,26,2374.52,62163.82,11.0,2,29.0,Monthly,UPI,1,0,70434.46
C102895,38.0,Female,Bengaluru,64,1386.68,98175.52,10.0,1,76.0,Monthly,Debit Card,0,0,104857.68
C102896,70.0,Male,Bengaluru,11,2499.62,24784.11,20.0,1,80.0,Quarterly,Debit Card,0,0,64768.75
C102897,35.0,Female,Bengaluru,62,1347.7,77047.91,29.0,4,91.0,Monthly,Credit Card,0,0,97557.65
C102898,54.0,Male,Chennai,47,2387.69,120223.42,14.0,1,77.0,Annual,Credit Card,0,0,140012.45
C102899,62.0,Female,Delhi,70,1959.02,137785.33,15.0,3,58.0,Annual,Debit Card,0,0,136454.68
C102900,49.0,Female,Bengaluru,58,823.22,50022.84,9.0,1,55.0,Monthly,Credit Card,1,0,54434.44
C102901,53.0,Female,Other,10,2945.37,28959.82,19.0,1,35.0,Monthly,Bank Transfer,0,0,77990.51
C102902,34.0,Female,Hyderabad,16,1436.83,22459.9,14.0,2,87.0,Monthly,UPI,0,0,60895.13
C102903,52.0,Male,Mumbai,12,1322.05,17121.06,15.0,1,78.0,Monthly,Wallet,0,0,54175.11
C102904,66.0,Female,Hyderabad,71,1551.8,117532.16,20.0,4,54.0,Monthly,Bank Transfer,0,0,106098.48
C102905,28.0,Female,Hyderabad,50,1522.9,71712.08,20.0,2,100.0,Monthly,Wallet,1,0,101132.52
C102906,38.0,Female,Kolkata,15,1933.25,28232.75,13.0,5,37.0,Monthly,Debit Card,0,0,53181.25
C102907,69.0,Female,Pune,59,1741.83,107471.89,20.0,3,82.0,Annual,UPI,1,0,124698.08
C102908,70.0,Male,Delhi,70,1460.05,101516.77,26.0,4,32.0,Monthly,Debit Card,1,0,104514.58
C102909,43.0,Female,Kolkata,62,2364.14,137197.44,17.0,4,48.0,Annual,Wallet,0,0,153022.72
C102910,21.0,Female,Pune,72,1804.49,129424.32,19.0,2,34.0,Monthly,Debit Card,1,0,121383.9
C102911,51.0,Male,Delhi,62,2101.37,125316.56,19.0,4,93.0,Monthly,Credit Card,0,0,141733.11
C102912,69.0,Female,Pune,50,1864.08,88829.85,7.0,3,100.0,Annual,Credit Card,0,0,124066.6
C102913,65.0,Male,Chennai,54,1996.12,95698.01,18.0,2,50.0,Monthly,Debit Card,1,0,115397.88
C102914,35.0,Male,Mumbai,54,810.88,45576.05,14.0,1,54.0,Quarterly,UPI,0,0,54189.81
C102915,57.0,Male,Pune,28,2509.71,74204.56,23.0,5,100.0,Quarterly,UPI,0,0,110854.97
C102916,52.0,Female,Hyderabad,51,1533.29,73664.08,16.0,1,56.0,Quarterly,UPI,0,0,93824.94
C102917,58.0,Female,Pune,33,1657.91,60976.79,11.0,2,100.0,Monthly,UPI,0,0,82247.79
C102918,46.0,Female,Hyderabad,1,2406.15,2685.41,13.0,1,88.0,Annual,UPI,0,0,54536.01
C102919,69.0,Female,Kolkata,69,1959.46,149451.97,26.0,5,96.0,Quarterly,Credit Card,0,0,143905.64
C102920,46.0,Male,Bengaluru,1,2213.3,2016.68,35.0,3,100.0,Quarterly,UPI,0,0,63356.29
C102921,55.0,Male,Bengaluru,55,2938.84,176594.46,17.0,4,89.0,Annual,Credit Card,0,0,180339.91
C102922,59.0,Male,Hyderabad,45,1641.56,70856.28,10.0,6,34.0,Monthly,Debit Card,1,0,79710.59
C102923,38.0,Female,Kolkata,40,1774.03,65067.81,5.0,4,45.0,Monthly,Bank Transfer,1,1,86617.81
C102924,59.0,Female,Hyderabad,61,3547.12,220633.92,11.0,4,47.0,Monthly,UPI,1,0,205460.81
C102925,30.0,Male,Delhi,36,1491.75,48675.09,16.0,4,55.0,Monthly,Credit Card,0,0,79299.25
C102926,66.0,Female,Delhi,24,1362.63,31758.36,11.0,4,94.0,Monthly,Bank Transfer,1,0,51341.7
C102927,58.0,Female,Bengaluru,14,2314.02,30363.33,6.0,1,46.0,Monthly,Debit Card,0,0,59780.13
C102928,34.0,Male,Other,1,2409.69,2428.9,18.0,6,82.0,Monthly,UPI,0,0,46909.05
C102929,26.0,Female,Hyderabad,47,2349.83,112535.79,13.0,2,59.0,Monthly,UPI,1,0,120563.65
C102930,58.0,Female,Mumbai,21,1620.05,35205.88,13.0,3,82.0,Annual,UPI,1,0,58259.73
C102931,18.0,Female,Chennai,39,1708.66,65819.96,18.0,4,48.0,Monthly,Credit Card,1,0,85353.11
C102932,19.0,Male,Bengaluru,3,2047.07,5959.28,13.0,2,100.0,Annual,Bank Transfer,0,0,55275.57
C102933,65.0,Female,Hyderabad,16,1608.37,25759.7,35.0,3,100.0,Monthly,Credit Card,0,0,73611.18
C102934,46.0,Female,Delhi,68,1907.05,126519.93,19.0,2,57.0,Quarterly,Credit Card,0,0,146154.3
C102935,50.0,Male,Kolkata,26,1597.43,46127.22,5.0,3,56.0,Monthly,Debit Card,0,0,60507.35
C102936,27.0,Female,Hyderabad,54,2791.27,166508.08,21.0,3,62.0,Monthly,Debit Card,0,0,167710.09
C102937,67.0,Male,Hyderabad,13,1405.47,18511.2,19.0,0,92.0,Annual,Credit Card,0,0,62886.74
C102938,57.0,Female,Other,61,2935.29,175711.94,17.0,0,81.0,Quarterly,Credit Card,0,0,194640.29
C102939,38.0,Female,Hyderabad,20,1237.58,24494.77,25.0,1,66.0,Annual,Debit Card,0,0,47740.64
C102940,45.0,Female,Mumbai,27,3087.3,93138.64,18.0,2,57.0,Monthly,Bank Transfer,0,0,119428.34
C102941,28.0,Male,Mumbai,2,2652.46,5059.61,9.0,2,95.0,Annual,Credit Card,0,0,68784.92
C102942,51.0,Male,Bengaluru,10,1347.29,13334.61,8.0,3,81.0,Monthly,Credit Card,0,0,44502.0
C102943,25.0,Male,Delhi,60,1796.91,109716.44,13.0,5,82.0,Monthly,Bank Transfer,0,0,121494.83
C102944,39.0,Male,Other,19,2259.28,38644.42,21.0,4,100.0,Monthly,UPI,0,0,89170.11
C102945,25.0,Male,Chennai,15,2265.91,33150.11,10.0,1,67.0,Monthly,Debit Card,0,0,72523.85
C102946,66.0,Female,Pune,47,1722.6,76187.89,6.0,3,97.0,Monthly,Debit Card,0,0,98288.22
C102947,32.0,Male,Delhi,24,1140.93,27810.54,34.0,2,86.0,Quarterly,Debit Card,0,0,63424.22
C102948,34.0,Female,Chennai,16,2734.15,41413.33,15.0,2,58.0,Annual,Bank Transfer,0,0,82919.83
C102949,40.0,Male,Hyderabad,60,1980.78,117828.54,11.0,2,68.0,Monthly,Credit Card,0,0,134400.57
C102950,41.0,Female,Pune,49,2963.61,145738.13,1.0,3,47.0,Annual,Debit Card,0,0,150107.91
C102951,62.0,Female,Bengaluru,4,1978.72,7534.8,8.0,1,45.0,Annual,Credit Card,1,0,49542.29
C102952,36.0,Female,Bengaluru,66,1930.59,135102.36,10.0,0,44.0,Monthly,Debit Card,0,0,131933.68
C102953,22.0,Other,Other,49,2723.56,120688.13,15.0,2,15.0,Monthly,Credit Card,0,0,129730.64
C102954,49.0,Male,Pune,31,1957.02,55758.06,13.0,1,71.0,Monthly,Debit Card,0,0,97280.93
C102955,61.0,Male,Other,66,955.73,55933.51,17.0,2,84.0,Monthly,UPI,0,0,65431.46
C102956,18.0,Male,Bengaluru,54,1111.82,54305.76,7.0,2,35.0,Annual,UPI,0,0,62743.0
C102957,40.0,Male,Pune,2,680.53,1291.8,25.0,3,50.0,Monthly,Bank Transfer,0,0,28944.04
C102958,54.0,Female,Mumbai,61,1230.33,68088.49,23.0,3,72.0,Monthly,Bank Transfer,0,0,104046.96
C102959,25.0,Male,Other,15,1525.46,22538.65,9.0,5,88.0,Monthly,UPI,1,0,62976.04
C102960,30.0,Female,Other,60,2378.77,134423.05,28.0,1,66.0,Monthly,Debit Card,0,0,158917.9
C102961,25.0,Male,Other,43,2461.36,106507.59,6.0,2,84.0,Monthly,Credit Card,1,0,116988.06
C102962,40.0,Other,Other,40,437.1,18118.83,8.0,2,100.0,Monthly,Credit Card,0,0,45263.92
C102963,60.0,Female,Hyderabad,30,2452.03,81625.01,8.0,4,29.0,Annual,Credit Card,1,0,82991.86
C102964,18.0,Male,Pune,63,1560.7,109056.68,11.0,2,100.0,Monthly,Wallet,0,0,124343.11
C102965,62.0,Male,Bengaluru,24,2027.05,51169.53,8.0,0,100.0,Monthly,Bank Transfer,0,0,87988.58
C102966,68.0,Female,Delhi,44,3302.77,150968.37,15.0,4,71.0,Annual,Debit Card,0,0,161611.95
C102967,41.0,Other,Other,14,1266.04,17637.64,20.0,3,100.0,Quarterly,Debit Card,0,0,58565.9
C102968,52.0,Male,Hyderabad,28,2121.51,61963.66,13.0,3,78.0,Monthly,UPI,0,0,86075.02
C102969,41.0,Male,Mumbai,14,2490.89,37874.52,35.0,1,59.0,Monthly,UPI,0,0,75764.14
C102970,34.0,Female,Delhi,56,1853.68,114805.58,25.0,2,56.0,Monthly,Debit Card,0,0,108969.77
C102971,22.0,Female,Bengaluru,34,1397.64,50742.9,25.0,4,56.0,Quarterly,Debit Card,0,0,77078.55
C102972,37.0,Male,Bengaluru,12,1386.65,17846.09,9.0,1,89.0,Monthly,Credit Card,0,0,54842.22
C102973,38.0,Female,Hyderabad,56,1487.92,77835.49,13.0,0,94.0,Quarterly,Bank Transfer,0,0,101666.68
C102974,57.0,Female,Hyderabad,61,1952.15,129821.39,11.0,2,98.0,Quarterly,Debit Card,1,0,138510.91
C102975,48.0,Female,Delhi,61,1354.63,87717.89,7.0,0,72.0,Monthly,UPI,0,0,98148.66
C102976,63.0,Female,Mumbai,40,2184.58,83965.23,29.0,2,100.0,Monthly,UPI,1,0,114803.78
C102977,53.0,Female,Hyderabad,20,2322.41,42501.35,22.0,1,75.0,Annual,UPI,1,0,88477.65
C102978,28.0,Male,Other,42,933.15,36629.63,14.0,2,100.0,Annual,Debit Card,0,0,59389.8
C102979,69.0,Female,Delhi,7,2531.06,16100.81,17.0,2,81.0,Quarterly,UPI,1,0,71538.57
C102980,32.0,Male,Mumbai,68,3235.99,215205.66,16.0,1,57.0,Monthly,Bank Transfer,1,0,228085.51
C102981,36.0,Female,Bengaluru,31,1487.96,51573.98,8.0,2,88.0,Monthly,Credit Card,0,0,69847.26
C102982,24.0,Male,Delhi,70,2395.34,154962.66,21.0,3,79.0,Monthly,Credit Card,1,0,161409.88
C102983,68.0,Female,Bengaluru,47,2925.5,137516.65,15.0,4,19.0,Annual,Wallet,1,0,144030.89
C102984,45.0,Male,Delhi,51,2266.1,102942.44,11.0,4,65.0,Quarterly,Credit Card,0,0,132611.76
C102985,68.0,Female,Delhi,58,2415.27,152857.21,6.0,1,36.0,Annual,UPI,0,0,143502.64
C102986,60.0,Male,Hyderabad,22,949.62,22603.78,19.0,2,79.0,Annual,UPI,0,0,45134.15
C102987,22.0,Female,Kolkata,24,1615.3,34275.36,15.0,2,87.0,Quarterly,Credit Card,0,0,84176.71
C102988,22.0,Female,Mumbai,34,1701.66,54926.23,10.0,2,52.0,Quarterly,UPI,0,0,77051.87
C102989,47.0,Female,Chennai,63,2668.2,167819.98,23.0,5,73.0,Monthly,Debit Card,1,0,182699.47
C102990,49.0,Female,Other,60,967.37,56813.36,16.0,1,80.0,Monthly,Credit Card,0,0,85326.44
C102991,25.0,Male,Chennai,19,3067.43,60410.38,3.0,4,49.0,Monthly,UPI,0,0,85037.27
C102992,27.0,Female,Delhi,24,2862.83,65945.85,26.0,3,79.0,Monthly,Bank Transfer,1,0,119461.47
C102993,55.0,Female,Delhi,64,1154.95,66592.35,4.0,4,21.0,Monthly,UPI,0,0,59202.83
C102994,64.0,Female,Hyderabad,20,987.89,21145.0,11.0,2,54.0,Monthly,Bank Transfer,1,0,34503.63
C102995,49.0,Female,Other,27,2753.11,78880.89,15.0,2,85.0,Annual,Credit Card,0,0,105741.54
C102996,65.0,Female,Chennai,58,1861.58,104877.64,6.0,2,62.0,Annual,UPI,0,0,117580.26
C102997,45.0,Male,Chennai,44,1891.05,75446.01,14.0,5,57.0,Annual,Credit Card,0,0,114004.79
C102998,34.0,Female,Kolkata,65,2437.18,151245.84,26.0,0,81.0,Monthly,Debit Card,0,0,182588.4
C102999,48.0,Female,Mumbai,46,1036.81,51190.67,24.0,0,51.0,Monthly,UPI,0,0,47526.93
C103000,25.0,Female,Delhi,54,2429.51,133965.48,21.0,3,55.0,Monthly,Credit Card,0,0,163317.1
C103001,57.0,Female,Pune,39,997.53,36798.16,21.0,2,80.0,Monthly,Credit Card,0,0,71035.66
C103002,42.0,Male,Bengaluru,7,957.53,5986.15,23.0,2,70.0,Quarterly,Bank Transfer,0,1,46169.43
C103003,26.0,Male,Hyderabad,54,2395.79,140770.45,22.0,3,74.0,Monthly,Bank Transfer,1,0,143429.07
C103004,19.0,Male,Hyderabad,43,2249.29,91183.65,17.0,2,89.0,Monthly,Credit Card,0,0,124168.14
C103005,32.0,Male,Kolkata,20,399.0,7833.7,13.0,1,79.0,Monthly,UPI,0,0,25639.0
C103006,67.0,Female,Hyderabad,25,2375.09,57717.83,9.0,1,39.0,Quarterly,Credit Card,0,0,75559.73
C103007,20.0,Female,Bengaluru,43,3304.41,144960.88,12.0,2,45.0,Annual,Bank Transfer,0,0,145029.85
C103008,66.0,Male,Bengaluru,27,2121.58,56134.54,1.0,2,79.0,Annual,Debit Card,0,0,93133.65
C103009,53.0,Male,Bengaluru,25,2884.26,78202.37,20.0,4,85.0,Annual,Debit Card,1,0,109019.34
C103010,21.0,Female,Delhi,36,1656.51,57370.11,18.0,2,79.0,Monthly,UPI,0,0,100303.64
C103011,31.0,Female,Other,66,2755.47,191051.44,16.0,1,94.0,Annual,Credit Card,0,0,197235.05
C103012,58.0,Female,Bengaluru,9,399.0,3240.35,12.0,4,100.0,Quarterly,Credit Card,1,0,35763.57
C103013,58.0,Female,Chennai,53,1398.27,68441.04,17.0,4,100.0,Quarterly,UPI,0,0,101312.33
C103014,42.0,Female,Pune,21,3899.81,83399.39,16.0,5,100.0,Annual,Wallet,1,0,130206.33
C103015,67.0,Male,Chennai,50,2776.44,125515.09,13.0,3,90.0,Monthly,Bank Transfer,0,0,171615.41
C103016,27.0,Male,Kolkata,16,1849.69,28739.6,21.0,1,76.0,Annual,Bank Transfer,1,0,66964.58
C103017,38.0,Male,Mumbai,66,1786.76,129337.88,15.0,2,57.0,Monthly,Credit Card,0,0,130566.71
C103018,53.0,Male,Bengaluru,26,1074.98,26429.71,19.0,6,84.0,Monthly,Wallet,0,0,57880.22
C103019,29.0,Female,Other,44,1811.04,77208.97,22.0,1,100.0,Monthly,UPI,0,0,110550.4
C103020,44.0,Female,Chennai,29,931.89,25821.18,7.0,2,70.0,Annual,Debit Card,0,0,44011.88
C103021,57.0,Male,Bengaluru,46,2150.51,96714.76,15.0,1,55.0,Quarterly,Bank Transfer,1,0,116555.98
C103022,19.0,Female,Hyderabad,71,1438.92,112158.0,1.0,3,68.0,Quarterly,UPI,0,0,102344.7
C103023,30.0,Male,Other,49,2255.33,100429.13,21.0,5,94.0,Monthly,UPI,1,0,141933.36
C103024,70.0,Female,Pune,15,1430.83,19267.23,21.0,2,72.0,Monthly,UPI,0,0,57631.46
C103025,49.0,Female,Chennai,17,1389.0,21144.34,20.0,1,100.0,Quarterly,Bank Transfer,1,0,60149.45
C103026,48.0,Male,Pune,9,2394.39,24054.44,22.0,0,55.0,Monthly,Wallet,0,0,75559.05
C103027,33.0,Male,Mumbai,32,1515.67,51692.38,24.0,0,65.0,Monthly,Credit Card,0,0,74246.29
C103028,49.0,Female,Bengaluru,66,1558.78,107871.58,14.0,1,82.0,Monthly,Wallet,0,0,116714.08
C103029,49.0,Female,Pune,59,2786.05,174206.25,19.0,4,93.0,Monthly,Bank Transfer,0,0,190461.99
C103030,51.0,Male,Pune,32,2770.79,80710.11,21.0,4,81.0,Monthly,Debit Card,1,0,130506.53
C103031,28.0,Female,Mumbai,43,2356.61,97022.21,11.0,3,41.0,Monthly,Credit Card,0,0,111324.33
C103032,27.0,Female,Hyderabad,59,2069.12,118710.24,6.0,2,78.0,Annual,Debit Card,1,0,123006.3
C103033,32.0,Male,Hyderabad,30,3418.26,101677.58,19.0,4,100.0,Quarterly,UPI,0,0,153377.66
C103034,34.0,Male,Pune,11,2703.19,26640.68,21.0,2,95.0,Quarterly,UPI,1,0,69752.54
C103035,57.0,Male,Pune,26,1382.06,34324.94,22.0,3,100.0,Monthly,Credit Card,0,0,79429.91
C103036,35.0,Female,Delhi,2,2284.16,4369.1,15.0,2,54.0,Quarterly,Debit Card,1,0,52810.45
C103037,26.0,Female,Pune,34,1170.4,42633.82,16.0,2,100.0,Monthly,Wallet,1,0,65885.74
C103038,42.0,Female,Delhi,41,2095.41,82137.16,16.0,1,83.0,Monthly,Bank Transfer,1,0,116786.43
C103039,57.0,Female,Kolkata,31,1687.72,53552.59,11.0,2,59.0,Monthly,Credit Card,0,0,73038.43
C103040,31.0,Female,Hyderabad,63,1451.07,90898.65,21.0,2,67.0,Quarterly,UPI,0,0,115371.48
C103041,42.0,Female,Chennai,55,2107.99,117373.75,19.0,1,99.0,Monthly,Wallet,1,0,144528.32
C103042,67.0,Female,Chennai,61,1247.54,67352.13,14.0,1,100.0,Monthly,Credit Card,0,0,101799.25
C103043,39.0,Male,Bengaluru,36,1643.11,63076.87,15.0,1,68.0,Monthly,Credit Card,0,0,84315.42
C103044,69.0,Female,Delhi,40,2109.46,79693.08,13.0,2,100.0,Quarterly,UPI,0,0,112769.78
C103045,47.0,Female,Kolkata,23,2117.01,48787.07,28.0,0,100.0,Annual,UPI,1,0,100546.3
C103046,37.0,Female,Chennai,26,1938.24,54873.93,19.0,3,76.0,Annual,Credit Card,0,0,84333.49
C103047,38.0,Male,Other,18,1605.58,25492.52,5.0,5,63.0,Monthly,Wallet,1,0,52847.54
C103048,61.0,Female,Mumbai,34,1880.01,62431.81,14.0,1,100.0,Annual,UPI,0,0,99735.84
C103049,49.0,Female,Mumbai,28,1858.615,94253.34,12.0,0,77.0,Annual,UPI,0,0,120743.45
C103050,68.0,Male,Mumbai,49,2479.97,129273.77,15.0,2,100.0,Monthly,Debit Card,0,0,146775.68
C103051,63.0,Female,Bengaluru,64,967.82,62222.69,11.0,2,42.0,Annual,UPI,1,0,65163.21
C103052,66.0,Male,Chennai,71,1143.71,73609.35,21.0,4,60.0,Monthly,Debit Card,1,0,86249.79
C103053,38.0,Female,Mumbai,63,1009.93,60249.1,14.0,2,85.0,Monthly,UPI,0,0,80029.1
C103054,52.0,Female,Other,62,1514.88,92760.86,15.0,3,65.0,Monthly,UPI,1,1,101552.59
C103055,49.0,Female,Delhi,42,2605.03,102486.93,17.0,0,61.0,Monthly,UPI,0,0,135207.27
C103056,47.0,Male,Bengaluru,24,1275.64,27102.14,15.0,1,69.0,Monthly,Bank Transfer,1,0,51044.53
C103057,56.0,Male,Hyderabad,35,2351.12,91988.9,5.0,1,71.0,Annual,Bank Transfer,1,0,106198.87
C103058,66.0,Female,Other,55,2522.25,137732.57,8.0,5,90.0,Monthly,Bank Transfer,0,0,153392.0
C103059,29.0,Male,Mumbai,49,399.0,18997.56,15.0,1,79.0,Monthly,Credit Card,0,0,33772.31
C103060,58.0,Female,Other,59,1450.0,88441.7,16.0,1,69.0,Monthly,Credit Card,0,0,87119.98
C103061,64.0,Male,Mumbai,22,761.13,17222.57,10.0,4,19.0,Quarterly,Bank Transfer,0,0,21812.23
C103062,35.0,Female,Mumbai,61,1639.46,89459.91,10.0,2,92.0,Annual,Credit Card,0,0,119034.48
C103063,38.0,Female,Delhi,30,2115.12,59505.49,13.0,2,57.0,Quarterly,Credit Card,0,0,96923.76
C103064,30.0,Male,Bengaluru,69,680.63,44727.54,19.0,3,64.0,Monthly,UPI,1,0,58222.43
C103065,38.0,Female,Delhi,60,2053.53,124724.47,13.0,4,86.0,Annual,Bank Transfer,1,0,146488.79
C103066,25.0,Female,Mumbai,6,653.96,4353.37,16.0,1,69.0,Monthly,Bank Transfer,1,0,16434.02
C103067,63.0,Female,Delhi,11,1224.47,13962.31,13.0,3,81.0,Annual,UPI,1,0,54742.52
C103068,57.0,Male,Pune,24,2579.53,68241.17,32.0,1,100.0,Quarterly,Wallet,0,0,112774.63
C103069,63.0,Female,Hyderabad,51,2253.24,128209.73,14.0,2,79.0,Quarterly,UPI,1,0,126991.91
C103070,24.0,Male,Mumbai,19,1222.46,20819.89,13.0,1,37.0,Annual,UPI,0,0,51942.4
C103071,40.0,Male,Hyderabad,50,1799.35,90515.7,1.0,0,75.0,Quarterly,Credit Card,0,0,89727.09
C103072,61.0,Male,Hyderabad,3,1648.52,4749.88,14.0,0,58.0,Quarterly,Debit Card,0,0,46666.94
C103073,49.0,Female,Delhi,3,1977.95,5664.66,26.0,1,81.0,Quarterly,Bank Transfer,1,0,51054.92
C103074,28.0,Male,Hyderabad,31,2372.46,69497.86,5.0,3,58.0,Monthly,Debit Card,0,0,104288.38
C103075,39.0,Female,Mumbai,47,3444.93,152445.35,9.0,1,71.0,Monthly,UPI,0,0,185759.4
C103076,39.0,Male,Bengaluru,8,1829.4,14716.06,30.0,3,83.0,Annual,Wallet,0,0,73785.07
C103077,60.0,Male,Bengaluru,17,3098.26,58838.8,4.0,1,50.0,Monthly,Credit Card,1,0,80688.95
C103078,42.0,Female,Hyderabad,45,1231.47,55239.93,21.0,1,61.0,Monthly,Credit Card,1,0,77249.45
C103079,39.0,Male,Bengaluru,60,1721.16,107275.31,13.0,0,100.0,Monthly,Bank Transfer,1,0,134022.79
C103080,45.0,Female,Pune,21,1483.75,31381.35,7.0,0,100.0,Monthly,Credit Card,0,0,68746.02
C103081,46.0,Male,Delhi,70,1517.9,116288.12,19.0,1,51.0,Quarterly,UPI,1,0,121949.47
C103082,30.0,Male,Other,21,1954.42,38240.65,1.0,2,88.0,Quarterly,Debit Card,1,0,65357.05
C103083,35.0,Male,Hyderabad,58,2299.85,120675.27,21.0,0,82.0,Monthly,UPI,1,0,155183.54
C103084,19.0,Male,Pune,55,2283.89,123836.72,10.0,1,83.0,Annual,Credit Card,0,0,142208.22
C103085,46.0,Male,Delhi,28,2554.69,72925.38,6.0,2,96.0,Annual,Debit Card,0,0,107082.84
C103086,38.0,Female,Bengaluru,46,2251.88,95018.8,24.0,3,77.0,Monthly,Credit Card,0,0,124000.79
C103087,32.0,Female,Delhi,44,2014.65,91357.33,14.0,1,72.0,Monthly,Credit Card,0,0,99804.46
C103088,69.0,Female,Delhi,25,1976.87,46535.32,20.0,2,100.0,Annual,UPI,0,0,72958.24
C103089,44.0,Female,Chennai,71,1402.32,89780.81,27.0,3,78.0,Monthly,Credit Card,1,0,115894.65
C103090,67.0,Female,Delhi,49,1498.23,80746.45,7.0,4,58.0,Quarterly,UPI,0,0,77378.6
C103091,48.0,Female,Chennai,46,2685.54,109973.72,1.0,3,39.0,Monthly,Credit Card,1,0,123747.49
C103092,32.0,Male,Bengaluru,63,1467.32,82447.7,19.0,3,58.0,Monthly,UPI,1,0,98292.77
C103093,68.0,Male,Chennai,12,2433.11,32594.77,12.0,1,72.0,Annual,Bank Transfer,1,0,63880.16
C103094,40.0,Male,Kolkata,57,3042.23,167172.28,18.0,4,75.0,Annual,Debit Card,0,0,181348.43
C103095,41.0,Male,Chennai,64,2144.37,139477.47,27.0,2,71.0,Monthly,UPI,0,0,162075.22
C103096,61.0,Male,Chennai,31,2216.06,63601.65,1.0,3,35.0,Annual,UPI,0,0,86007.59
C103097,30.0,Female,Mumbai,4,2934.31,11545.45,11.0,2,34.0,Monthly,Bank Transfer,1,0,61739.67
C103098,39.0,Male,Pune,54,1909.71,92584.1,17.0,3,44.0,Monthly,Wallet,0,0,108585.06
C103099,60.0,Other,Delhi,65,1553.2,89485.9,15.0,1,39.0,Quarterly,UPI,0,0,95363.61
C103100,54.0,Male,Hyderabad,6,2879.41,19347.75,11.0,4,100.0,Monthly,Credit Card,1,0,61271.83
C103101,50.0,Male,Delhi,65,1809.43,109277.4,23.0,3,43.0,Annual,UPI,0,0,121941.83
C103102,20.0,Other,Chennai,22,1851.82,39631.2,1.0,3,56.0,Quarterly,UPI,0,0,47989.75
C103103,36.0,Female,Mumbai,17,1478.66,25698.57,4.0,1,75.0,Monthly,Credit Card,0,0,67872.65
C103104,40.0,Male,Mumbai,59,682.13,40416.78,20.0,4,100.0,Annual,Credit Card,0,0,61497.6
C103105,46.0,Female,Delhi,29,767.45,21514.06,12.0,4,68.0,Monthly,UPI,0,1,40243.19
C103106,47.0,Female,Pune,67,1109.12,65755.95,21.0,1,76.0,Monthly,Bank Transfer,0,0,87648.76
C103107,56.0,Male,Delhi,17,1832.26,31167.97,26.0,1,100.0,Quarterly,UPI,0,0,76374.87
C103108,61.0,Male,Mumbai,2,2158.37,4777.55,4.0,1,87.0,Annual,UPI,0,0,44842.14
C103109,64.0,Female,Bengaluru,32,2030.53,68715.98,12.0,3,75.0,Monthly,Wallet,0,0,88956.72
C103110,42.0,Female,Hyderabad,22,1614.8,37375.16,6.0,1,56.0,Annual,UPI,0,0,62493.97
C103111,54.0,Male,Other,58,1316.21,84520.94,19.0,3,100.0,Monthly,UPI,1,0,80520.11
C103112,64.0,Female,Chennai,53,3847.59,188856.88,8.0,3,69.0,Monthly,Bank Transfer,1,0,224233.53
C103113,25.0,Male,Mumbai,47,1609.11,84213.98,26.0,6,68.0,Annual,Debit Card,1,0,92871.03
C103114,59.0,Female,Pune,4,2093.82,9345.32,10.0,3,46.0,Quarterly,Credit Card,1,0,38641.16
C103115,33.0,Male,Hyderabad,38,2514.84,95418.14,10.0,1,69.0,Monthly,Wallet,0,0,122928.59
C103116,25.0,Female,Pune,13,2350.66,32590.44,22.0,0,100.0,Annual,Wallet,0,0,96038.42
C103117,18.0,Female,Pune,61,1637.27,88430.8,16.0,0,86.0,Quarterly,Bank Transfer,1,0,125400.49
C103118,61.0,Male,Pune,64,1061.52,75595.79,20.0,1,85.0,Quarterly,Credit Card,0,0,84223.84
C103119,22.0,Male,Hyderabad,33,1045.21,34093.59,7.0,1,70.0,Quarterly,UPI,1,1,46811.19
C103120,20.0,Female,Mumbai,38,1522.26,64650.48,15.0,3,73.0,Quarterly,UPI,1,0,73142.01
C103121,18.0,Female,Hyderabad,29,1709.64,48761.68,25.0,3,81.0,Monthly,Credit Card,1,0,84436.99
C103122,21.0,Male,Mumbai,61,1774.1,112335.54,15.0,0,93.0,Monthly,Debit Card,1,0,119436.7
C103123,57.0,Male,Delhi,32,1581.03,45953.73,4.0,2,34.0,Annual,Debit Card,0,0,60044.15
C103124,52.0,Female,Hyderabad,11,1487.55,15007.1,27.0,5,100.0,Monthly,Credit Card,0,0,66636.73
C103125,49.0,Female,Delhi,18,2701.34,48014.26,6.0,0,72.0,Monthly,Wallet,0,0,88917.0
C103126,59.0,Male,Chennai,45,1132.52,49510.54,9.0,3,76.0,Monthly,UPI,0,0,63133.24
C103127,51.0,Female,Pune,21,1355.06,25879.46,5.0,5,86.0,Monthly,UPI,1,0,45370.15
C103128,60.0,Female,Mumbai,12,951.94,10157.27,22.0,0,100.0,Quarterly,UPI,1,0,54308.49
C103129,42.0,Male,Bengaluru,20,3659.12,77773.88,35.0,2,88.0,Monthly,Bank Transfer,1,0,127162.89
C103130,27.0,Male,Bengaluru,7,530.27,3422.88,14.0,2,47.0,Monthly,UPI,0,0,28670.05
C103131,38.0,Male,Kolkata,71,1821.29,140837.14,29.0,2,23.0,Annual,UPI,0,0,132580.11
C103132,63.0,Female,Chennai,2,3233.17,6331.61,30.0,2,80.0,Annual,Credit Card,1,0,67200.78
C103133,56.0,Female,Chennai,43,2698.1,114131.95,15.0,0,72.0,Monthly,UPI,0,0,142952.52
C103134,44.0,Female,Hyderabad,21,2022.1,40417.03,13.0,1,85.0,Monthly,Debit Card,1,0,97728.62
C103135,44.0,Male,Bengaluru,29,2368.78,64579.23,12.0,3,48.0,Annual,UPI,1,0,79433.27
C103136,19.0,Male,Pune,32,1347.26,41614.11,17.0,3,96.0,Annual,Debit Card,0,0,71167.52
C103137,58.0,Female,Pune,45,807.63,39035.78,28.0,3,100.0,Monthly,UPI,0,0,63508.65
C103138,65.0,Male,Bengaluru,59,1373.66,84588.91,15.0,1,62.0,Quarterly,UPI,0,0,92813.08
C103139,30.0,Female,Chennai,3,1462.58,4836.32,14.0,2,96.0,Monthly,Debit Card,1,0,42891.96
C103140,26.0,Female,Hyderabad,39,2137.27,83230.46,15.0,3,100.0,Quarterly,Credit Card,1,0,105864.15
C103141,69.0,Male,Other,51,1858.615,95237.29,18.0,4,100.0,Monthly,UPI,1,0,102789.43
C103142,53.0,Male,Mumbai,8,3134.32,23266.18,11.0,1,98.0,Annual,Bank Transfer,1,0,81732.3
C103143,39.0,Male,Pune,46,1970.21,81181.95,13.0,2,97.0,Monthly,Credit Card,0,0,121552.7
C103144,59.0,Male,Delhi,66,744.45,46268.15,10.0,2,79.0,Quarterly,Credit Card,1,0,60580.65
C103145,43.0,Female,Kolkata,6,866.05,5613.97,8.0,1,95.0,Monthly,Credit Card,0,0,43852.34
C103146,29.0,Male,Other,58,1858.615,100169.88,19.0,1,71.0,Monthly,Credit Card,0,0,109525.87
C103147,34.0,Male,Hyderabad,41,1337.35,57558.69,8.0,0,90.0,Monthly,Bank Transfer,1,0,81561.89
C103148,31.0,Female,Other,54,1788.36,94516.96,15.0,3,100.0,Monthly,UPI,0,0,120299.47
C103149,31.0,Male,Kolkata,41,2309.45,101899.19,15.0,3,40.0,Monthly,Credit Card,0,0,102139.73
C103150,51.0,Female,Chennai,48,2444.17,121361.77,21.0,1,45.0,Annual,Bank Transfer,0,0,139140.38
C103151,70.0,Male,Pune,70,1338.32,84479.36,12.0,2,64.0,Annual,Credit Card,0,0,105908.48
C103152,37.0,Male,Delhi,27,2573.49,76718.42,19.0,3,90.0,Quarterly,Debit Card,1,0,103362.02
C103153,28.0,Male,Pune,47,1826.57,78429.53,4.0,0,52.0,Annual,Debit Card,0,0,91681.97
C103154,33.0,Male,Bengaluru,23,1831.4,41680.97,24.0,2,88.0,Monthly,Credit Card,1,0,84184.44
C103155,68.0,Female,Delhi,14,1463.77,22889.03,18.0,2,79.0,Annual,Debit Card,1,0,54473.29
C103156,48.0,Female,Hyderabad,61,2318.07,134855.98,24.0,0,84.0,Annual,Credit Card,1,0,164531.78
C103157,23.0,Male,Pune,67,2028.23,124176.23,17.0,3,45.0,Monthly,Bank Transfer,0,0,137664.06
C103158,36.0,Male,Other,25,3008.98,78800.09,17.0,0,100.0,Annual,Credit Card,0,0,130533.14
C103159,54.0,Male,Delhi,65,1387.61,86973.56,11.0,6,82.0,Monthly,Credit Card,1,0,94793.07
C103160,21.0,Male,Mumbai,24,1864.1,45330.91,17.0,3,72.0,Monthly,UPI,1,0,75179.9
C103161,44.0,Male,Delhi,53,2044.82,118253.59,6.0,2,87.0,Monthly,Bank Transfer,1,0,123939.92
C103162,21.0,Female,Bengaluru,50,2249.89,103461.66,10.0,3,91.0,Annual,UPI,0,0,132745.73
C103163,37.0,Female,Delhi,1,2644.52,2647.77,10.0,2,63.0,Quarterly,Debit Card,0,0,44902.29
C103164,27.0,Male,Delhi,39,1291.39,45751.19,13.0,1,96.0,Quarterly,Credit Card,0,0,84592.32
C103165,41.0,Female,Hyderabad,44,2111.23,93756.67,1.0,1,64.0,Monthly,Credit Card,0,0,118605.55
C103166,52.0,Female,Hyderabad,5,2168.31,11750.53,7.0,1,97.0,Monthly,UPI,1,0,58167.1
C103167,43.0,Male,Delhi,68,1812.84,128794.2,4.0,1,54.0,Annual,UPI,0,0,121335.07
C103168,54.0,Female,Chennai,72,1955.6,130351.38,25.0,2,74.0,Monthly,Debit Card,0,0,153108.91
C103169,55.0,Female,Kolkata,65,1924.57,130102.31,7.0,1,78.0,Monthly,UPI,1,0,135250.69
C103170,38.0,Male,Bengaluru,15,2092.82,31108.02,8.0,4,51.0,Monthly,Credit Card,0,0,70112.46
C103171,57.0,Other,Hyderabad,50,1593.23,77095.84,14.0,1,52.0,Monthly,UPI,0,0,88490.26
C103172,56.0,Male,Delhi,6,1287.56,7151.61,16.0,3,60.0,Quarterly,Debit Card,0,0,39411.47
C103173,38.0,Male,Delhi,66,2157.86,135340.05,18.0,2,96.0,Annual,Credit Card,0,0,164937.67
C103174,27.0,Female,Mumbai,69,2247.25,137834.96,11.0,2,93.0,Monthly,UPI,0,0,160787.71
C103175,55.0,Male,Delhi,39,1171.96,50028.36,13.0,5,77.0,Monthly,Credit Card,1,0,67116.95
C103176,63.0,Male,Mumbai,29,2362.09,65414.94,25.0,1,61.0,Monthly,Credit Card,0,0,113319.06
C103177,21.0,Male,Delhi,46,1858.615,96576.08,15.0,3,63.0,Monthly,Wallet,0,0,125215.79
C103178,62.0,Female,Hyderabad,31,1961.49,67275.9,15.0,0,75.0,Annual,Bank Transfer,0,0,84083.17
C103179,37.0,Female,Bengaluru,24,1762.72,44344.97,21.0,3,61.0,Monthly,UPI,1,1,64454.61
C103180,34.0,Female,Hyderabad,15,1056.46,16191.88,21.0,1,98.0,Monthly,Debit Card,0,0,59540.04
C103181,24.0,Female,Hyderabad,20,1933.18,42071.06,3.0,3,70.0,Monthly,UPI,0,0,69526.42
C103182,21.0,Male,Bengaluru,4,1664.19,5982.4,18.0,2,99.0,Monthly,Credit Card,0,0,66484.88
C103183,44.0,Male,Hyderabad,58,1971.81,117567.81,15.0,4,71.0,Quarterly,Debit Card,0,0,121901.6
C103184,31.0,Female,Other,61,1703.83,114517.61,27.0,1,100.0,Monthly,Credit Card,0,0,141670.39
C103185,20.0,Female,Bengaluru,10,1465.74,16050.12,8.0,2,77.0,Monthly,UPI,0,1,43930.01
C103186,41.0,Male,Bengaluru,41,1071.54,46783.43,9.0,2,27.0,Monthly,Bank Transfer,1,0,61868.36
C103187,54.0,Male,Pune,53,676.08,33624.8,12.0,3,78.0,Quarterly,Bank Transfer,0,1,55854.18
C103188,33.0,Female,Chennai,71,1809.72,133733.18,21.0,2,72.0,Annual,Bank Transfer,1,0,139714.42
C103189,69.0,Female,Chennai,48,399.0,20971.53,22.0,1,100.0,Monthly,Credit Card,0,0,57369.57
C103190,21.0,Female,Chennai,15,1119.84,16224.75,13.0,2,53.0,Annual,UPI,0,0,48899.69
C103191,41.0,Male,Chennai,7,2355.17,17051.38,19.0,0,100.0,Quarterly,Wallet,1,0,70141.01
C103192,51.0,Other,Bengaluru,72,1222.14,86158.96,10.0,0,41.0,Monthly,Bank Transfer,0,0,96137.46
C103193,47.0,Female,Bengaluru,71,2475.16,192745.14,14.0,2,60.0,Annual,Credit Card,1,0,174765.89
C103194,35.0,Female,Kolkata,43,2161.81,87085.0,18.0,4,51.0,Monthly,Bank Transfer,1,1,108583.79
C103195,36.0,Female,Hyderabad,4,1544.42,5853.2,28.0,1,88.0,Annual,UPI,1,1,56188.32
C103196,48.0,Female,Hyderabad,51,2419.35,128744.97,22.0,0,100.0,Monthly,Credit Card,0,0,164698.59
C103197,36.0,Female,Mumbai,71,2675.42,167911.31,23.0,3,59.0,Quarterly,Debit Card,0,0,193362.1
C103198,66.0,Female,Bengaluru,59,1095.11,61194.36,12.0,3,38.0,Annual,Credit Card,0,0,78515.52
C103199,63.0,Female,Chennai,41,2378.04,92550.06,2.0,0,77.0,Monthly,UPI,0,0,116277.66
C103200,36.0,Female,Pune,61,1381.61,88328.67,31.0,3,78.0,Monthly,Credit Card,0,0,110660.03
C103201,39.0,Male,Kolkata,30,1037.23,31170.63,4.0,2,48.0,Annual,Debit Card,0,0,52836.92
C103202,41.0,Female,Pune,18,1957.42,31521.87,12.0,3,64.0,Quarterly,Wallet,0,1,74779.12
C103203,62.0,Female,Bengaluru,30,2407.55,70994.1,13.0,2,88.0,Annual,Bank Transfer,0,0,107027.73
C103204,29.0,Female,Other,7,1760.38,13775.66,24.0,0,100.0,Monthly,UPI,0,0,62306.2
C103205,47.0,Male,Bengaluru,52,2975.69,169357.66,23.0,1,62.0,Monthly,UPI,0,0,174121.67
C103206,55.0,Female,Hyderabad,48,2284.33,117962.55,10.0,1,83.0,Monthly,UPI,0,0,124167.96
C103207,70.0,Male,Mumbai,23,1758.65,41609.84,15.0,2,64.0,Monthly,Bank Transfer,0,0,74683.15
C103208,48.0,Female,Delhi,37,1909.31,64317.07,10.0,4,65.0,Monthly,Bank Transfer,0,0,89272.15
C103209,53.0,Female,Hyderabad,71,3768.89,293223.6,9.0,1,62.0,Quarterly,UPI,1,0,267231.4
C103210,36.0,Male,Delhi,53,2108.11,107970.3,20.0,3,61.0,Monthly,Credit Card,0,0,138508.49
C103211,65.0,Female,Pune,45,2708.72,112245.95,4.0,5,98.0,Monthly,Debit Card,0,0,149480.1
C103212,62.0,Male,Bengaluru,49,2423.6,108432.31,16.0,3,35.0,Monthly,Bank Transfer,0,0,123712.61
C103213,53.0,Male,Delhi,49,1053.49,55923.53,10.0,1,78.0,Quarterly,Bank Transfer,0,0,73370.11
C103214,47.0,Female,Chennai,47,1113.7,54036.19,1.0,5,90.0,Monthly,UPI,1,0,62011.66
C103215,66.0,Male,Chennai,25,1781.37,40339.64,13.0,1,35.0,Monthly,UPI,0,0,66402.97
C103216,50.0,Male,Bengaluru,27,1730.27,50623.68,22.0,1,83.0,Monthly,Credit Card,1,0,77591.64
C103217,35.0,Male,Delhi,12,1994.83,22532.7,17.0,1,78.0,Monthly,Debit Card,1,0,55678.52
C103218,69.0,Male,Bengaluru,23,2613.56,61529.88,6.0,2,95.0,Monthly,UPI,0,0,98874.82
C103219,66.0,Female,Pune,17,2337.39,44126.67,15.0,3,41.0,Monthly,Wallet,0,0,82208.39
C103220,45.0,Female,Other,44,1858.615,39616.74,3.0,4,100.0,Quarterly,Bank Transfer,1,0,57488.25
C103221,64.0,Female,Other,71,1378.34,101920.92,29.0,1,82.0,Monthly,Credit Card,1,0,129464.89
C103222,28.0,Male,Hyderabad,24,2866.76,73257.03,16.0,4,100.0,Monthly,Debit Card,1,0,109084.37
C103223,62.0,Male,Hyderabad,71,2204.6,157979.37,19.0,3,100.0,Monthly,Credit Card,1,0,166115.82
C103224,50.0,Male,Chennai,60,782.16,45885.48,25.0,1,41.0,Monthly,Credit Card,0,0,74143.17
C103225,34.0,Female,Delhi,53,1681.17,78782.8,16.0,3,61.0,Monthly,Credit Card,0,0,113589.44
C103226,23.0,Female,Other,16,566.38,7974.91,17.0,3,100.0,Quarterly,Wallet,0,0,34196.75
C103227,21.0,Female,Pune,25,2500.18,68902.02,9.0,0,62.0,Quarterly,Bank Transfer,0,0,108468.31
C103228,37.0,Female,Mumbai,66,2397.39,143115.95,1.0,3,82.0,Annual,UPI,0,0,157983.83
C103229,65.0,Female,Hyderabad,50,1674.37,85683.19,9.0,3,60.0,Monthly,UPI,0,0,93594.95
C103230,64.0,Female,Pune,69,2003.45,140468.98,15.0,2,77.0,Annual,Bank Transfer,0,0,168305.06
C103231,44.0,Female,Hyderabad,40,2158.92,88442.24,16.0,3,46.0,Monthly,UPI,1,0,96386.09
C103232,32.0,Male,Hyderabad,6,2609.42,15676.29,17.0,1,71.0,Monthly,UPI,1,0,76271.09
C103233,23.0,Male,Pune,64,2083.95,147661.88,7.0,2,46.0,Monthly,Bank Transfer,0,0,132062.86
C103234,64.0,Female,Mumbai,28,2271.14,61300.1,10.0,2,71.0,Monthly,UPI,1,0,79590.89
C103235,31.0,Female,Hyderabad,9,2058.09,17666.98,22.0,0,84.0,Quarterly,Wallet,1,0,70471.12
C103236,28.0,Other,Chennai,6,2695.99,15647.09,17.0,0,100.0,Monthly,UPI,1,0,69087.76
C103237,56.0,Male,Hyderabad,17,2980.07,47088.75,5.0,5,66.0,Quarterly,UPI,0,0,82656.52
C103238,26.0,Male,Delhi,40,1371.59,57796.92,23.0,2,53.0,Monthly,Credit Card,1,0,81343.27
C103239,43.0,Female,Bengaluru,45,1675.29,72608.56,26.0,4,91.0,Monthly,Wallet,1,0,95948.68
C103240,33.0,Female,Kolkata,43,2085.62,80255.1,9.0,3,38.0,Annual,Credit Card,0,1,99843.15
C103241,22.0,Male,Bengaluru,46,1351.76,56462.79,15.0,1,63.0,Monthly,Wallet,1,0,79409.64
C103242,69.0,Female,Mumbai,63,1566.2,105052.17,13.0,2,76.0,Quarterly,Bank Transfer,0,0,110320.97
C103243,27.0,Male,Hyderabad,1,1752.41,1582.69,7.0,2,39.0,Monthly,Bank Transfer,0,0,25777.28
C103244,67.0,Male,Bengaluru,59,1813.05,99587.56,14.0,4,59.0,Monthly,UPI,0,0,123201.42
C103245,20.0,Female,Delhi,63,1528.81,93434.62,18.0,5,62.0,Monthly,UPI,1,0,98788.06
C103246,30.0,Female,Delhi,18,1703.37,32821.81,17.0,0,45.0,Annual,Wallet,0,0,62160.52
C103247,60.0,Male,Bengaluru,65,1836.79,107235.2,28.0,3,100.0,Monthly,Wallet,0,0,141274.18
C103248,66.0,Male,Mumbai,20,1275.79,23647.06,7.0,3,56.0,Quarterly,Bank Transfer,1,0,46587.09
C103249,47.0,Female,Pune,56,2288.17,118880.06,7.0,2,39.0,Annual,Credit Card,0,0,150723.79
C103250,62.0,Male,Bengaluru,54,1246.57,66753.17,22.0,0,100.0,Annual,Debit Card,0,0,116389.6
C103251,23.0,Female,Hyderabad,48,2037.09,95499.44,22.0,3,100.0,Annual,Bank Transfer,0,0,125041.35
C103252,34.0,Female,Chennai,54,3131.55,181503.35,1.0,1,62.0,Annual,UPI,1,0,174845.69
C103253,62.0,Male,Mumbai,16,1641.01,24848.25,8.0,3,36.0,Monthly,Credit Card,0,0,55718.14
C103254,68.0,Female,Hyderabad,20,2628.17,47845.29,2.0,3,97.0,Annual,Debit Card,0,0,86862.15
C103255,70.0,Female,Bengaluru,47,1317.57,58035.95,21.0,0,70.0,Annual,Credit Card,0,0,88590.34
C103256,36.0,Male,Mumbai,7,1528.59,10224.43,22.0,3,64.0,Quarterly,Bank Transfer,0,0,57499.01
C103257,59.0,Male,Other,23,2227.59,52314.11,14.0,0,57.0,Monthly,UPI,1,0,98362.38
C103258,52.0,Male,Chennai,33,399.0,12808.53,23.0,1,89.0,Monthly,Debit Card,0,0,36143.01
C103259,63.0,Female,Hyderabad,40,2201.52,82171.13,19.0,2,59.0,Monthly,UPI,0,0,112577.37
C103260,43.0,Female,Mumbai,5,1748.96,7923.77,18.0,2,72.0,Monthly,Wallet,1,0,51080.8
C103261,68.0,Male,Bengaluru,45,1576.94,72452.96,11.0,3,38.0,Quarterly,Credit Card,1,0,66463.81
C103262,22.0,Male,Hyderabad,41,2743.43,124293.47,5.0,1,36.0,Quarterly,Debit Card,1,0,127049.35
C103263,46.0,Male,Mumbai,8,1099.58,8180.13,13.0,4,91.0,Annual,UPI,0,0,51336.63
C103264,54.0,Female,Kolkata,50,2053.8,93467.94,14.0,3,68.0,Monthly,UPI,0,0,130084.58
C103265,37.0,Male,Pune,31,2341.12,79675.14,19.0,4,54.0,Monthly,Wallet,1,0,103315.67
C103266,66.0,Female,Hyderabad,4,1578.96,6460.58,16.0,3,64.0,Annual,Credit Card,1,0,37487.47
C103267,38.0,Male,Pune,66,467.68,29836.46,15.0,4,64.0,Quarterly,Debit Card,1,0,36642.72
C103268,27.0,Female,Bengaluru,56,1994.06,99866.17,17.0,3,45.0,Quarterly,Debit Card,1,0,130343.87
C103269,22.0,Female,Bengaluru,5,2340.5,12426.12,8.0,4,58.0,Quarterly,UPI,1,0,45857.61
C103270,53.0,Female,Kolkata,54,2762.59,156985.93,11.0,2,64.0,Quarterly,Bank Transfer,0,0,156132.88
C103271,23.0,Male,Kolkata,1,991.37,1085.94,21.0,4,32.0,Annual,Credit Card,0,0,38434.72
C103272,43.0,Female,Hyderabad,61,1623.91,100680.0,12.0,4,66.0,Monthly,UPI,1,0,116610.51
C103273,21.0,Male,Hyderabad,7,3233.93,21649.22,14.0,2,62.0,Monthly,Bank Transfer,0,0,70574.7
C103274,56.0,Male,Bengaluru,30,1966.67,54298.93,18.0,1,69.0,Monthly,Credit Card,0,0,92255.35
C103275,56.0,Female,Mumbai,15,2244.73,31416.0,9.0,3,79.0,Annual,UPI,1,0,68593.23
C103276,67.0,Female,Kolkata,4,2429.7,9748.43,11.0,3,84.0,Annual,Credit Card,0,0,51141.28
C103277,52.0,Male,Hyderabad,63,1820.22,124238.28,2.0,3,42.0,Monthly,Debit Card,1,0,107507.52
C103278,18.0,Male,Chennai,70,1615.86,124013.17,23.0,3,91.0,Monthly,Credit Card,1,0,111784.01
C103279,41.0,Female,Bengaluru,38,1670.24,63241.78,24.0,2,70.0,Monthly,UPI,1,0,97920.98
C103280,53.0,Female,Hyderabad,47,2990.06,124988.74,21.0,4,100.0,Annual,Debit Card,0,0,161844.72
C103281,23.0,Male,Pune,60,2291.97,124917.14,17.0,2,90.0,Monthly,UPI,0,0,148583.76
C103282,58.0,Female,Pune,2,2040.62,4522.29,6.0,4,66.0,Monthly,UPI,1,1,34816.34
C103283,63.0,Male,Bengaluru,69,567.44,36608.52,11.0,2,63.0,Monthly,UPI,1,0,40368.27
C103284,61.0,Female,Hyderabad,8,1709.15,14719.99,8.0,2,51.0,Annual,Bank Transfer,0,0,39568.0
C103285,48.0,Female,Hyderabad,51,3175.66,178632.85,9.0,4,58.0,Quarterly,Credit Card,1,0,183579.85
C103286,37.0,Male,Chennai,19,1285.26,26986.96,12.0,4,31.0,Quarterly,UPI,1,0,44848.15
C103287,41.0,Female,Bengaluru,31,1850.09,51850.86,12.0,1,74.0,Monthly,UPI,0,0,85361.59
C103288,42.0,Female,Mumbai,22,1736.22,35156.78,22.0,1,60.0,Quarterly,Debit Card,1,0,68687.15
C103289,53.0,Female,Chennai,33,859.21,28086.25,15.0,2,74.0,Monthly,UPI,0,0,58070.97
C103290,38.0,Female,Hyderabad,72,1185.39,81644.88,24.0,1,57.0,Monthly,Credit Card,1,0,94304.74
C103291,47.0,Female,Pune,37,765.77,27418.05,10.0,3,77.0,Monthly,Debit Card,0,0,46164.03
C103292,41.0,Male,Hyderabad,12,698.9,8434.14,18.0,3,86.0,Quarterly,Credit Card,0,0,38573.79
C103293,61.0,Male,Pune,69,2362.43,180035.46,13.0,1,79.0,Annual,Bank Transfer,0,0,179179.77
C103294,59.0,Male,Mumbai,64,1301.38,83057.53,18.0,2,80.0,Monthly,Debit Card,0,0,105129.62
C103295,47.0,Other,Pune,25,3015.97,74237.97,21.0,2,27.0,Monthly,Credit Card,0,0,115877.02
C103296,39.0,Female,Hyderabad,54,2578.86,144498.85,23.0,1,80.0,Annual,UPI,1,0,155284.78
C103297,45.0,Female,Pune,29,1771.72,46942.58,12.0,6,55.0,Quarterly,Bank Transfer,1,0,63441.76
C103298,24.0,Male,Hyderabad,13,2312.41,29923.86,15.0,3,69.0,Monthly,Debit Card,0,0,68853.53
C103299,52.0,Female,Other,26,399.0,10929.76,21.0,2,67.0,Monthly,Bank Transfer,0,0,40572.77
C103300,45.0,Female,Delhi,22,1729.98,38907.85,28.0,2,63.0,Quarterly,Debit Card,0,0,61923.97
C103301,31.0,Female,Bengaluru,10,2492.22,26428.79,16.0,2,60.0,Monthly,UPI,1,0,67320.54
C103302,27.0,Male,Bengaluru,48,1189.75,62395.68,14.0,3,79.0,Annual,Credit Card,1,0,84485.17
C103303,33.0,Male,Kolkata,42,2252.77,93244.01,14.0,2,95.0,Quarterly,Credit Card,0,0,122639.16
C103304,33.0,Female,Kolkata,59,2216.34,137727.3,1.0,4,61.0,Annual,UPI,0,0,137263.35
C103305,48.0,Female,Kolkata,53,1028.63,53292.32,17.0,3,100.0,Annual,Debit Card,1,0,85301.4
C103306,59.0,Male,Pune,40,2827.34,123110.21,10.0,4,53.0,Quarterly,Debit Card,0,0,129495.11
C103307,42.0,Female,Pune,62,2546.47,155429.86,7.0,3,97.0,Monthly,UPI,1,0,167766.76
C103308,30.0,Male,Mumbai,6,2205.85,13800.58,19.0,4,57.0,Monthly,Wallet,1,0,47505.04
C103309,23.0,Female,Hyderabad,4,1167.2,4116.78,15.0,1,70.0,Annual,Credit Card,0,0,37948.26
C103310,61.0,Female,Hyderabad,55,1243.03,66698.52,20.0,2,61.0,Quarterly,Debit Card,0,0,81694.11
C103311,26.0,Male,Delhi,69,1722.89,120324.29,15.0,3,66.0,Monthly,UPI,0,0,118964.5
C103312,62.0,Female,Chennai,3,2734.34,8480.89,6.0,1,82.0,Quarterly,UPI,1,0,63901.1
C103313,53.0,Male,Mumbai,7,1650.73,10659.22,16.0,1,73.0,Monthly,UPI,0,0,50352.03
C103314,60.0,Male,Bengaluru,12,1919.62,23783.63,1.0,1,57.0,Monthly,UPI,0,0,54966.71
C103315,37.0,Female,Delhi,17,1326.04,23884.25,21.0,1,100.0,Monthly,UPI,0,0,67011.33
C103316,35.0,Male,Bengaluru,67,2939.8,186571.13,25.0,3,57.0,Monthly,Credit Card,0,0,196118.73
C103317,60.0,Male,Chennai,70,1384.7,93516.76,12.0,0,44.0,Annual,Bank Transfer,1,0,103250.11
C103318,38.0,Male,Chennai,36,1910.02,75529.4,16.0,0,38.0,Monthly,Credit Card,0,0,97064.12
C103319,21.0,Male,Hyderabad,17,2649.02,42033.12,25.0,2,76.0,Monthly,Debit Card,1,0,96272.26
C103320,67.0,Male,Kolkata,1,1437.02,1391.25,14.0,2,72.0,Quarterly,Credit Card,0,0,36668.42
C103321,50.0,Male,Mumbai,67,1876.38,132395.01,3.0,4,17.0,Annual,Credit Card,1,0,125489.42
C103322,44.0,Female,Kolkata,49,1217.78,55300.52,25.0,3,52.0,Monthly,Debit Card,1,0,83721.87
C103323,24.0,Male,Bengaluru,51,891.07,45504.03,12.0,3,62.0,Quarterly,UPI,1,0,53586.82
C103324,44.0,Female,Hyderabad,71,985.41,74094.52,14.0,3,94.0,Monthly,UPI,1,0,101942.04
C103325,32.0,Male,Hyderabad,43,2830.74,109006.81,26.0,0,100.0,Monthly,Bank Transfer,1,0,150580.19
C103326,35.0,Male,Hyderabad,31,763.91,22218.88,32.0,4,100.0,Monthly,UPI,1,0,51043.94
C103327,49.0,Male,Hyderabad,24,1318.83,32196.7,10.0,0,100.0,Quarterly,Credit Card,0,0,74617.47
C103328,28.0,Female,Hyderabad,37,922.73,32158.1,22.0,3,62.0,Quarterly,UPI,0,0,56384.95
C103329,37.0,Female,Kolkata,65,1285.88,89912.9,17.0,5,84.0,Monthly,Credit Card,0,0,93300.11
C103330,41.0,Female,Kolkata,63,1612.81,105781.9,27.0,1,94.0,Monthly,Credit Card,0,0,123907.23
C103331,32.0,Male,Other,56,1903.02,107219.39,13.0,3,52.0,Monthly,Wallet,1,0,126432.89
C103332,65.0,Female,Other,18,2975.62,49000.77,17.0,0,83.0,Annual,Debit Card,1,0,110663.68
C103333,24.0,Male,Mumbai,65,2405.43,162957.08,12.0,1,56.0,Quarterly,UPI,1,0,152999.75
C103334,38.0,Male,Mumbai,29,2261.55,60337.53,28.0,10,65.0,Quarterly,Bank Transfer,0,0,94331.98
C103335,59.0,Female,Hyderabad,4,2288.88,10117.5,11.0,2,45.0,Monthly,Debit Card,0,0,46463.93
C103336,43.0,Male,Hyderabad,12,679.76,7323.29,11.0,2,72.0,Monthly,Bank Transfer,0,0,33342.26
C103337,61.0,Other,Pune,56,1839.55,100624.53,19.0,3,88.0,Monthly,Bank Transfer,1,0,124440.33
C103338,31.0,Male,Pune,48,2652.2,120698.34,10.0,1,44.0,Monthly,Bank Transfer,1,0,134800.29
C103339,54.0,Other,Pune,19,3039.94,60093.37,17.0,4,64.0,Monthly,Credit Card,1,0,96678.9
C103340,38.0,Female,Pune,26,2844.2,76972.71,13.0,1,59.0,Annual,Wallet,0,0,118591.15
C103341,35.0,Female,Bengaluru,38,1721.86,69394.84,11.0,2,72.0,Annual,Credit Card,1,1,85206.25
C103342,22.0,Male,Chennai,25,2267.65,60501.51,15.0,3,61.0,Quarterly,UPI,0,0,94184.06
C103343,20.0,Male,Chennai,56,1250.37,65448.84,8.0,2,38.0,Monthly,Credit Card,1,0,83544.66
C103344,40.0,Female,Other,28,2705.82,78310.63,15.0,5,73.0,Monthly,Bank Transfer,1,0,108177.67
C103345,43.0,Male,Other,61,1201.79,68455.98,11.0,2,59.0,Monthly,Debit Card,0,0,88975.38
C103346,54.0,Female,Mumbai,51,1133.72,58786.57,30.0,0,84.0,Monthly,UPI,1,0,80646.88
C103347,41.0,Other,Hyderabad,12,2544.56,30369.23,10.0,0,82.0,Monthly,Bank Transfer,0,0,80005.49
C103348,66.0,Male,Bengaluru,8,2058.61,17614.54,27.0,1,90.0,Annual,Debit Card,0,0,63856.48
C103349,36.0,Female,Bengaluru,58,2287.76,127027.25,20.0,0,56.0,Quarterly,Debit Card,1,0,142467.26
C103350,68.0,Female,Kolkata,23,2344.85,47932.65,12.0,3,70.0,Monthly,Debit Card,1,0,90971.77
C103351,42.0,Male,Hyderabad,37,1040.49,37291.61,11.0,2,54.0,Monthly,Debit Card,1,0,43742.55
C103352,38.0,Male,Hyderabad,11,1847.56,21994.6,16.0,1,83.0,Monthly,UPI,0,0,55243.97
C103353,29.0,Male,Bengaluru,17,1291.89,21688.17,29.0,3,91.0,Monthly,UPI,0,0,67443.35
C103354,58.0,Male,Kolkata,56,772.88,46586.94,5.0,1,44.0,Annual,Credit Card,1,0,38548.19
C103355,50.0,Female,Mumbai,53,1735.22,86484.52,12.0,4,55.0,Quarterly,UPI,0,0,100761.95
C103356,67.0,Male,Delhi,67,1354.92,85229.3,21.0,2,59.0,Monthly,Debit Card,0,0,100569.42
C103357,70.0,Female,Chennai,2,2189.88,4132.99,13.0,3,80.0,Monthly,Bank Transfer,0,0,37282.37
C103358,21.0,Male,Hyderabad,29,2536.69,77781.66,17.0,4,92.0,Monthly,Bank Transfer,0,0,108041.8
C103359,59.0,Female,Bengaluru,57,1323.24,76247.09,1.0,5,83.0,Quarterly,UPI,0,0,89875.64
C103360,24.0,Female,Pune,34,1070.91,38242.65,17.0,2,53.0,Monthly,Bank Transfer,1,0,54600.66
C103361,39.0,Male,Kolkata,2,1754.46,3405.85,18.0,2,41.0,Monthly,Bank Transfer,0,0,32696.44
C103362,50.0,Male,Mumbai,31,1997.3,61138.61,14.0,3,62.0,Monthly,UPI,0,0,82311.59
C103363,34.0,Female,Bengaluru,44,2137.02,93455.81,13.0,0,84.0,Monthly,Wallet,1,0,119669.38
C103364,41.0,Female,Pune,56,3123.53,174746.91,24.0,1,55.0,Monthly,Wallet,0,0,185374.09
C103365,51.0,Male,Delhi,54,2559.58,131271.91,19.0,0,92.0,Monthly,Credit Card,1,0,155474.68
C103366,45.0,Male,Hyderabad,53,1791.45,99085.73,18.0,2,31.0,Monthly,UPI,0,0,103762.56
C103367,60.0,Male,Bengaluru,46,3326.26,154463.09,29.0,3,100.0,Monthly,Credit Card,0,0,185957.47
C103368,58.0,Male,Delhi,54,2361.63,131510.26,12.0,3,70.0,Monthly,UPI,0,0,135444.21
C103369,56.0,Female,Mumbai,31,2438.36,68354.93,15.0,0,97.0,Monthly,UPI,0,0,108177.6
C103370,39.0,Female,Other,24,3352.46,73196.37,27.0,3,85.0,Annual,Bank Transfer,0,0,131613.93
C103371,66.0,Male,Kolkata,25,2095.59,51112.74,11.0,4,65.0,Monthly,UPI,1,0,67716.28
C103372,34.0,Other,Hyderabad,35,1922.99,69185.08,29.0,5,90.0,Monthly,Debit Card,0,0,111848.43
C103373,51.0,Male,Delhi,57,1858.615,109015.05,14.0,2,100.0,Monthly,Credit Card,0,0,126634.15
C103374,23.0,Female,Bengaluru,72,1778.28,116301.63,24.0,1,51.0,Monthly,Credit Card,0,0,144980.05
C103375,63.0,Male,Delhi,69,1474.84,107312.94,20.0,7,91.0,Monthly,UPI,1,0,118953.05
C103376,23.0,Male,Mumbai,28,1276.63,38238.81,10.0,2,87.0,Annual,Bank Transfer,0,0,63316.29
C103377,51.0,Male,Mumbai,33,2534.74,86562.69,18.0,2,71.0,Monthly,UPI,0,0,117648.65
C103378,18.0,Male,Pune,53,2819.1,143449.79,19.0,2,58.0,Annual,Bank Transfer,0,0,165621.1
C103379,27.0,Female,Delhi,16,1717.0,28047.94,19.0,3,55.0,Annual,Bank Transfer,0,0,57982.91
C103380,38.0,Female,Kolkata,26,2084.95,51746.27,30.0,4,47.0,Annual,Credit Card,1,0,78380.15
C103381,22.0,Male,Bengaluru,12,1400.9,18068.34,20.0,3,62.0,Monthly,Credit Card,0,0,55266.95
C103382,19.0,Female,Bengaluru,31,2164.49,74647.67,15.0,2,73.0,Monthly,Debit Card,0,0,91098.59
C103383,39.0,Male,Delhi,27,2173.17,53560.11,8.0,0,54.0,Quarterly,Credit Card,1,0,81970.2
C103384,65.0,Female,Other,36,1578.29,60351.27,15.0,5,67.0,Monthly,Credit Card,0,0,82801.06
C103385,19.0,Male,Bengaluru,59,1636.52,85025.44,12.0,6,33.0,Quarterly,Credit Card,0,0,95973.09
C103386,27.0,Male,Hyderabad,3,1910.53,5643.97,9.0,1,83.0,Annual,Credit Card,0,0,50888.3
C103387,51.0,Male,Chennai,32,1670.55,56640.83,14.0,0,80.0,Annual,UPI,1,0,75354.69
C103388,33.0,Female,Mumbai,15,2040.29,32220.72,5.0,4,28.0,Monthly,Debit Card,0,0,49771.85
C103389,65.0,Female,Pune,66,408.54,29775.63,1.0,2,74.0,Monthly,Credit Card,0,0,41017.37
C103390,68.0,Male,Delhi,63,1847.49,127696.74,16.0,0,92.0,Monthly,Credit Card,1,0,126750.52
C103391,44.0,Male,Other,1,2934.5,2930.01,31.0,2,84.0,Monthly,Debit Card,0,0,56191.23
C103392,39.0,Male,Pune,5,2240.26,12080.92,22.0,3,80.0,Monthly,UPI,1,0,55587.37
C103393,29.0,Female,Bengaluru,6,1428.19,9587.42,9.0,2,54.0,Annual,Wallet,0,0,35093.41
C103394,41.0,Female,Delhi,5,1199.71,6116.28,21.0,3,97.0,Quarterly,Credit Card,0,0,47970.78
C103395,64.0,Male,Delhi,28,1710.33,49685.72,15.0,2,77.0,Annual,Credit Card,1,0,83089.11
C103396,57.0,Male,Other,69,1381.72,85743.74,11.0,3,55.0,Monthly,UPI,0,0,101865.71
C103397,55.0,Female,Hyderabad,44,2246.8,110348.96,6.0,1,42.0,Quarterly,Credit Card,0,0,114577.54
C103398,27.0,Male,Hyderabad,16,1542.5,27141.05,20.0,4,75.0,Annual,UPI,1,0,50148.36
C103399,52.0,Male,Hyderabad,71,2480.69,174861.89,29.0,0,75.0,Annual,Bank Transfer,0,0,189938.11
C103400,68.0,Male,Mumbai,22,1953.6,42691.8,16.0,4,47.0,Annual,Credit Card,0,0,72032.74
C103401,66.0,Male,Hyderabad,23,2006.74,47047.72,14.0,3,83.0,Monthly,Credit Card,0,0,74248.03
C103402,49.0,Female,Delhi,43,2479.05,112430.68,11.0,0,99.0,Annual,Credit Card,0,0,138793.58
C103403,24.0,Female,Pune,68,2113.81,151447.17,9.0,7,85.0,Monthly,Credit Card,0,0,143293.78
C103404,38.0,Male,Chennai,43,3137.77,139646.94,10.0,1,82.0,Annual,Credit Card,1,0,162948.77
C103405,37.0,Female,Mumbai,26,2940.83,72563.66,14.0,2,56.0,Annual,Debit Card,0,0,102011.17
C103406,43.0,Male,Kolkata,41,1293.16,53574.21,28.0,2,73.0,Monthly,UPI,0,0,87049.24
C103407,21.0,Female,Mumbai,70,3469.58,246003.57,1.0,6,44.0,Annual,Credit Card,0,0,224201.59
C103408,63.0,Female,Hyderabad,31,1918.36,59263.56,31.0,0,96.0,Monthly,Credit Card,1,0,106772.94
C103409,69.0,Female,Bengaluru,17,2317.85,35324.19,21.0,1,62.0,Annual,UPI,1,0,64496.86
C103410,39.0,Male,Mumbai,9,2419.65,23789.59,13.0,1,97.0,Quarterly,UPI,0,0,68812.33
C103411,32.0,Male,Hyderabad,55,1176.26,61942.47,19.0,1,62.0,Quarterly,Debit Card,1,0,89805.99
C103412,57.0,Male,Mumbai,6,2940.92,18197.65,9.0,4,78.0,Monthly,UPI,1,1,64991.18
C103413,38.0,Female,Other,70,2021.03,145859.17,30.0,3,100.0,Monthly,UPI,1,0,159545.18
C103414,32.0,Male,Delhi,64,2975.42,173289.13,5.0,3,100.0,Annual,UPI,0,0,203471.3
C103415,39.0,Female,Bengaluru,4,1782.34,7807.37,5.0,0,53.0,Monthly,Debit Card,1,0,47826.83
C103416,69.0,Other,Bengaluru,67,1519.39,98422.84,19.0,1,100.0,Annual,Credit Card,1,0,141750.17
C103417,45.0,Female,Other,56,2257.31,113319.81,16.0,4,72.0,Quarterly,Wallet,1,0,128891.71
C103418,31.0,Female,Kolkata,18,1234.63,24412.37,16.0,6,69.0,Quarterly,Credit Card,0,0,59532.22
C103419,44.0,Male,Chennai,32,1580.56,47131.92,13.0,5,76.0,Quarterly,Bank Transfer,1,0,77409.29
C103420,58.0,Male,Bengaluru,48,399.0,20235.18,9.0,1,70.0,Monthly,Debit Card,0,0,40951.47
C103421,57.0,Male,Delhi,29,2772.46,89205.52,12.0,3,36.0,Monthly,UPI,1,0,102621.89
C103422,45.0,Female,Bengaluru,32,1546.62,46266.67,23.0,1,70.0,Quarterly,Debit Card,1,0,90272.11
C103423,43.0,Male,Hyderabad,25,1929.25,50589.62,24.0,2,63.0,Annual,Debit Card,1,0,80271.8
C103424,66.0,Female,Bengaluru,63,1906.27,113779.7,21.0,2,75.0,Quarterly,UPI,1,0,136564.87
C103425,19.0,Male,Chennai,9,2234.89,21652.92,11.0,3,51.0,Monthly,UPI,1,1,49079.14
C103426,42.0,Male,Bengaluru,71,1302.18,100230.56,7.0,3,61.0,Annual,Credit Card,0,0,105495.47
C103427,20.0,Female,Hyderabad,14,940.58,13241.89,28.0,1,82.0,Quarterly,Debit Card,1,0,56168.72
C103428,25.0,Male,Hyderabad,20,2598.17,52400.57,4.0,1,65.0,Monthly,Credit Card,0,0,95336.21
C103429,61.0,Male,Delhi,10,1782.13,18037.42,13.0,2,79.0,Annual,Credit Card,1,0,51561.9
C103430,50.0,Female,Mumbai,11,2094.19,24842.97,16.0,3,91.0,Quarterly,Debit Card,0,0,60744.74
C103431,59.0,Male,Hyderabad,39,1561.03,55356.84,35.0,1,52.0,Quarterly,Wallet,0,0,80515.3
C103432,69.0,Male,Other,19,2296.2,42459.47,14.0,0,59.0,Quarterly,UPI,0,0,81247.43
C103433,52.0,Male,Chennai,19,1547.78,27506.83,19.0,2,68.0,Monthly,UPI,1,0,59288.13
C103434,44.0,Female,Hyderabad,43,2003.0,91860.0,19.0,1,90.0,Monthly,UPI,1,0,113498.17
C103435,56.0,Female,Hyderabad,61,2208.65,138195.2,24.0,4,68.0,Monthly,Wallet,0,0,140575.49
C103436,69.0,Female,Delhi,70,1983.9,138437.31,21.0,2,65.0,Quarterly,UPI,1,0,145630.99
C103437,40.0,Male,Hyderabad,72,2093.77,148809.72,19.0,0,43.0,Monthly,UPI,0,0,147791.82
C103438,42.0,Male,Hyderabad,65,1784.42,125349.62,18.0,2,98.0,Monthly,Debit Card,1,0,126886.19
C103439,67.0,Male,Mumbai,23,1151.13,24511.7,20.0,2,79.0,Annual,UPI,0,0,49428.69
C103440,60.0,Female,Mumbai,60,789.41,46269.83,12.0,4,56.0,Monthly,UPI,0,0,61450.63
C103441,36.0,Male,Pune,10,1024.5,10469.23,1.0,4,94.0,Quarterly,Credit Card,1,0,32927.34
C103442,22.0,Male,Pune,63,1343.67,78128.09,11.0,5,89.0,Monthly,UPI,1,0,102260.83
C103443,68.0,Female,Other,2,2419.13,4763.2,18.0,2,96.0,Monthly,Debit Card,0,0,43349.41
C103444,28.0,Female,Hyderabad,36,475.9,17854.62,11.0,6,37.0,Monthly,Credit Card,0,0,28737.5
C103445,29.0,Male,Hyderabad,57,2355.35,132324.67,15.0,5,82.0,Annual,Debit Card,1,0,147744.3
C103446,27.0,Male,Other,66,1384.57,82708.75,14.0,3,51.0,Monthly,UPI,0,0,103379.64
C103447,25.0,Male,Delhi,20,2116.38,43300.61,13.0,2,72.0,Monthly,UPI,0,0,78626.8
C103448,41.0,Male,Delhi,42,2816.27,108581.78,20.0,3,45.0,Monthly,Debit Card,0,0,142765.52
C103449,45.0,Female,Hyderabad,21,1926.11,38600.4,16.0,2,72.0,Monthly,Debit Card,0,0,80821.91
C103450,58.0,Female,Hyderabad,66,2640.55,155632.95,15.0,4,69.0,Annual,UPI,0,0,190004.66
C103451,53.0,Female,Hyderabad,38,1613.68,61303.9,1.0,2,77.0,Annual,Debit Card,0,0,89035.92
C103452,54.0,Male,Chennai,69,1415.97,95965.35,3.0,3,55.0,Monthly,Wallet,1,0,100266.47
C103453,44.0,Male,Hyderabad,24,2543.37,65001.62,19.0,3,72.0,Monthly,Credit Card,0,0,104184.47
C103454,25.0,Male,Chennai,26,3167.01,88390.39,8.0,1,54.0,Monthly,Credit Card,1,0,102433.91
C103455,26.0,Male,Mumbai,2,2578.47,5637.93,20.0,5,75.0,Annual,Credit Card,0,0,58145.08
C103456,64.0,Female,Hyderabad,46,624.27,26158.13,10.0,3,66.0,Monthly,UPI,0,0,47968.39
C103457,32.0,Male,Hyderabad,34,1101.37,35604.92,11.0,1,97.0,Quarterly,Credit Card,0,0,67405.54
C103458,65.0,Male,Bengaluru,62,1561.76,99876.47,3.0,3,52.0,Quarterly,UPI,0,0,106486.62
C103459,63.0,Male,Hyderabad,41,2081.45,94464.42,13.0,1,97.0,Monthly,Bank Transfer,0,0,112493.8
C103460,57.0,Male,Hyderabad,15,1410.19,21001.85,1.0,2,52.0,Quarterly,Credit Card,0,0,32514.9
C103461,35.0,Male,Bengaluru,55,2188.04,120489.08,8.0,4,99.0,Monthly,Bank Transfer,1,0,143056.62
C103462,59.0,Female,Chennai,3,1105.69,3247.33,11.0,6,96.0,Monthly,UPI,0,0,36812.55
C103463,37.0,Male,Delhi,38,2454.26,88639.6,19.0,2,97.0,Monthly,Credit Card,1,0,116092.4
C103464,23.0,Female,Hyderabad,51,1911.1,92275.86,17.0,3,61.0,Monthly,UPI,0,0,116921.38
C103465,29.0,Male,Delhi,17,2500.57,40452.28,15.0,3,75.0,Annual,Credit Card,0,0,82411.53
C103466,19.0,Male,Pune,49,596.96,28554.25,21.0,1,100.0,Quarterly,UPI,1,0,54972.64
C103467,24.0,Female,Delhi,21,2246.88,46841.46,11.0,1,56.0,Annual,Bank Transfer,0,0,77652.86
C103468,33.0,Male,Hyderabad,24,1311.85,28196.17,17.0,2,79.0,Monthly,Wallet,0,0,56524.18
C103469,20.0,Female,Chennai,40,1809.74,76798.83,8.0,2,80.0,Monthly,Credit Card,0,0,92540.04
C103470,62.0,Male,Delhi,20,1513.85,27376.64,13.0,1,62.0,Monthly,Credit Card,0,0,54465.05
C103471,20.0,Female,Other,35,1552.08,55628.04,10.0,3,50.0,Annual,Wallet,1,0,78159.18
C103472,44.0,Female,Other,48,1770.03,87745.89,16.0,1,52.0,Monthly,Bank Transfer,1,0,95991.7
C103473,67.0,Female,Chennai,33,1858.615,65222.49,17.0,1,100.0,Monthly,UPI,0,0,118631.88
C103474,60.0,Female,Mumbai,56,1858.615,145804.74,18.0,3,100.0,Monthly,UPI,1,0,168513.79
C103475,57.0,Female,Kolkata,41,1470.93,63908.93,11.0,3,92.0,Monthly,UPI,0,0,84657.23
C103476,55.0,Male,Pune,54,2491.69,128258.75,19.0,2,100.0,Monthly,UPI,1,0,152340.45
C103477,50.0,Female,Chennai,44,2617.14,126031.51,16.0,2,85.0,Monthly,Bank Transfer,0,0,137892.92
C103478,45.0,Female,Bengaluru,72,1160.42,92609.73,12.0,3,62.0,Monthly,Credit Card,1,0,94254.46
C103479,18.0,Male,Hyderabad,11,1982.69,23937.52,13.0,1,65.0,Monthly,UPI,0,0,57168.94
C103480,25.0,Male,Mumbai,14,2338.46,33525.92,20.0,1,55.0,Quarterly,UPI,0,0,80911.65
C103481,54.0,Female,Delhi,42,1653.13,63693.99,16.0,4,91.0,Quarterly,Bank Transfer,0,0,99828.99
C103482,49.0,Male,Other,12,1748.93,20950.91,12.0,3,54.0,Quarterly,Wallet,0,0,62757.76
C103483,65.0,Male,Kolkata,17,2148.69,40835.15,24.0,2,78.0,Monthly,Credit Card,1,1,66761.96
C103484,60.0,Female,Hyderabad,25,1799.92,40346.08,1.0,0,67.0,Quarterly,Bank Transfer,0,0,78064.45
C103485,54.0,Male,Delhi,26,1740.26,43827.91,9.0,2,70.0,Monthly,Wallet,1,0,84391.72
C103486,21.0,Male,Bengaluru,47,1625.99,71933.88,9.0,4,88.0,Annual,Credit Card,1,0,88293.26
C103487,47.0,Female,Delhi,25,1429.15,39449.32,7.0,4,99.0,Monthly,Bank Transfer,0,0,62972.1
C103488,23.0,Male,Delhi,60,1378.78,81722.07,12.0,6,71.0,Monthly,UPI,1,0,86259.57
C103489,63.0,Female,Bengaluru,60,1558.67,82466.69,25.0,4,98.0,Monthly,Debit Card,0,0,123607.93
C103490,36.0,Male,Bengaluru,27,1753.16,47995.96,8.0,1,70.0,Quarterly,Bank Transfer,0,0,71210.82
C103491,49.0,Male,Hyderabad,43,1415.34,58516.99,17.0,3,75.0,Monthly,Bank Transfer,1,0,86809.15
C103492,26.0,Male,Hyderabad,20,1222.37,25784.89,17.0,2,82.0,Monthly,Debit Card,0,0,55341.38
C103493,29.0,Female,Pune,63,1237.43,71213.32,24.0,3,100.0,Monthly,Bank Transfer,0,0,99582.65
C103494,28.0,Male,Hyderabad,25,1788.0,47276.71,19.0,2,100.0,Monthly,Credit Card,0,0,91108.47
C103495,44.0,Male,Hyderabad,27,805.49,21095.1,20.0,5,86.0,Monthly,Debit Card,0,0,51369.68
C103496,33.0,Male,Bengaluru,52,2350.7,136700.4,28.0,5,78.0,Monthly,Credit Card,1,0,136881.09
C103497,18.0,Male,Kolkata,10,2868.56,28552.62,11.0,2,61.0,Annual,Debit Card,0,0,70902.21
C103498,62.0,Male,Bengaluru,50,2628.75,126522.02,14.0,4,68.0,Monthly,Wallet,1,0,144935.13
C103499,70.0,Male,Hyderabad,30,1831.12,52807.15,9.0,3,85.0,Annual,UPI,0,0,78195.66
C103500,38.0,Female,Delhi,1,1452.02,1296.73,1.0,3,63.0,Monthly,UPI,0,0,32159.66
C103501,47.0,Male,Bengaluru,54,1418.35,85665.27,4.0,4,61.0,Monthly,Credit Card,1,0,95136.7
C103502,30.0,Female,Bengaluru,4,1409.91,5926.21,15.0,3,77.0,Annual,UPI,1,0,40720.92
C103503,51.0,Female,Delhi,7,2253.98,17035.23,7.0,1,65.0,Quarterly,Debit Card,0,0,50277.46
C103504,21.0,Male,Bengaluru,30,548.3,16612.07,10.0,4,65.0,Monthly,UPI,0,0,25226.35
C103505,45.0,Male,Kolkata,65,1456.69,104615.65,23.0,3,100.0,Quarterly,Credit Card,0,0,113551.33
C103506,55.0,Female,Mumbai,29,1672.38,48301.17,15.0,2,63.0,Annual,Debit Card,1,0,75497.37
C103507,48.0,Female,Mumbai,25,1757.83,41685.77,23.0,1,51.0,Annual,Bank Transfer,0,0,81231.97
C103508,44.0,Male,Bengaluru,40,1425.16,60571.9,19.0,4,79.0,Quarterly,Credit Card,0,0,72440.9
C103509,22.0,Female,Pune,26,1894.47,51764.85,18.0,5,60.0,Quarterly,UPI,0,0,68953.4
C103510,42.0,Male,Mumbai,17,2199.9,40225.44,23.0,2,74.0,Monthly,Debit Card,0,0,80928.66
C103511,20.0,Male,Hyderabad,31,2255.2,76797.92,15.0,1,96.0,Annual,Credit Card,1,0,90302.98
C103512,50.0,Male,Hyderabad,61,1161.09,65641.99,17.0,4,90.0,Monthly,Credit Card,1,0,92001.26
C103513,21.0,Female,Chennai,8,647.6,4970.3,12.0,2,70.0,Monthly,Bank Transfer,0,0,39489.32
C103514,42.0,Female,Pune,69,3174.97,212797.58,15.0,2,58.0,Annual,Bank Transfer,0,0,218606.64
C103515,37.0,Female,Other,1,2412.99,2266.87,12.0,3,64.0,Monthly,Debit Card,1,0,49722.24
C103516,51.0,Male,Delhi,71,3026.06,235682.01,17.0,1,100.0,Monthly,UPI,0,0,220661.54
C103517,43.0,Female,Mumbai,46,2088.63,95596.17,6.0,1,100.0,Monthly,UPI,0,0,125773.78
C103518,22.0,Male,Bengaluru,20,2967.45,64902.14,13.0,5,67.0,Annual,Credit Card,0,0,98162.63
C103519,52.0,Female,Delhi,40,637.92,25535.25,20.0,0,85.0,Monthly,Debit Card,0,0,53348.97
C103520,45.0,Male,Other,2,932.05,1852.64,6.0,6,11.0,Monthly,UPI,0,0,15959.06
C103521,46.0,Male,Chennai,61,1389.94,81435.49,18.0,2,67.0,Monthly,UPI,1,0,108229.29
C103522,26.0,Male,Hyderabad,71,1884.63,133364.3,22.0,4,95.0,Monthly,Debit Card,0,0,146681.63
C103523,69.0,Female,Hyderabad,30,1606.36,45645.88,24.0,5,72.0,Annual,UPI,1,0,67040.51
C103524,55.0,Male,Bengaluru,30,2461.37,75056.91,6.0,0,69.0,Monthly,Wallet,0,0,97939.96
C103525,67.0,Male,Mumbai,45,2406.48,99410.22,10.0,1,70.0,Monthly,Credit Card,0,0,122456.11
C103526,23.0,Male,Other,24,2427.0,62634.86,21.0,2,97.0,Monthly,Credit Card,1,0,96358.75
C103527,36.0,Female,Bengaluru,56,2241.71,115838.44,11.0,4,32.0,Monthly,Bank Transfer,0,0,120789.42
C103528,61.0,Female,Bengaluru,61,2000.51,121880.9,9.0,2,51.0,Quarterly,Credit Card,1,0,127413.45
C103529,28.0,Female,Mumbai,13,2866.96,34960.27,15.0,4,82.0,Monthly,UPI,0,0,86259.06
C103530,19.0,Male,Kolkata,56,2959.83,180736.71,13.0,3,54.0,Monthly,UPI,1,0,167319.51
C103531,64.0,Male,Chennai,15,1642.64,23176.87,17.0,4,100.0,Monthly,Credit Card,0,0,82797.51
C103532,61.0,Female,Bengaluru,11,1482.57,17745.31,9.0,2,63.0,Annual,Credit Card,0,0,58071.44
C103533,61.0,Male,Hyderabad,12,2587.28,27748.13,12.0,2,31.0,Quarterly,UPI,0,0,65835.78
C103534,26.0,Male,Chennai,3,3020.8,8221.03,15.0,0,63.0,Monthly,Credit Card,0,0,77077.18
C103535,38.0,Male,Pune,24,3424.21,73125.53,13.0,2,100.0,Monthly,Bank Transfer,0,0,132594.92
C103536,41.0,Female,Bengaluru,9,2212.06,18272.42,9.0,6,34.0,Quarterly,UPI,1,0,62616.86
C103537,51.0,Male,Mumbai,46,1935.5,89741.48,5.0,2,71.0,Annual,Credit Card,1,0,102216.66
C103538,39.0,Female,Mumbai,71,1061.92,77035.87,18.0,0,83.0,Quarterly,Credit Card,1,0,96618.52
C103539,20.0,Female,Chennai,60,1751.65,95562.0,12.0,1,67.0,Monthly,Bank Transfer,0,0,130269.95
C103540,29.0,Male,Hyderabad,11,1457.17,14818.72,16.0,4,65.0,Annual,UPI,0,0,38826.31
C103541,45.0,Male,Kolkata,10,1096.52,11267.18,6.0,2,64.0,Monthly,UPI,0,0,35171.18
C103542,47.0,Other,Mumbai,3,2425.75,6738.15,21.0,3,73.0,Monthly,Credit Card,0,0,62914.48
C103543,43.0,Female,Delhi,19,1491.32,30098.98,14.0,5,88.0,Monthly,UPI,0,0,64333.17
C103544,65.0,Female,Delhi,2,1784.85,3926.71,11.0,2,71.0,Monthly,Bank Transfer,0,0,38250.33
C103545,38.0,Female,Other,17,2834.16,48535.64,26.0,1,100.0,Monthly,UPI,1,0,97989.41
C103546,45.0,Male,Chennai,2,692.99,1502.21,10.0,2,73.0,Annual,Credit Card,0,0,29950.06
C103547,43.0,Female,Chennai,53,1180.49,56322.97,18.0,2,78.0,Monthly,Wallet,1,0,86790.77
C103548,50.0,Male,Bengaluru,16,2572.94,45174.17,17.0,2,93.0,Annual,Credit Card,0,0,87693.57
C103549,38.0,Female,Bengaluru,10,1731.09,15490.44,11.0,4,38.0,Annual,UPI,0,0,28787.14
C103550,52.0,Female,Bengaluru,68,1459.9,87635.7,14.0,3,69.0,Quarterly,Wallet,0,0,112833.87
C103551,69.0,Female,Other,43,2012.42,94931.14,15.0,2,65.0,Quarterly,Bank Transfer,0,0,111630.96
C103552,51.0,Female,Kolkata,58,1944.54,103814.07,18.0,2,58.0,Annual,UPI,1,0,130234.63
C103553,58.0,Female,Bengaluru,60,516.49,33228.49,14.0,3,66.0,Monthly,Bank Transfer,1,0,44609.38
C103554,68.0,Male,Bengaluru,24,1396.59,33233.13,15.0,2,100.0,Monthly,UPI,0,0,69823.8
C103555,64.0,Female,Hyderabad,16,1069.84,16649.85,16.0,5,54.0,Annual,Credit Card,0,0,42300.23
C103556,35.0,Male,Kolkata,9,2362.24,23622.93,1.0,5,53.0,Monthly,Debit Card,0,0,54049.57
C103557,28.0,Female,Bengaluru,6,898.68,5711.39,12.0,0,72.0,Monthly,Debit Card,0,0,48208.9
C103558,44.0,Male,Mumbai,65,896.67,62589.01,16.0,0,78.0,Monthly,UPI,0,0,83800.64
C103559,65.0,Male,Kolkata,24,1231.09,27962.98,1.0,3,91.0,Annual,Credit Card,0,0,57894.02
C103560,39.0,Female,Chennai,10,2597.31,23317.68,16.0,3,93.0,Annual,Bank Transfer,0,0,78767.53
C103561,34.0,Other,Pune,27,1385.38,35571.22,29.0,2,79.0,Monthly,Credit Card,1,0,68872.43
C103562,22.0,Male,Chennai,3,2664.84,8699.73,21.0,4,98.0,Monthly,UPI,1,0,48871.51
C103563,61.0,Female,Delhi,38,2371.17,97201.13,9.0,0,85.0,Monthly,Bank Transfer,1,0,118758.48
C103564,28.0,Female,Chennai,17,2524.11,46222.06,31.0,2,100.0,Quarterly,UPI,0,0,101076.79
C103565,47.0,Female,Chennai,48,1573.61,75069.82,5.0,0,61.0,Monthly,Credit Card,1,0,101385.01
C103566,32.0,Male,Other,49,1000.94,46456.29,11.0,2,51.0,Monthly,Wallet,0,0,53806.03
C103567,44.0,Female,Mumbai,43,1593.44,62786.75,24.0,2,87.0,Quarterly,Credit Card,1,0,105507.15
C103568,52.0,Female,Bengaluru,7,399.0,2528.09,15.0,1,76.0,Quarterly,Credit Card,0,0,17691.22
C103569,50.0,Male,Bengaluru,68,2165.34,143953.73,20.0,1,59.0,Quarterly,Credit Card,0,0,157042.92
C103570,37.0,Female,Hyderabad,21,1972.85,43264.67,22.0,4,93.0,Monthly,UPI,0,0,76457.95
C103571,33.0,Female,Delhi,25,1366.21,37586.91,21.0,4,88.0,Quarterly,Bank Transfer,0,0,76932.53
C103572,51.0,Female,Bengaluru,61,1466.58,86639.04,5.0,2,59.0,Monthly,Credit Card,0,0,104003.14
C103573,19.0,Male,Pune,28,2523.19,76887.56,10.0,1,82.0,Monthly,Wallet,0,0,109617.5
C103574,52.0,Male,Bengaluru,52,2117.89,119240.4,13.0,0,76.0,Monthly,Credit Card,1,0,128686.36
C103575,57.0,Female,Bengaluru,13,2759.82,37852.58,18.0,3,67.0,Monthly,Debit Card,0,0,67936.52
C103576,45.0,Male,Pune,34,1231.43,42929.83,15.0,1,86.0,Monthly,UPI,1,0,72588.61
C103577,64.0,Female,Mumbai,67,972.77,58160.06,7.0,3,65.0,Monthly,Bank Transfer,1,0,69471.51
C103578,56.0,Male,Kolkata,4,2036.57,8112.44,11.0,3,82.0,Monthly,Debit Card,1,0,44089.4
C103579,23.0,Male,Mumbai,44,2316.23,109547.14,21.0,1,100.0,Monthly,Credit Card,1,1,128328.81
C103580,26.0,Male,Bengaluru,15,1995.33,32685.14,1.0,2,46.0,Monthly,Debit Card,0,0,49478.64
C103581,44.0,Female,Mumbai,8,1518.14,11951.9,14.0,3,92.0,Monthly,Debit Card,1,0,40004.67
C103582,18.0,Male,Hyderabad,5,3714.95,18894.69,22.0,4,77.0,Monthly,Credit Card,1,0,76172.65
C103583,25.0,Female,Bengaluru,66,3131.53,224804.73,23.0,3,76.0,Quarterly,Credit Card,0,0,216129.26
C103584,40.0,Female,Hyderabad,46,1317.74,60155.25,2.0,3,86.0,Monthly,Credit Card,0,0,81374.57
C103585,20.0,Female,Delhi,65,1408.77,93812.73,10.0,4,78.0,Quarterly,UPI,0,0,104069.92
C103586,21.0,Female,Hyderabad,66,1305.58,93377.99,28.0,2,63.0,Quarterly,Debit Card,0,0,107045.34
C103587,42.0,Male,Bengaluru,26,2956.74,82246.38,4.0,2,75.0,Annual,Credit Card,0,0,116787.48
C103588,64.0,Male,Bengaluru,31,2390.23,66767.54,17.0,1,79.0,Monthly,Credit Card,1,0,109922.36
C103589,55.0,Male,Hyderabad,51,2282.56,104614.39,21.0,3,86.0,Monthly,Debit Card,1,0,142391.67
C103590,32.0,Female,Hyderabad,41,1697.3,68180.69,20.0,5,74.0,Quarterly,UPI,1,0,84969.69
C103591,38.0,Female,Bengaluru,51,2370.79,131143.33,19.0,2,70.0,Monthly,Credit Card,1,0,132028.67
C103592,52.0,Male,Bengaluru,19,2036.99,42627.37,15.0,3,67.0,Monthly,Credit Card,1,0,68169.34
C103593,70.0,Male,Hyderabad,3,1935.95,6433.32,15.0,4,27.0,Annual,Credit Card,1,0,35130.11
C103594,70.0,Female,Hyderabad,38,2297.84,97560.79,7.0,3,84.0,Annual,UPI,1,0,121876.81
C103595,63.0,Male,Pune,70,2838.32,198942.93,15.0,1,61.0,Quarterly,Debit Card,0,0,200758.87
C103596,69.0,Female,Delhi,45,2318.12,114778.81,22.0,2,71.0,Monthly,Debit Card,0,0,130460.92
C103597,31.0,Male,Mumbai,71,1416.12,106023.88,4.0,0,64.0,Annual,Credit Card,1,0,99460.65
C103598,53.0,Female,Kolkata,41,1247.86,50484.04,12.0,3,100.0,Monthly,UPI,0,0,82483.42
C103599,29.0,Male,Hyderabad,25,2543.34,70125.99,10.0,4,31.0,Annual,Credit Card,0,0,79127.69
C103600,34.0,Male,Bengaluru,50,1367.79,66859.23,23.0,1,63.0,Quarterly,Credit Card,0,0,85359.9
C103601,56.0,Male,Pune,1,2036.87,1935.75,11.0,2,76.0,Monthly,Bank Transfer,0,0,34223.74
C103602,26.0,Male,Delhi,54,1406.41,79348.01,32.0,2,23.0,Monthly,UPI,0,1,95795.19
C103603,52.0,Male,Other,13,2332.24,27585.31,26.0,3,78.0,Quarterly,UPI,0,0,73878.67
C103604,30.0,Male,Other,40,1366.87,60487.54,9.0,3,59.0,Annual,Bank Transfer,1,0,70274.79
C103605,32.0,Female,Hyderabad,21,2250.18,50302.31,7.0,3,57.0,Annual,Wallet,1,0,75074.55
C103606,35.0,Male,Other,41,1762.54,73371.45,24.0,5,77.0,Annual,UPI,0,0,107861.43
C103607,68.0,Female,Other,61,1858.615,97192.0,13.0,1,80.0,Monthly,Credit Card,0,0,119131.69
C103608,50.0,Male,Bengaluru,33,1881.04,58123.18,7.0,4,41.0,Monthly,UPI,0,0,84790.66
C103609,23.0,Female,Other,29,2533.89,73549.86,7.0,1,79.0,Quarterly,UPI,0,0,113348.64
C103610,44.0,Female,Hyderabad,55,1747.23,96111.68,23.0,2,71.0,Monthly,Credit Card,0,0,117043.69
C103611,40.0,Male,Delhi,32,2689.67,85497.65,17.0,3,100.0,Annual,Debit Card,1,0,122410.81
C103612,44.0,Male,Bengaluru,11,1472.64,15556.53,7.0,1,87.0,Annual,Debit Card,0,0,49487.35
C103613,51.0,Male,Hyderabad,52,980.97,53602.17,15.0,1,68.0,Annual,Credit Card,1,0,66178.52
C103614,63.0,Male,Mumbai,36,2100.68,83620.68,14.0,2,91.0,Monthly,Credit Card,0,0,105658.65
C103615,55.0,Female,Bengaluru,31,1600.24,50128.12,21.0,3,49.0,Monthly,UPI,0,0,83547.77
C103616,31.0,Female,Delhi,14,1119.13,16900.02,9.0,1,43.0,Monthly,Bank Transfer,0,0,47747.62
C103617,53.0,Female,Mumbai,63,1130.3,73212.12,9.0,4,99.0,Monthly,Credit Card,0,0,86355.05
C103618,70.0,Female,Chennai,52,1218.78,56242.02,11.0,2,60.0,Quarterly,Credit Card,0,0,82176.92
C103619,25.0,Female,Hyderabad,54,2002.77,98806.81,18.0,2,96.0,Monthly,Bank Transfer,0,0,125550.51
C103620,52.0,Female,Mumbai,50,1817.21,99120.31,6.0,3,59.0,Annual,Credit Card,0,0,107651.86
C103621,36.0,Female,Pune,54,867.43,46570.63,21.0,8,90.0,Monthly,Debit Card,1,0,64056.27
C103622,47.0,Female,Mumbai,35,1676.03,62536.21,12.0,3,60.0,Annual,Debit Card,0,0,81118.54
C103623,31.0,Male,Mumbai,30,1310.89,42489.05,23.0,4,50.0,Quarterly,Credit Card,1,0,63295.94
C103624,37.0,Male,Mumbai,55,1356.3,75374.26,7.0,3,84.0,Annual,UPI,0,0,83336.97
C103625,66.0,Female,Chennai,1,2429.95,2139.54,13.0,2,100.0,Monthly,Bank Transfer,1,0,52983.34
C103626,42.0,Male,Chennai,15,1739.8,27326.69,11.0,2,36.0,Monthly,UPI,1,0,50759.02
C103627,57.0,Male,Other,25,3526.64,97963.73,30.0,0,87.0,Annual,Wallet,0,0,137263.08
C103628,41.0,Male,Pune,20,2294.86,46307.87,16.0,3,70.0,Monthly,Credit Card,1,0,79503.94
C103629,31.0,Male,Chennai,71,2328.22,178627.16,8.0,2,87.0,Monthly,Bank Transfer,0,0,172281.84
C103630,43.0,Female,Chennai,16,2148.41,32993.82,2.0,2,75.0,Annual,Credit Card,1,0,50641.31
C103631,55.0,Male,Mumbai,52,2711.83,128644.41,17.0,0,80.0,Monthly,Credit Card,1,0,165590.37
C103632,40.0,Female,Delhi,65,2611.77,160738.4,10.0,2,40.0,Monthly,Credit Card,1,0,173872.51
C103633,39.0,Female,Chennai,70,1947.52,134268.55,8.0,2,81.0,Monthly,Bank Transfer,1,0,149331.34
C103634,65.0,Male,Delhi,1,399.0,430.11,19.0,3,70.0,Monthly,UPI,0,0,31999.72
C103635,36.0,Female,Bengaluru,16,480.38,7917.43,14.0,4,55.0,Quarterly,Debit Card,0,0,31319.91
C103636,63.0,Female,Chennai,27,1325.28,33132.85,16.0,1,81.0,Monthly,Debit Card,0,0,56009.7
C103637,68.0,Male,Kolkata,18,1950.11,32947.95,15.0,1,65.0,Quarterly,Bank Transfer,0,0,72925.99
C103638,20.0,Male,Bengaluru,44,874.69,41132.62,14.0,4,97.0,Monthly,Bank Transfer,1,0,44838.57
C103639,59.0,Male,Other,50,2325.29,120856.39,23.0,3,76.0,Annual,UPI,1,0,124531.67
C103640,36.0,Female,Hyderabad,14,1870.33,24210.54,2.0,0,81.0,Monthly,Debit Card,1,0,71686.74
C103641,26.0,Female,Bengaluru,52,1964.54,105247.03,4.0,1,85.0,Annual,Credit Card,1,0,118038.89
C103642,45.0,Male,Chennai,50,2087.17,114916.83,11.0,1,79.0,Annual,Credit Card,0,0,127117.36
C103643,37.0,Male,Pune,17,399.0,6891.15,17.0,1,37.0,Quarterly,Credit Card,1,0,17387.66
C103644,62.0,Male,Delhi,3,2834.1,7658.11,19.0,3,68.0,Monthly,Credit Card,0,0,57187.25
C103645,24.0,Female,Hyderabad,62,1561.96,102304.16,5.0,2,40.0,Monthly,Credit Card,1,0,102342.36
C103646,31.0,Male,Bengaluru,21,1913.03,44370.5,24.0,2,49.0,Monthly,UPI,0,0,69267.46
C103647,26.0,Female,Mumbai,33,1869.19,62535.97,30.0,4,21.0,Quarterly,Wallet,0,0,82817.46
C103648,36.0,Male,Bengaluru,1,1404.56,1426.37,18.0,2,55.0,Monthly,Bank Transfer,0,1,36160.62
C103649,64.0,Female,Chennai,70,2113.07,162410.02,11.0,2,68.0,Annual,UPI,0,0,149267.44
C103650,69.0,Female,Mumbai,56,1397.21,74144.58,21.0,1,80.0,Annual,Credit Card,0,0,97902.5
C103651,31.0,Female,Mumbai,4,1739.42,6700.19,23.0,4,83.0,Monthly,Credit Card,0,0,55822.06
C103652,55.0,Male,Bengaluru,22,1845.57,39126.36,12.0,1,84.0,Monthly,Bank Transfer,1,0,67134.93
C103653,70.0,Female,Hyderabad,58,1859.17,102656.41,11.0,5,68.0,Annual,Debit Card,0,0,119264.07
C103654,53.0,Male,Chennai,44,1838.98,73858.21,14.0,2,57.0,Monthly,Debit Card,1,0,102425.27
C103655,57.0,Male,Hyderabad,57,2214.59,129768.36,21.0,1,78.0,Monthly,Credit Card,0,0,144578.01
C103656,34.0,Female,Mumbai,40,2550.02,101120.58,22.0,1,46.0,Quarterly,Credit Card,0,0,125035.1
C103657,47.0,Female,Pune,56,3112.65,168075.59,13.0,3,65.0,Monthly,Credit Card,0,0,183255.45
C103658,26.0,Female,Hyderabad,63,2471.13,166655.29,21.0,2,100.0,Annual,Debit Card,0,0,157860.74
C103659,50.0,Male,Hyderabad,39,1857.55,79264.41,11.0,2,44.0,Annual,UPI,1,0,92223.98
C103660,69.0,Female,Hyderabad,7,1062.46,7067.78,29.0,2,74.0,Monthly,Debit Card,1,0,46808.88
C103661,42.0,Female,Pune,14,1468.66,19162.69,8.0,3,62.0,Monthly,Debit Card,0,0,44171.05
C103662,31.0,Female,Hyderabad,18,1166.65,20233.14,20.0,0,95.0,Annual,Credit Card,0,0,55880.79
C103663,28.0,Female,Other,55,1613.09,91706.67,14.0,4,66.0,Quarterly,Credit Card,0,0,97662.97
C103664,70.0,Female,Bengaluru,56,1992.75,101643.53,13.0,3,100.0,Monthly,Debit Card,1,0,129696.23
C103665,52.0,Male,Bengaluru,57,2040.49,108872.24,13.0,0,82.0,Monthly,Credit Card,0,0,135227.43
C103666,58.0,Female,Hyderabad,58,1925.59,100809.01,10.0,0,82.0,Monthly,Debit Card,1,0,122291.07
C103667,31.0,Female,Mumbai,25,2183.49,59334.3,10.0,0,62.0,Annual,Bank Transfer,1,0,77336.46
C103668,47.0,Other,Mumbai,70,2000.14,149627.89,8.0,4,24.0,Monthly,Debit Card,0,0,135336.74
C103669,58.0,Male,Mumbai,3,2598.4,7494.49,14.0,7,90.0,Monthly,Credit Card,1,0,66175.37
C103670,21.0,Male,Bengaluru,21,1448.5,32904.07,16.0,2,50.0,Annual,Bank Transfer,0,0,66971.9
C103671,21.0,Male,Bengaluru,32,1351.91,38492.83,12.0,1,100.0,Monthly,UPI,1,0,91177.77
C103672,45.0,Female,Bengaluru,2,2809.17,5623.62,1.0,1,83.0,Monthly,Wallet,0,0,44089.97
C103673,25.0,Female,Chennai,20,1611.39,32063.23,16.0,5,56.0,Annual,Debit Card,0,0,64351.99
C103674,19.0,Male,Bengaluru,18,2675.49,45201.75,14.0,6,79.0,Monthly,Credit Card,0,0,91710.82
C103675,58.0,Female,Delhi,54,2889.78,155178.34,21.0,3,60.0,Annual,Debit Card,0,0,173743.52
C103676,63.0,Female,Bengaluru,36,1424.04,49184.2,13.0,1,100.0,Monthly,Bank Transfer,1,0,82359.1
C103677,39.0,Female,Bengaluru,61,1963.57,119480.84,17.0,3,100.0,Monthly,Credit Card,0,0,137684.96
C103678,58.0,Male,Chennai,60,2183.8,119223.86,23.0,2,50.0,Monthly,Credit Card,1,0,132830.95
C103679,33.0,Female,Hyderabad,36,3288.14,116828.85,29.0,2,63.0,Annual,UPI,0,0,149926.16
C103680,46.0,Male,Mumbai,44,1768.18,81820.94,15.0,0,94.0,Monthly,UPI,0,0,114159.12
C103681,66.0,Female,Bengaluru,68,1742.93,130261.34,5.0,2,78.0,Monthly,Wallet,0,0,128568.3
C103682,65.0,Male,Hyderabad,66,2294.56,158095.7,24.0,1,56.0,Monthly,Wallet,1,0,162905.41
C103683,47.0,Male,Kolkata,44,1324.48,63321.24,1.0,3,55.0,Monthly,UPI,0,0,67540.83
C103684,29.0,Female,Bengaluru,29,1806.04,47083.35,8.0,6,69.0,Quarterly,Debit Card,1,0,71445.3
C103685,52.0,Male,Chennai,48,399.0,19702.51,9.0,3,61.0,Quarterly,Debit Card,1,0,22872.61
C103686,28.0,Male,Pune,36,3564.98,115462.19,21.0,4,65.0,Annual,Debit Card,0,0,159593.16
C103687,63.0,Female,Hyderabad,8,3096.96,24004.27,13.0,1,38.0,Annual,Debit Card,0,0,66407.24
C103688,67.0,Female,Pune,5,1791.57,9784.14,6.0,2,100.0,Quarterly,Debit Card,0,0,63070.6
C103689,38.0,Female,Bengaluru,47,1200.42,57121.12,33.0,0,95.0,Quarterly,Credit Card,0,0,93217.31
C103690,38.0,Male,Mumbai,43,1167.95,50773.42,12.0,1,100.0,Monthly,Debit Card,0,0,82290.89
C103691,22.0,Male,Delhi,10,2429.02,22944.53,8.0,0,53.0,Annual,Wallet,1,0,71027.1
C103692,65.0,Male,Kolkata,10,1211.11,11567.18,6.0,4,61.0,Monthly,Bank Transfer,0,0,39087.49
C103693,37.0,Male,Mumbai,6,1016.09,6670.87,7.0,0,77.0,Monthly,UPI,0,0,39856.97
C103694,54.0,Female,Chennai,16,913.08,13879.18,15.0,5,49.0,Quarterly,Credit Card,1,0,39062.83
C103695,20.0,Male,Mumbai,60,2122.74,118166.2,12.0,2,94.0,Annual,Bank Transfer,0,0,152028.38
C103696,61.0,Male,Hyderabad,26,1960.72,48211.01,11.0,1,52.0,Monthly,Debit Card,0,0,63350.65
C103697,50.0,Male,Delhi,21,3318.4,67093.88,16.0,2,83.0,Annual,UPI,1,0,116705.49
C103698,70.0,Male,Hyderabad,58,1373.18,83654.76,12.0,1,71.0,Monthly,Bank Transfer,1,0,92134.35
C103699,26.0,Female,Mumbai,41,2165.24,97354.65,17.0,1,76.0,Monthly,Debit Card,0,0,102741.54
C103700,44.0,Female,Delhi,30,1347.6,38905.44,13.0,5,91.0,Monthly,Bank Transfer,0,0,71573.04
C103701,21.0,Male,Kolkata,5,1490.75,6661.36,13.0,5,36.0,Annual,Credit Card,0,0,38515.33
C103702,52.0,Male,Chennai,10,2094.7,20880.09,9.0,2,39.0,Monthly,Bank Transfer,0,0,48247.03
C103703,34.0,Male,Pune,11,2465.59,30197.35,14.0,0,75.0,Monthly,Debit Card,1,0,67180.15
C103704,51.0,Female,Hyderabad,63,1691.93,94459.53,18.0,1,79.0,Monthly,Debit Card,0,0,131618.85
C103705,41.0,Female,Hyderabad,7,960.07,6712.71,22.0,3,63.0,Monthly,UPI,1,0,39374.23
C103706,49.0,Male,Mumbai,59,2309.08,147677.08,15.0,0,69.0,Monthly,Debit Card,0,0,138124.93
C103707,18.0,Male,Mumbai,12,2147.28,28189.53,1.0,4,5.0,Monthly,Debit Card,1,0,45145.31
C103708,25.0,Female,Delhi,64,2206.43,145844.12,15.0,1,98.0,Monthly,UPI,0,0,178488.73
C103709,62.0,Female,Pune,41,2961.8,107332.41,9.0,2,92.0,Monthly,UPI,1,0,151766.84
C103710,40.0,Female,Bengaluru,60,1235.87,70559.18,15.0,3,76.0,Monthly,Wallet,1,0,104931.66
C103711,64.0,Male,Delhi,72,2291.88,155437.6,18.0,0,57.0,Monthly,Debit Card,1,0,168793.62
C103712,57.0,Male,Hyderabad,28,2215.19,64292.08,21.0,3,80.0,Monthly,Debit Card,1,0,94178.25
C103713,29.0,Male,Hyderabad,63,1791.12,125443.8,34.0,3,91.0,Monthly,Bank Transfer,0,0,142442.48
C103714,29.0,Female,Hyderabad,3,1853.41,5723.05,15.0,1,52.0,Monthly,Debit Card,0,0,53506.66
C103715,63.0,Female,Pune,32,2336.42,68885.31,19.0,0,100.0,Annual,Credit Card,0,0,121203.1
C103716,64.0,Male,Mumbai,21,2207.24,46071.58,16.0,1,100.0,Monthly,UPI,1,0,84629.46
C103717,32.0,Male,Bengaluru,55,1286.71,63719.1,22.0,2,91.0,Monthly,UPI,1,0,94305.27
C103718,58.0,Male,Mumbai,18,2428.76,40483.8,22.0,1,43.0,Quarterly,UPI,1,0,83680.41
C103719,36.0,Male,Bengaluru,53,2164.15,111413.67,24.0,6,79.0,Monthly,Credit Card,1,0,134477.76
C103720,43.0,Male,Pune,61,1661.03,102141.84,7.0,1,71.0,Annual,Wallet,0,0,116112.02
C103721,69.0,Female,Mumbai,50,2077.64,94213.02,13.0,2,100.0,Monthly,UPI,1,0,134429.64
C103722,46.0,Male,Hyderabad,8,2117.8,15625.88,15.0,0,81.0,Monthly,UPI,1,0,57054.62
C103723,39.0,Male,Other,12,2094.01,25245.1,14.0,0,36.0,Monthly,Bank Transfer,0,0,63588.19
C103724,57.0,Female,Hyderabad,51,2038.65,112310.76,18.0,2,63.0,Annual,Credit Card,0,0,118385.44
C103725,38.0,Male,Delhi,66,1198.27,84463.93,16.0,4,69.0,Monthly,UPI,0,0,96290.85
C103726,68.0,Male,Chennai,41,1511.95,60280.26,13.0,4,82.0,Annual,Bank Transfer,1,0,82790.13
C103727,55.0,Male,Bengaluru,22,2884.72,57259.64,2.0,3,63.0,Quarterly,Credit Card,1,0,97367.39
C103728,37.0,Female,Delhi,9,2098.29,20231.14,11.0,3,61.0,Annual,UPI,1,0,54995.87
C103729,46.0,Female,Hyderabad,11,2445.0,26737.84,18.0,2,40.0,Quarterly,Wallet,0,0,69815.94
C103730,68.0,Male,Pune,13,1854.91,22880.66,16.0,3,58.0,Quarterly,UPI,1,0,54522.52
C103731,21.0,Female,Bengaluru,56,1118.26,62959.9,13.0,4,64.0,Quarterly,Debit Card,0,0,83880.02
C103732,24.0,Male,Bengaluru,28,2419.1,69034.2,14.0,2,68.0,Annual,Debit Card,0,0,99284.27
C103733,45.0,Female,Delhi,64,1863.01,113554.61,29.0,0,100.0,Monthly,UPI,0,0,143846.26
C103734,45.0,Female,Hyderabad,64,2399.98,158020.47,16.0,2,88.0,Quarterly,UPI,1,0,166660.57
C103735,21.0,Female,Chennai,70,1680.91,103908.89,11.0,2,50.0,Quarterly,Bank Transfer,1,0,123415.04
C103736,39.0,Male,Kolkata,55,1469.15,77014.16,6.0,0,79.0,Monthly,Debit Card,1,0,103556.83
C103737,29.0,Other,Delhi,37,801.19,32846.14,23.0,1,50.0,Annual,Debit Card,0,0,48331.65
C103738,62.0,Female,Chennai,33,2282.32,80979.01,14.0,0,47.0,Monthly,UPI,1,0,110937.3
C103739,20.0,Female,Delhi,25,2019.29,44566.87,9.0,1,53.0,Monthly,UPI,1,0,82156.99
C103740,39.0,Female,Other,23,1437.18,33668.99,2.0,2,62.0,Quarterly,UPI,0,0,51032.32
C103741,61.0,Male,Hyderabad,60,2088.66,134315.23,13.0,2,87.0,Quarterly,Bank Transfer,0,0,141444.31
C103742,19.0,Male,Mumbai,56,1144.82,60748.14,30.0,0,93.0,Monthly,Credit Card,1,0,94897.2
C103743,41.0,Male,Bengaluru,63,3133.88,200737.25,23.0,5,91.0,Quarterly,Debit Card,0,0,213367.69
C103744,51.0,Male,Pune,8,876.46,7465.4,11.0,5,94.0,Annual,UPI,0,0,36553.02
C103745,44.0,Female,Delhi,17,1494.3,23832.18,18.0,0,94.0,Monthly,Wallet,1,0,64084.2
C103746,58.0,Female,Pune,57,1598.6,97144.12,4.0,1,54.0,Quarterly,Bank Transfer,0,0,103940.9
C103747,18.0,Female,Other,62,1839.54,120191.15,14.0,3,57.0,Annual,Debit Card,1,0,109318.39
C103748,25.0,Male,Bengaluru,11,1745.15,17729.15,16.0,0,88.0,Monthly,UPI,1,0,57103.0
C103749,40.0,Male,Hyderabad,67,1782.18,116004.3,5.0,2,90.0,Quarterly,UPI,0,0,142022.74
C103750,55.0,Female,Bengaluru,40,1899.44,81071.8,8.0,0,80.0,Monthly,UPI,1,0,92811.75
C103751,23.0,Male,Chennai,40,1847.97,76316.89,11.0,2,91.0,Annual,Credit Card,1,0,108069.83
C103752,39.0,Male,Delhi,56,1532.47,86048.59,18.0,1,83.0,Annual,Debit Card,0,0,103043.4
C103753,42.0,Other,Pune,53,1963.06,101287.19,17.0,4,100.0,Monthly,Credit Card,1,0,126561.01
C103754,35.0,Female,Bengaluru,28,3087.98,83008.95,9.0,2,56.0,Monthly,UPI,0,0,104014.96
C103755,34.0,Male,Chennai,42,990.98,41227.85,19.0,4,97.0,Quarterly,Debit Card,0,0,65766.16
C103756,29.0,Female,Pune,46,1520.08,68520.8,15.0,2,70.0,Quarterly,UPI,0,0,93089.97
C103757,23.0,Female,Bengaluru,18,2407.66,40438.53,28.0,2,55.0,Annual,Debit Card,0,0,87755.75
C103758,43.0,Female,Hyderabad,23,2677.42,66045.95,6.0,3,60.0,Monthly,Credit Card,0,0,85450.95
C103759,44.0,Female,Mumbai,26,3953.88,114556.95,26.0,1,94.0,Monthly,Debit Card,0,0,143085.12
C103760,25.0,Male,Chennai,29,2562.53,74235.34,12.0,4,100.0,Monthly,Credit Card,0,0,119590.24
C103761,36.0,Female,Other,52,1313.09,76092.56,26.0,6,72.0,Monthly,Credit Card,1,0,90613.02
C103762,59.0,Male,Bengaluru,46,2372.24,105599.09,19.0,2,67.0,Monthly,Debit Card,1,0,133801.43
C103763,18.0,Male,Pune,1,2298.69,2210.82,6.0,5,81.0,Annual,Wallet,1,0,30970.49
C103764,46.0,Female,Mumbai,63,1172.16,80978.24,16.0,1,36.0,Monthly,Wallet,0,0,77925.35
C103765,62.0,Female,Hyderabad,16,1515.78,26948.14,24.0,4,82.0,Quarterly,Bank Transfer,1,0,58273.22
C103766,66.0,Female,Hyderabad,25,618.32,14612.26,9.0,4,28.0,Monthly,Credit Card,1,0,20697.44
C103767,52.0,Female,Hyderabad,62,680.89,46543.82,23.0,1,48.0,Quarterly,UPI,1,0,59602.28
C103768,57.0,Female,Hyderabad,16,1858.615,23375.94,23.0,3,53.0,Annual,Credit Card,1,0,67424.94
C103769,31.0,Female,Bengaluru,69,1887.83,135629.5,26.0,0,89.0,Monthly,Credit Card,0,0,161475.62
C103770,52.0,Male,Mumbai,70,2472.79,189056.94,18.0,2,66.0,Monthly,Bank Transfer,0,0,184416.2
C103771,65.0,Male,Mumbai,34,1586.08,52742.94,9.0,1,47.0,Monthly,UPI,0,0,68366.17
C103772,62.0,Male,Mumbai,53,1472.11,71500.34,19.0,2,92.0,Annual,Debit Card,0,0,92683.55
C103773,37.0,Male,Hyderabad,23,3320.98,83658.95,24.0,1,60.0,Annual,UPI,0,0,117968.23
C103774,66.0,Male,Mumbai,43,1074.72,49244.58,20.0,5,83.0,Monthly,Credit Card,0,0,73248.02
C103775,30.0,Female,Chennai,44,1175.07,46267.18,1.0,2,65.0,Quarterly,Debit Card,0,0,63034.62
C103776,55.0,Female,Kolkata,32,1508.58,47488.96,16.0,1,65.0,Monthly,UPI,0,0,67067.25
C103777,66.0,Female,Kolkata,23,2815.03,68241.98,19.0,3,74.0,Quarterly,Credit Card,0,0,109668.14
C103778,63.0,Female,Pune,20,2519.5,50196.51,25.0,2,97.0,Annual,UPI,0,0,100298.75
C103779,66.0,Female,Delhi,19,1419.0,29656.6,3.0,6,34.0,Monthly,Debit Card,0,0,36163.58
C103780,25.0,Male,Hyderabad,72,1680.97,107614.94,8.0,3,100.0,Quarterly,Credit Card,0,0,142776.28
C103781,60.0,Male,Hyderabad,29,1735.95,52936.49,14.0,1,63.0,Monthly,Bank Transfer,1,0,74125.21
C103782,37.0,Male,Pune,18,668.45,13290.29,33.0,1,93.0,Quarterly,Debit Card,0,0,37231.79
C103783,50.0,Female,Chennai,69,2046.3,132637.13,20.0,5,47.0,Monthly,UPI,1,0,137585.58
C103784,43.0,Male,Chennai,12,1800.41,22882.24,10.0,4,100.0,Quarterly,Credit Card,1,0,60105.72
C103785,56.0,Female,Pune,10,1671.24,16180.7,14.0,3,46.0,Monthly,Debit Card,0,0,50302.82
C103786,38.0,Female,Delhi,37,1986.2,70592.5,20.0,0,78.0,Monthly,Credit Card,0,0,99444.93
C103787,70.0,Male,Hyderabad,55,2309.7,127716.32,16.0,3,96.0,Quarterly,UPI,0,0,145833.95
C103788,66.0,Male,Hyderabad,4,1774.84,7316.86,16.0,4,92.0,Monthly,Debit Card,0,0,55635.98
C103789,59.0,Female,Hyderabad,63,1699.98,111802.19,11.0,3,89.0,Monthly,Debit Card,0,0,123382.19
C103790,60.0,Male,Delhi,12,2310.68,27599.63,12.0,1,66.0,Monthly,Bank Transfer,0,0,69919.24
C103791,58.0,Female,Mumbai,18,1042.08,20679.89,17.0,3,100.0,Monthly,UPI,0,0,45126.06
C103792,26.0,Female,Other,8,969.46,7235.91,20.0,6,63.0,Quarterly,Debit Card,0,0,27217.63
C103793,41.0,Female,Delhi,32,1940.65,67247.74,2.0,3,65.0,Annual,Credit Card,1,0,89301.23
C103794,54.0,Female,Hyderabad,49,2288.2,121230.91,13.0,1,63.0,Monthly,Wallet,0,0,135678.37
C103795,66.0,Female,Hyderabad,63,1750.53,100460.46,23.0,1,65.0,Quarterly,Credit Card,0,0,127314.83
C103796,58.0,Female,Mumbai,59,2459.16,140503.69,30.0,3,100.0,Quarterly,Credit Card,0,0,169952.06
C103797,34.0,Male,Kolkata,67,1641.23,111482.2,21.0,5,100.0,Monthly,Credit Card,0,0,130022.29
C103798,41.0,Female,Bengaluru,39,2850.15,117469.36,19.0,4,81.0,Monthly,Wallet,1,0,136209.31
C103799,38.0,Male,Pune,50,1949.9,106797.38,23.0,3,99.0,Annual,Credit Card,0,0,129420.65
C103800,68.0,Male,Bengaluru,71,2243.64,177247.79,17.0,2,54.0,Monthly,UPI,0,0,166562.53
C103801,56.0,Male,Bengaluru,26,2286.35,56359.16,6.0,4,49.0,Monthly,UPI,0,0,88603.55
C103802,58.0,Female,Kolkata,23,2091.71,50353.04,12.0,2,20.0,Quarterly,Bank Transfer,0,0,77376.02
C103803,56.0,Male,Hyderabad,63,1889.29,126691.14,5.0,2,9.0,Quarterly,UPI,1,0,112526.76
C103804,30.0,Male,Delhi,66,1919.01,124004.07,22.0,0,100.0,Annual,Debit Card,0,0,153231.26
C103805,28.0,Other,Hyderabad,39,2334.66,85396.02,1.0,4,62.0,Annual,Wallet,1,0,106042.87
C103806,63.0,Female,Pune,66,2489.15,173893.68,17.0,4,93.0,Monthly,Credit Card,0,0,175540.82
C103807,36.0,Female,Pune,46,2614.07,117517.83,18.0,1,81.0,Quarterly,Bank Transfer,1,0,142781.4
C103808,28.0,Female,Kolkata,15,1631.57,22653.02,15.0,2,93.0,Annual,Credit Card,0,0,68883.99
C103809,30.0,Female,Hyderabad,16,1858.615,17919.61,1.0,1,79.0,Monthly,Bank Transfer,0,0,50462.37
C103810,63.0,Female,Hyderabad,72,1087.39,76011.08,4.0,4,28.0,Quarterly,Credit Card,0,0,67940.58
C103811,44.0,Male,Mumbai,16,999.24,14825.89,15.0,0,97.0,Monthly,Debit Card,1,0,46687.48
C103812,18.0,Female,Bengaluru,39,2078.06,83940.95,21.0,2,90.0,Monthly,Credit Card,0,0,114414.36
C103813,57.0,Female,Mumbai,11,2182.88,25539.91,14.0,6,23.0,Quarterly,Credit Card,0,0,45907.5
C103814,61.0,Male,Mumbai,36,2869.67,95753.78,24.0,3,91.0,Annual,UPI,0,0,144371.68
C103815,36.0,Male,Hyderabad,18,1835.05,36717.15,19.0,4,37.0,Monthly,UPI,0,0,52193.38
C103816,29.0,Male,Delhi,23,1578.36,33620.96,15.0,4,100.0,Monthly,Bank Transfer,0,0,75057.96
C103817,25.0,Female,Pune,49,3279.74,153353.13,15.0,1,89.0,Annual,Credit Card,0,0,191709.54
C103818,25.0,Male,Other,42,1603.08,65653.05,11.0,3,73.0,Monthly,Credit Card,0,0,84369.47
C103819,70.0,Female,Chennai,44,935.41,43306.19,31.0,6,90.0,Quarterly,Wallet,0,0,78013.77
C103820,62.0,Female,Bengaluru,1,1367.11,1479.09,20.0,3,45.0,Monthly,UPI,1,0,47458.98
C103821,29.0,Female,Hyderabad,7,1203.21,8562.51,18.0,4,88.0,Monthly,UPI,0,0,41874.83
C103822,65.0,Female,Hyderabad,48,2423.5,104673.06,13.0,1,65.0,Monthly,Debit Card,0,0,136242.51
C103823,50.0,Male,Bengaluru,16,1282.91,22520.32,16.0,6,55.0,Monthly,Credit Card,1,0,42300.29
C103824,62.0,Male,Other,48,2749.28,124649.78,1.0,2,48.0,Monthly,Debit Card,1,0,140685.24
C103825,43.0,Male,Hyderabad,43,1825.22,81341.08,15.0,1,43.0,Monthly,Debit Card,0,0,101006.65
C103826,56.0,Female,Bengaluru,51,1980.44,108911.35,15.0,0,100.0,Monthly,UPI,1,0,138079.04
C103827,45.0,Male,Hyderabad,66,2409.83,172928.41,1.0,1,82.0,Monthly,UPI,1,0,158844.87
C103828,22.0,Male,Bengaluru,31,2494.58,71465.99,25.0,2,100.0,Monthly,Credit Card,1,0,116899.33
C103829,25.0,Male,Hyderabad,39,1869.34,64211.37,17.0,3,47.0,Annual,Bank Transfer,1,0,80824.42
C103830,42.0,Female,Mumbai,9,2521.96,25118.78,16.0,6,28.0,Monthly,Wallet,1,0,64052.72
C103831,44.0,Male,Chennai,41,1936.6,76480.62,10.0,2,64.0,Monthly,Bank Transfer,0,0,103928.11
C103832,63.0,Female,Hyderabad,63,2097.54,134872.9,24.0,3,74.0,Monthly,Credit Card,0,0,145015.2
C103833,40.0,Male,Hyderabad,14,738.6,11093.28,18.0,1,80.0,Monthly,Credit Card,0,0,41626.74
C103834,47.0,Female,Delhi,58,2490.29,137615.14,7.0,2,100.0,Annual,UPI,0,0,163476.87
C103835,62.0,Male,Chennai,64,1160.17,82970.52,5.0,4,46.0,Monthly,Debit Card,1,0,61776.85
C103836,64.0,Female,Hyderabad,28,2684.17,67422.64,7.0,4,30.0,Quarterly,UPI,1,0,93755.86
C103837,40.0,Female,Kolkata,4,3171.91,12314.08,12.0,3,45.0,Quarterly,Credit Card,1,0,59371.29
C103838,66.0,Male,Chennai,34,939.26,29873.23,10.0,2,74.0,Monthly,UPI,0,0,56894.46
C103839,64.0,Female,Mumbai,4,2760.99,10110.23,10.0,5,100.0,Monthly,Debit Card,1,0,58343.27
C103840,37.0,Female,Kolkata,70,2143.62,144610.57,18.0,1,90.0,Quarterly,Credit Card,0,0,173354.19
C103841,35.0,Female,Chennai,58,1454.57,82144.36,11.0,1,39.0,Monthly,UPI,0,0,92713.29
C103842,35.0,Female,Pune,4,726.78,3150.45,24.0,0,100.0,Quarterly,UPI,0,0,34686.55
C103843,19.0,Male,Kolkata,50,399.0,20844.51,29.0,0,68.0,Monthly,UPI,0,0,57421.12
C103844,21.0,Female,Hyderabad,5,2553.69,13537.57,8.0,2,25.0,Monthly,Credit Card,0,0,38422.76
C103845,47.0,Other,Kolkata,45,2853.78,133011.76,24.0,2,81.0,Annual,Bank Transfer,1,0,152997.77
C103846,50.0,Female,Hyderabad,35,1428.42,52141.66,8.0,1,62.0,Monthly,Debit Card,1,0,69700.48
C103847,53.0,Female,Bengaluru,27,1278.63,32388.96,21.0,3,100.0,Quarterly,Bank Transfer,0,0,69394.2
C103848,35.0,Male,Pune,2,1815.91,3832.09,18.0,3,47.0,Monthly,Bank Transfer,0,0,31255.5
C103849,54.0,Female,Kolkata,54,1997.58,110114.29,23.0,1,100.0,Annual,Credit Card,1,0,134030.28
C103850,36.0,Female,Delhi,72,2682.52,205762.87,7.0,1,50.0,Annual,Debit Card,1,0,198844.43
C103851,64.0,Male,Hyderabad,48,1797.74,83717.07,19.0,2,61.0,Quarterly,Credit Card,0,0,117568.04
C103852,45.0,Female,Mumbai,49,2438.68,114608.43,7.0,2,53.0,Quarterly,UPI,1,0,121583.63
C103853,57.0,Female,Mumbai,1,1607.44,1474.99,12.0,2,100.0,Annual,Bank Transfer,0,0,44340.09
C103854,37.0,Male,Bengaluru,33,1934.52,64841.97,9.0,3,36.0,Monthly,UPI,0,0,88049.64
C103855,66.0,Male,Other,35,2494.93,83657.36,6.0,1,49.0,Annual,Credit Card,1,0,112932.36
C103856,50.0,Female,Bengaluru,54,1589.05,90274.41,15.0,6,74.0,Monthly,Credit Card,0,0,98211.56
C103857,29.0,Male,Hyderabad,56,1745.4,105292.68,21.0,3,84.0,Monthly,Credit Card,0,0,115575.11
C103858,68.0,Male,Hyderabad,15,3325.41,53339.67,15.0,1,89.0,Annual,UPI,0,0,103621.88
C103859,32.0,Male,Bengaluru,69,2693.79,190965.72,15.0,0,64.0,Quarterly,Wallet,1,0,186198.97
C103860,58.0,Male,Delhi,4,1031.09,3771.58,13.0,0,92.0,Monthly,UPI,0,0,53133.63
C103861,56.0,Female,Bengaluru,64,2244.48,141910.14,21.0,2,23.0,Annual,UPI,1,0,149301.31
C103862,19.0,Male,Pune,22,776.93,18446.22,10.0,2,77.0,Annual,Debit Card,0,0,37891.07
C103863,46.0,Female,Hyderabad,24,2099.36,52080.71,21.0,2,88.0,Monthly,UPI,0,0,77389.2
C103864,58.0,Female,Chennai,47,1246.96,60522.35,14.0,2,53.0,Quarterly,Debit Card,0,0,68894.31
C103865,27.0,Female,Delhi,6,1668.13,10593.72,35.0,1,100.0,Monthly,Bank Transfer,0,0,55001.4
C103866,19.0,Male,Hyderabad,27,2428.46,59728.69,16.0,4,54.0,Annual,Credit Card,0,0,96529.33
C103867,68.0,Female,Mumbai,10,1978.88,20602.81,13.0,1,68.0,Monthly,UPI,0,0,76213.61
C103868,28.0,Male,Pune,39,1270.24,46804.56,3.0,6,34.0,Monthly,UPI,0,0,53601.35
C103869,30.0,Male,Mumbai,37,933.94,35316.99,24.0,0,88.0,Monthly,UPI,0,0,65193.43
C103870,27.0,Female,Mumbai,54,2072.5,114589.23,9.0,1,88.0,Monthly,Credit Card,0,0,128632.94
C103871,31.0,Female,Pune,51,1334.72,62861.28,15.0,6,60.0,Monthly,UPI,0,0,92668.59
C103872,35.0,Female,Other,60,1635.9,102209.46,13.0,5,71.0,Monthly,UPI,0,0,103232.17
C103873,68.0,Female,Hyderabad,72,1002.22,75788.59,18.0,0,75.0,Quarterly,Wallet,0,0,90530.82
C103874,26.0,Female,Delhi,51,399.0,19937.16,13.0,3,63.0,Monthly,UPI,1,0,30786.79
C103875,56.0,Female,Hyderabad,62,2203.3,139135.68,6.0,2,73.0,Monthly,Debit Card,0,0,142718.57
C103876,45.0,Female,Hyderabad,49,1499.34,71136.66,8.0,0,100.0,Monthly,Debit Card,0,0,89175.76
C103877,20.0,Male,Bengaluru,51,1298.9,71852.25,8.0,3,99.0,Quarterly,UPI,1,0,77687.21
C103878,37.0,Male,Other,28,2699.74,78259.26,16.0,1,67.0,Monthly,Wallet,1,0,118774.15
C103879,23.0,Female,Mumbai,36,2326.64,84629.33,25.0,1,89.0,Monthly,UPI,0,1,110619.15
C103880,44.0,Female,Bengaluru,25,2057.3,56904.77,13.0,2,67.0,Monthly,Credit Card,0,0,85633.76
C103881,70.0,Male,Hyderabad,36,1863.33,71328.6,18.0,2,63.0,Quarterly,Bank Transfer,1,0,85360.3
C103882,19.0,Male,Kolkata,60,933.7,53388.26,22.0,1,100.0,Monthly,Credit Card,1,0,86806.78
C103883,46.0,Male,Bengaluru,7,2158.4,13835.91,17.0,1,74.0,Monthly,Credit Card,1,0,53083.85
C103884,55.0,Female,Bengaluru,65,2868.26,165548.47,9.0,3,68.0,Annual,Credit Card,0,0,175387.15
C103885,20.0,Female,Pune,36,1778.23,64919.0,25.0,0,100.0,Monthly,Bank Transfer,0,0,101877.81
C103886,33.0,Female,Mumbai,30,2812.97,79051.11,10.0,3,83.0,Annual,Bank Transfer,0,0,129655.85
C103887,47.0,Female,Hyderabad,47,1489.28,75972.9,17.0,4,63.0,Annual,Credit Card,1,0,79498.38
C103888,57.0,Female,Chennai,29,827.83,21160.28,14.0,1,81.0,Monthly,UPI,1,0,41428.97
C103889,19.0,Male,Kolkata,5,1400.65,6430.03,19.0,2,74.0,Quarterly,UPI,0,0,43514.77
C103890,34.0,Male,Kolkata,65,1945.81,122518.69,18.0,2,88.0,Monthly,Debit Card,0,0,140543.94
C103891,58.0,Male,Hyderabad,69,1802.35,129923.64,20.0,4,47.0,Monthly,Credit Card,1,0,122946.98
C103892,29.0,Female,Bengaluru,63,1864.36,118738.24,16.0,3,61.0,Annual,Credit Card,0,0,132060.55
C103893,52.0,Male,Hyderabad,56,2145.54,115311.97,19.0,0,87.0,Monthly,Debit Card,0,0,147580.31
C103894,60.0,Female,Mumbai,17,1730.57,27570.17,21.0,2,83.0,Monthly,Bank Transfer,1,0,65119.13
C103895,18.0,Female,Pune,51,1136.1,54181.59,5.0,0,70.0,Annual,Credit Card,0,0,70559.17
C103896,62.0,Male,Bengaluru,37,2126.62,84843.04,24.0,4,95.0,Monthly,Credit Card,1,0,110119.42
C103897,32.0,Female,Pune,9,1376.93,11815.89,14.0,8,78.0,Monthly,Credit Card,0,0,48059.85
C103898,43.0,Female,Delhi,38,1894.57,79004.88,17.0,2,41.0,Monthly,UPI,0,0,89595.09
C103899,54.0,Male,Delhi,53,1556.04,73086.75,16.0,3,37.0,Monthly,Credit Card,0,0,85763.86
C103900,38.0,Male,Other,13,881.76,10196.68,12.0,3,100.0,Monthly,Bank Transfer,0,0,41994.28
C103901,66.0,Female,Chennai,53,2025.56,120158.15,13.0,1,100.0,Quarterly,Debit Card,0,0,126679.3
C103902,48.0,Male,Bengaluru,49,1621.93,81681.17,16.0,3,100.0,Annual,UPI,0,0,105553.18
C103903,42.0,Male,Delhi,70,1195.38,92903.29,13.0,2,62.0,Monthly,Debit Card,0,0,91976.28
C103904,40.0,Female,Pune,35,1512.34,48885.11,23.0,1,55.0,Monthly,Credit Card,0,0,82787.7
C103905,41.0,Female,Hyderabad,16,2295.45,40064.06,21.0,2,63.0,Annual,Debit Card,1,0,82845.32
C103906,55.0,Male,Pune,13,1814.6,24509.13,11.0,1,47.0,Quarterly,Bank Transfer,0,0,44266.75
C103907,45.0,Female,Hyderabad,11,1113.86,11389.6,29.0,1,64.0,Quarterly,Credit Card,0,0,44495.24
C103908,38.0,Female,Hyderabad,2,1566.34,3341.31,5.0,2,99.0,Monthly,Credit Card,1,0,38691.7
C103909,60.0,Male,Hyderabad,19,2109.09,39051.88,7.0,2,58.0,Monthly,Credit Card,0,0,64028.47
C103910,35.0,Female,Other,45,1786.6,80683.35,15.0,4,48.0,Monthly,UPI,0,0,96180.02
C103911,53.0,Male,Mumbai,46,1165.02,58913.78,17.0,1,44.0,Monthly,Credit Card,1,0,55543.71
C103912,52.0,Male,Hyderabad,47,2276.57,103673.32,9.0,2,80.0,Monthly,Debit Card,0,0,125980.74
C103913,62.0,Female,Other,49,2735.05,135108.03,12.0,0,76.0,Monthly,Debit Card,1,0,143966.06
C103914,26.0,Female,Pune,42,1464.68,58338.36,8.0,3,87.0,Monthly,UPI,1,0,86623.53
C103915,70.0,Male,Pune,33,1740.29,56845.56,12.0,3,51.0,Monthly,Credit Card,1,1,77175.61
C103916,55.0,Female,Hyderabad,41,2119.72,81265.57,4.0,2,74.0,Monthly,UPI,1,0,100255.87
C103917,47.0,Female,Hyderabad,69,1647.93,118082.99,12.0,2,100.0,Monthly,Credit Card,1,0,120101.66
C103918,61.0,Female,Mumbai,19,2403.74,45311.09,12.0,0,69.0,Annual,Credit Card,1,0,94897.67
C103919,51.0,Male,Pune,39,939.69,38882.59,7.0,3,63.0,Quarterly,UPI,0,0,50128.68
C103920,49.0,Female,Delhi,7,1782.86,13583.54,25.0,1,70.0,Quarterly,UPI,1,0,47204.46
C103921,20.0,Male,Delhi,39,2387.32,95736.86,20.0,1,68.0,Monthly,Wallet,1,0,119050.23
C103922,20.0,Male,Pune,34,1072.27,33331.63,24.0,2,98.0,Monthly,Bank Transfer,1,0,76258.55
C103923,45.0,Female,Bengaluru,44,1691.08,72680.31,15.0,2,44.0,Monthly,Debit Card,0,0,91238.22
C103924,61.0,Female,Delhi,69,960.88,61969.2,18.0,4,23.0,Monthly,UPI,1,0,66212.47
C103925,32.0,Female,Chennai,68,2002.66,149447.04,14.0,3,100.0,Annual,UPI,1,0,152374.15
C103926,58.0,Male,Hyderabad,63,2329.15,145905.95,13.0,1,80.0,Monthly,Debit Card,0,0,164709.65
C103927,40.0,Male,Hyderabad,71,1841.08,126180.4,20.0,4,65.0,Annual,Credit Card,1,0,144308.02
C103928,57.0,Female,Pune,48,2301.21,120488.14,9.0,2,100.0,Monthly,Debit Card,0,0,134978.84
C103929,28.0,Male,Kolkata,3,2715.8,8082.52,14.0,2,66.0,Annual,Wallet,0,0,49849.03
C103930,65.0,Female,Bengaluru,34,651.62,21202.03,27.0,2,33.0,Monthly,UPI,0,0,46453.95
C103931,49.0,Male,Hyderabad,9,1573.69,15816.25,14.0,2,78.0,Annual,Debit Card,0,0,49295.11
C103932,53.0,Female,Hyderabad,61,942.52,53797.73,16.0,1,83.0,Monthly,UPI,1,0,83658.18
C103933,50.0,Female,Other,20,1867.12,36449.66,22.0,1,88.0,Monthly,UPI,0,0,88515.58
C103934,41.0,Female,Delhi,40,2734.91,114734.01,23.0,2,65.0,Annual,UPI,1,0,137771.75
C103935,56.0,Female,Other,12,1993.94,22957.72,22.0,0,50.0,Monthly,UPI,1,0,56354.46
C103936,51.0,Female,Kolkata,28,2308.95,64753.93,7.0,3,65.0,Annual,UPI,0,0,90475.74
C103937,45.0,Male,Bengaluru,48,1538.98,65393.94,12.0,2,72.0,Monthly,Wallet,0,0,103548.08
C103938,54.0,Male,Hyderabad,7,2225.38,14538.57,27.0,2,80.0,Monthly,UPI,0,0,71512.68
C103939,24.0,Female,Mumbai,14,1926.96,29072.79,14.0,1,64.0,Monthly,UPI,0,0,53338.13
C103940,21.0,Male,Hyderabad,19,2603.75,44738.29,19.0,1,60.0,Quarterly,Debit Card,1,0,96452.37
C103941,54.0,Female,Hyderabad,54,1912.94,105148.65,20.0,1,69.0,Quarterly,UPI,0,0,131659.26
C103942,18.0,Male,Bengaluru,60,844.26,47192.34,27.0,2,96.0,Monthly,Bank Transfer,1,0,74075.17
C103943,18.0,Male,Delhi,67,1002.19,66055.18,9.0,7,69.0,Quarterly,Debit Card,0,0,76195.77
C103944,64.0,Female,Mumbai,34,1071.45,38404.33,16.0,1,77.0,Monthly,UPI,0,0,63212.64
C103945,37.0,Female,Bengaluru,41,1681.6,68090.88,15.0,2,95.0,Annual,Debit Card,0,1,90405.48
C103946,36.0,Female,Mumbai,31,2782.13,86175.85,34.0,2,80.0,Monthly,Debit Card,1,0,110309.26
C103947,46.0,Female,Hyderabad,39,2547.77,110671.55,15.0,4,65.0,Monthly,Bank Transfer,0,0,117938.92
C103948,27.0,Female,Pune,52,2077.41,99717.65,15.0,2,48.0,Monthly,Credit Card,0,0,116217.94
C103949,35.0,Male,Delhi,47,2562.92,124106.89,29.0,0,100.0,Annual,UPI,0,0,157925.02
C103950,45.0,Male,Hyderabad,20,2255.47,41924.62,33.0,4,100.0,Monthly,Bank Transfer,0,0,83371.44
C103951,52.0,Female,Mumbai,52,2475.22,139567.43,23.0,3,81.0,Monthly,Credit Card,0,0,151975.87
C103952,60.0,Female,Mumbai,71,1125.99,83775.75,3.0,1,48.0,Quarterly,Credit Card,0,0,97460.83
C103953,64.0,Female,Hyderabad,62,2882.93,190949.49,7.0,2,71.0,Annual,Credit Card,1,0,197365.41
C103954,48.0,Other,Bengaluru,5,1862.28,9867.24,9.0,3,68.0,Monthly,Bank Transfer,1,0,43124.22
C103955,44.0,Male,Other,57,2009.05,108278.55,29.0,1,91.0,Monthly,Credit Card,0,0,140854.88
C103956,28.0,Male,Hyderabad,4,2528.84,10649.95,15.0,3,69.0,Quarterly,Credit Card,1,0,59703.14
C103957,66.0,Female,Mumbai,11,1982.91,21581.61,16.0,2,94.0,Monthly,Debit Card,1,0,53370.1
C103958,66.0,Male,Pune,19,1236.61,22855.35,12.0,1,61.0,Monthly,UPI,0,0,54491.89
C103959,55.0,Male,Bengaluru,27,1689.7,44104.28,5.0,3,81.0,Monthly,UPI,0,0,76602.79
C103960,22.0,Male,Bengaluru,29,2261.27,68601.79,10.0,2,90.0,Quarterly,Credit Card,0,0,86808.41
C103961,25.0,Male,Kolkata,18,1410.88,25745.84,29.0,0,99.0,Quarterly,Wallet,0,0,76230.49
C103962,51.0,Female,Bengaluru,37,1679.74,61088.82,14.0,4,96.0,Annual,Credit Card,1,0,92156.4
C103963,65.0,Female,Delhi,61,2024.21,133287.04,1.0,3,63.0,Monthly,Debit Card,0,0,129995.63
C103964,69.0,Female,Pune,47,1918.27,94916.11,19.0,2,50.0,Monthly,Debit Card,0,0,108973.7
C103965,29.0,Female,Pune,20,1382.49,25071.16,15.0,2,97.0,Monthly,UPI,0,0,68764.79
C103966,55.0,Male,Other,70,2920.55,195953.51,14.0,2,67.0,Annual,UPI,0,0,209176.77
C103967,18.0,Female,Pune,49,1936.8,101204.51,14.0,3,84.0,Monthly,Bank Transfer,1,0,118106.15
C103968,48.0,Male,Delhi,15,655.58,10190.86,7.0,6,87.0,Annual,UPI,0,0,35231.71
C103969,21.0,Male,Kolkata,18,2068.75,36586.68,11.0,0,94.0,Monthly,Bank Transfer,1,0,75782.33
C103970,66.0,Male,Kolkata,38,2224.9,83758.26,30.0,2,78.0,Monthly,Credit Card,1,0,121004.75
C103971,62.0,Female,Other,22,2255.21,50529.81,21.0,3,54.0,Monthly,Bank Transfer,1,0,79962.16
C103972,67.0,Female,Pune,60,1772.94,96858.83,19.0,2,47.0,Annual,Credit Card,0,0,114041.7
C103973,22.0,Female,Hyderabad,66,1442.05,88104.3,14.0,3,79.0,Annual,Debit Card,0,0,101631.68
C103974,47.0,Female,Delhi,26,2074.64,49154.51,15.0,1,75.0,Annual,Debit Card,0,0,82933.09
C103975,41.0,Male,Hyderabad,64,1926.68,111324.74,27.0,1,61.0,Quarterly,Debit Card,0,0,150193.5
C103976,20.0,Female,Bengaluru,58,2296.02,138987.97,16.0,0,82.0,Monthly,Bank Transfer,0,0,146073.22
C103977,28.0,Female,Hyderabad,3,2019.71,5627.04,17.0,1,63.0,Monthly,Debit Card,0,0,42565.79
C103978,62.0,Male,Other,30,2517.62,69057.22,18.0,2,98.0,Monthly,Credit Card,0,0,116241.03
C103979,21.0,Male,Bengaluru,19,2548.2,51309.34,7.0,1,87.0,Quarterly,Debit Card,0,0,93697.46
C103980,43.0,Female,Delhi,10,1810.88,18183.1,14.0,6,75.0,Monthly,Bank Transfer,0,0,65166.01
C103981,44.0,Female,Mumbai,46,1170.81,53134.75,6.0,4,51.0,Quarterly,UPI,0,1,64825.08
C103982,63.0,Female,Hyderabad,19,2468.93,45282.2,1.0,1,68.0,Monthly,Debit Card,0,0,77255.93
C103983,60.0,Female,Mumbai,58,2427.02,143942.31,4.0,2,100.0,Annual,Bank Transfer,0,0,161441.03
C103984,44.0,Other,Delhi,6,1406.66,9111.79,15.0,1,72.0,Annual,Wallet,0,0,35776.38
C103985,59.0,Male,Kolkata,51,1651.73,82132.67,24.0,3,97.0,Quarterly,UPI,0,0,112437.99
C103986,68.0,Male,Hyderabad,14,1390.92,17174.11,17.0,1,80.0,Annual,UPI,0,0,66355.27
C103987,67.0,Male,Bengaluru,58,541.44,34318.5,17.0,4,70.0,Monthly,Credit Card,0,0,45588.33
C103988,23.0,Male,Delhi,8,1165.51,9407.58,23.0,2,57.0,Monthly,UPI,1,0,31347.43
C103989,32.0,Female,Hyderabad,2,659.65,1202.01,28.0,1,100.0,Annual,Bank Transfer,1,0,23588.57
C103990,70.0,Female,Hyderabad,18,2106.51,33824.89,19.0,1,100.0,Monthly,Bank Transfer,1,0,78929.79
C103991,47.0,Female,Hyderabad,57,1832.68,105582.59,10.0,1,87.0,Monthly,UPI,0,0,129424.39
C103992,59.0,Male,Delhi,35,1254.54,43829.17,14.0,3,76.0,Monthly,UPI,0,0,64676.96
C103993,54.0,Female,Bengaluru,66,2272.82,135832.62,24.0,1,37.0,Quarterly,UPI,1,0,158339.55
C103994,54.0,Male,Mumbai,56,870.29,49814.77,20.0,4,81.0,Quarterly,Bank Transfer,0,0,61902.29
C103995,59.0,Male,Other,43,2607.6,116635.21,9.0,1,48.0,Monthly,Credit Card,1,0,130680.16
C103996,54.0,Female,Pune,72,1753.27,130458.73,17.0,2,98.0,Annual,UPI,0,0,147552.66
C103997,52.0,Female,Bengaluru,8,2330.93,18187.73,24.0,1,98.0,Annual,Debit Card,0,0,66229.6
C103998,40.0,Male,Chennai,5,1121.38,5419.94,22.0,3,96.0,Monthly,Bank Transfer,0,0,45199.13
C103999,23.0,Male,Hyderabad,13,1879.44,25181.93,21.0,3,100.0,Quarterly,Credit Card,1,0,65642.31
C104000,21.0,Female,Hyderabad,7,1980.17,13392.69,8.0,4,33.0,Annual,Bank Transfer,0,0,45167.49
C104001,35.0,Male,Bengaluru,21,1609.02,34570.97,8.0,6,23.0,Monthly,Credit Card,0,0,53419.0
C104002,26.0,Male,Bengaluru,37,1498.98,60933.61,16.0,0,93.0,Monthly,Credit Card,1,0,86828.35
C104003,66.0,Female,Mumbai,45,2060.97,95344.67,27.0,1,49.0,Monthly,Debit Card,1,0,119632.33
C104004,46.0,Male,Other,52,1471.86,80492.18,19.0,2,76.0,Annual,Wallet,0,0,102165.86
C104005,30.0,Male,Other,48,521.49,26882.12,15.0,1,65.0,Monthly,UPI,1,0,57131.39
C104006,64.0,Male,Hyderabad,62,1756.6,121888.6,10.0,4,71.0,Quarterly,Credit Card,1,0,102055.23
C104007,69.0,Female,Mumbai,51,2490.36,130828.92,20.0,3,72.0,Quarterly,Credit Card,0,0,141193.84
C104008,34.0,Female,Hyderabad,4,705.41,2768.78,23.0,4,85.0,Monthly,Credit Card,0,0,29127.35
C104009,62.0,Male,Delhi,56,1853.33,102319.29,12.0,4,32.0,Monthly,Credit Card,1,0,113186.23
C104010,49.0,Male,Hyderabad,34,1798.57,64854.47,13.0,0,100.0,Monthly,UPI,1,0,90423.67
C104011,65.0,Male,Other,45,2153.08,107834.68,11.0,5,69.0,Monthly,Debit Card,0,0,98379.5
C104012,39.0,Male,Kolkata,16,1860.99,27134.13,7.0,5,70.0,Monthly,UPI,0,0,61864.31
C104013,21.0,Female,Hyderabad,9,1348.31,12660.89,4.0,3,42.0,Monthly,Credit Card,1,0,22421.75
C104014,22.0,Female,Pune,16,749.26,11781.15,21.0,1,82.0,Quarterly,Bank Transfer,1,0,40141.16
C104015,54.0,Male,Delhi,31,1856.66,58670.7,5.0,2,78.0,Monthly,Debit Card,1,0,72068.53
C104016,58.0,Male,Mumbai,13,1359.93,17316.87,21.0,4,73.0,Monthly,UPI,1,0,57389.28
C104017,66.0,Male,Mumbai,5,1240.99,5675.58,1.0,2,61.0,Monthly,UPI,1,0,39746.39
C104018,30.0,Male,Delhi,47,1859.89,86417.19,20.0,3,54.0,Monthly,Credit Card,0,0,112188.33
C104019,51.0,Male,Kolkata,39,1344.31,58095.95,12.0,6,17.0,Annual,Credit Card,1,0,55326.1
C104020,62.0,Female,Pune,18,1876.91,30396.12,17.0,1,73.0,Monthly,Credit Card,0,0,68426.84
C104021,39.0,Female,Mumbai,20,2147.08,48021.62,13.0,2,47.0,Monthly,UPI,0,0,81421.57
C104022,70.0,Female,Pune,2,822.54,1467.51,11.0,4,64.0,Quarterly,Credit Card,0,0,27594.17
C104023,40.0,Male,Other,40,2427.02,94660.47,7.0,3,100.0,Monthly,UPI,1,0,123527.26
C104024,68.0,Female,Bengaluru,30,1779.62,56203.01,14.0,2,77.0,Monthly,UPI,1,0,74240.82
C104025,20.0,Male,Hyderabad,10,2712.55,27982.26,26.0,0,60.0,Annual,UPI,0,0,78633.31
C104026,59.0,Male,Delhi,64,1593.72,95011.66,20.0,3,56.0,Monthly,UPI,0,0,124081.67
C104027,51.0,Female,Other,42,2998.53,119893.55,6.0,2,87.0,Monthly,Credit Card,0,0,148869.98
C104028,49.0,Male,Hyderabad,53,2753.72,147507.2,13.0,1,48.0,Monthly,Bank Transfer,0,0,155341.89
C104029,62.0,Female,Chennai,53,1794.49,106303.35,12.0,4,26.0,Monthly,UPI,0,0,105656.57
C104030,68.0,Female,Hyderabad,40,1696.28,62983.14,18.0,3,79.0,Quarterly,UPI,1,0,87088.04
C104031,66.0,Female,Pune,16,480.29,7749.15,3.0,1,100.0,Annual,UPI,0,0,38536.86
C104032,38.0,Female,Other,48,1916.12,93166.94,22.0,5,79.0,Annual,UPI,0,0,123551.93
C104033,63.0,Male,Mumbai,61,1977.43,122749.68,34.0,5,85.0,Monthly,UPI,1,0,143063.93
C104034,61.0,Other,Chennai,38,2039.45,82138.26,15.0,1,43.0,Annual,UPI,1,0,96268.55
C104035,38.0,Female,Kolkata,44,1919.19,78786.42,13.0,5,37.0,Quarterly,Bank Transfer,0,0,90105.35
C104036,61.0,Female,Hyderabad,15,2115.69,29419.42,22.0,1,81.0,Monthly,UPI,1,0,57875.41
C104037,28.0,Male,Kolkata,61,1855.6,124496.93,8.0,3,99.0,Annual,Bank Transfer,0,0,119737.05
C104038,56.0,Female,Chennai,7,1938.94,13668.8,23.0,5,82.0,Quarterly,UPI,1,0,64973.08
C104039,21.0,Male,Mumbai,30,1386.56,38969.72,9.0,0,66.0,Monthly,UPI,0,0,57222.79
C104040,68.0,Female,Mumbai,36,1010.2,33734.19,33.0,4,94.0,Monthly,Credit Card,1,0,76651.56
C104041,18.0,Male,Mumbai,11,2881.56,28660.08,2.0,4,91.0,Quarterly,UPI,0,0,84268.58
C104042,45.0,Female,Other,70,1022.39,66049.87,10.0,2,100.0,Monthly,Credit Card,0,0,88406.81
C104043,44.0,Male,Other,29,1624.45,52157.0,18.0,0,78.0,Monthly,Debit Card,1,0,72464.85
C104044,52.0,Male,Pune,6,2536.59,15065.76,20.0,2,100.0,Annual,Credit Card,0,0,74732.85
C104045,30.0,Male,Hyderabad,51,1631.3,83713.13,12.0,2,48.0,Monthly,UPI,1,0,93366.74
C104046,64.0,Male,Bengaluru,38,2169.54,75259.83,23.0,1,76.0,Monthly,Debit Card,1,0,110238.48
C104047,51.0,Male,Mumbai,22,2748.83,61207.59,7.0,0,57.0,Annual,Bank Transfer,0,0,107105.06
C104048,28.0,Male,Kolkata,54,1847.04,104633.44,8.0,4,100.0,Monthly,Debit Card,0,0,127410.72
C104049,53.0,Female,Mumbai,40,2099.63,81127.07,5.0,0,97.0,Monthly,Bank Transfer,1,0,114071.26
C104050,68.0,Female,Other,7,2160.85,16782.48,16.0,0,77.0,Quarterly,Debit Card,0,0,67471.13
C104051,34.0,Female,Other,40,1253.16,52006.6,14.0,2,64.0,Monthly,Bank Transfer,0,0,72149.45
C104052,52.0,Male,Mumbai,24,1145.8,29177.36,6.0,2,71.0,Annual,Debit Card,0,0,59933.3
C104053,35.0,Male,Kolkata,41,3109.78,134022.29,16.0,1,66.0,Monthly,Debit Card,0,0,149842.48
C104054,57.0,Male,Other,51,2333.43,127536.7,6.0,1,100.0,Annual,UPI,0,0,144057.93
C104055,39.0,Female,Pune,39,1236.82,48069.1,17.0,2,90.0,Monthly,Credit Card,1,0,74124.64
C104056,41.0,Female,Delhi,43,3158.71,148676.18,21.0,1,63.0,Monthly,UPI,0,0,156941.95
C104057,36.0,Male,Pune,69,833.51,62375.14,8.0,1,72.0,Monthly,Debit Card,0,0,68528.83
C104058,54.0,Male,Hyderabad,59,1230.81,73985.17,12.0,5,46.0,Monthly,UPI,0,0,82776.65
C104059,56.0,Female,Delhi,25,1494.8,35140.03,25.0,2,98.0,Monthly,Credit Card,0,0,78826.68
C104060,38.0,Female,Hyderabad,25,2435.96,63048.88,12.0,0,100.0,Quarterly,Credit Card,0,0,98335.23
C104061,25.0,Female,Hyderabad,24,1796.97,38641.37,12.0,2,69.0,Annual,Credit Card,0,0,76955.43
C104062,45.0,Female,Kolkata,62,1732.45,113162.72,31.0,4,56.0,Monthly,Bank Transfer,0,0,110560.73
C104063,22.0,Male,Delhi,43,1000.6,43376.24,23.0,2,100.0,Monthly,UPI,1,0,75854.03
C104064,34.0,Male,Bengaluru,59,1690.48,104077.32,12.0,2,48.0,Monthly,Bank Transfer,1,0,101281.53
C104065,54.0,Male,Chennai,54,1621.38,88559.12,19.0,2,67.0,Monthly,Bank Transfer,0,0,105636.07
C104066,53.0,Female,Other,26,762.12,21390.56,1.0,1,57.0,Monthly,Debit Card,1,0,26421.65
C104067,36.0,Male,Kolkata,54,1592.84,90788.73,10.0,1,46.0,Monthly,Debit Card,1,0,99564.04
C104068,44.0,Female,Hyderabad,61,1215.79,81234.47,13.0,5,85.0,Monthly,Bank Transfer,0,0,99512.83
C104069,70.0,Male,Other,44,2984.77,125299.13,10.0,4,68.0,Annual,Debit Card,1,0,139791.4
C104070,51.0,Male,Bengaluru,9,1974.86,19508.07,9.0,3,38.0,Quarterly,Bank Transfer,0,0,43287.66
C104071,28.0,Male,Delhi,42,2757.56,113611.33,19.0,1,76.0,Monthly,UPI,1,0,146054.03
C104072,62.0,Male,Delhi,29,558.33,17885.54,12.0,2,60.0,Monthly,Debit Card,0,0,35143.75
C104073,64.0,Male,Kolkata,58,1127.57,63466.01,13.0,1,49.0,Monthly,Credit Card,1,0,75482.47
C104074,29.0,Female,Kolkata,63,1580.31,105587.24,13.0,4,84.0,Annual,Credit Card,0,0,118450.75
C104075,38.0,Female,Bengaluru,49,1272.34,67391.43,12.0,4,70.0,Monthly,UPI,0,0,77055.55
C104076,28.0,Male,Delhi,11,2253.08,24291.22,20.0,2,69.0,Annual,Debit Card,0,1,65969.57
C104077,56.0,Female,Chennai,54,1613.16,88083.12,19.0,2,44.0,Quarterly,Credit Card,1,0,94876.3
C104078,45.0,Male,Mumbai,30,1144.09,35201.23,20.0,4,81.0,Quarterly,Credit Card,0,0,64222.54
C104079,22.0,Female,Mumbai,66,3899.34,229737.1,16.0,3,73.0,Annual,Debit Card,0,0,262001.5
C104080,34.0,Male,Chennai,65,2174.64,139933.87,15.0,4,26.0,Annual,UPI,0,0,143072.04
C104081,37.0,Male,Chennai,58,486.7,26123.67,13.0,2,100.0,Monthly,Bank Transfer,0,0,49400.96
C104082,58.0,Female,Hyderabad,57,2522.1,148328.15,20.0,0,100.0,Annual,Bank Transfer,0,0,166140.71
C104083,63.0,Male,Mumbai,37,3361.6,137412.34,9.0,4,66.0,Quarterly,Bank Transfer,1,0,145257.61
C104084,29.0,Male,Pune,54,2272.88,117491.71,16.0,2,95.0,Monthly,UPI,1,0,142235.46
C104085,23.0,Male,Chennai,69,1127.88,75761.99,15.0,0,64.0,Quarterly,UPI,0,0,90405.28
C104086,34.0,Male,Other,24,1759.45,45702.26,8.0,1,60.0,Annual,Bank Transfer,0,0,70513.31
C104087,68.0,Male,Hyderabad,63,2328.32,155677.31,12.0,1,84.0,Monthly,Debit Card,0,0,162590.73
C104088,36.0,Female,Mumbai,51,1439.04,79939.13,13.0,1,63.0,Annual,Credit Card,0,0,89747.21
C104089,43.0,Female,Mumbai,15,1699.86,26714.17,22.0,1,86.0,Quarterly,Credit Card,0,0,69052.77
C104090,65.0,Female,Hyderabad,47,1212.92,56969.53,16.0,1,44.0,Monthly,Bank Transfer,0,0,68082.69
C104091,61.0,Male,Bengaluru,46,2183.24,95978.9,19.0,2,45.0,Quarterly,Debit Card,1,0,116670.59
C104092,61.0,Male,Kolkata,30,2325.82,77291.67,4.0,3,65.0,Quarterly,UPI,0,0,90732.15
C104093,69.0,Male,Mumbai,20,2661.07,55047.35,8.0,1,38.0,Monthly,Bank Transfer,0,0,84592.17
C104094,49.0,Male,Chennai,57,2458.03,137400.62,23.0,5,91.0,Quarterly,Debit Card,1,0,163752.62
C104095,23.0,Female,Chennai,49,2722.6,136334.61,10.0,2,82.0,Quarterly,Bank Transfer,0,0,149007.84
C104096,53.0,Male,Kolkata,56,3106.6,188962.21,16.0,6,31.0,Annual,Debit Card,0,0,169060.12
C104097,55.0,Female,Bengaluru,56,891.64,46978.53,10.0,2,61.0,Monthly,UPI,1,0,62818.3
C104098,28.0,Male,Pune,25,1293.66,34481.62,21.0,2,94.0,Monthly,UPI,0,0,68212.77
C104099,50.0,Male,Bengaluru,9,1205.67,10989.29,12.0,2,49.0,Quarterly,Credit Card,0,0,37805.97
C104100,41.0,Male,Mumbai,22,1906.79,43587.55,14.0,3,74.0,Monthly,Credit Card,0,0,72050.44
C104101,40.0,Male,Hyderabad,37,1388.4,54386.46,9.0,1,50.0,Monthly,Credit Card,1,0,62406.71
C104102,32.0,Male,Pune,28,1551.62,40513.41,12.0,2,49.0,Quarterly,UPI,1,0,62094.68
C104103,44.0,Male,Delhi,14,2746.38,42774.44,21.0,4,79.0,Annual,Credit Card,0,0,89268.13
C104104,28.0,Male,Mumbai,30,2158.75,62835.4,15.0,2,36.0,Monthly,UPI,0,0,98032.24
C104105,68.0,Female,Hyderabad,39,1727.36,69154.54,7.0,4,63.0,Annual,Bank Transfer,0,0,80144.16
C104106,67.0,Female,Mumbai,57,2562.87,151521.31,19.0,0,87.0,Annual,Debit Card,0,0,156837.01
C104107,34.0,Male,Bengaluru,5,1987.83,9937.3,10.0,6,44.0,Monthly,UPI,1,1,40283.63
C104108,68.0,Male,Chennai,12,2240.15,24157.15,16.0,0,54.0,Annual,Credit Card,0,0,60936.34
C104109,70.0,Female,Pune,35,2234.72,81904.16,12.0,3,87.0,Monthly,Wallet,0,0,108374.82
C104110,31.0,Other,Pune,41,455.39,17162.32,23.0,0,36.0,Annual,Credit Card,0,0,40745.59
C104111,44.0,Female,Bengaluru,63,1219.01,82138.42,25.0,0,100.0,Monthly,UPI,0,0,100044.1
C104112,35.0,Male,Other,42,1137.58,50367.27,16.0,2,38.0,Monthly,Wallet,1,0,69282.08
C104113,45.0,Female,Kolkata,65,1821.17,129065.54,1.0,1,69.0,Monthly,Bank Transfer,1,0,116121.45
C104114,68.0,Female,Mumbai,65,2299.23,149198.72,12.0,3,68.0,Monthly,UPI,0,0,156090.79
C104115,64.0,Male,Mumbai,43,1464.25,59135.36,11.0,0,63.0,Monthly,Debit Card,0,0,83470.17
C104116,64.0,Female,Kolkata,60,1192.28,70447.77,13.0,2,82.0,Monthly,UPI,1,0,95268.77
C104117,21.0,Male,Delhi,20,399.0,7680.98,21.0,2,61.0,Monthly,Debit Card,0,0,24749.74
C104118,24.0,Female,Mumbai,63,2040.5,132455.62,12.0,2,64.0,Monthly,Credit Card,0,0,141742.82
C104119,62.0,Female,Pune,24,1034.16,22480.68,14.0,1,75.0,Monthly,Bank Transfer,0,0,47054.37
C104120,52.0,Female,Bengaluru,72,1997.66,145131.04,15.0,3,56.0,Quarterly,Bank Transfer,0,0,149174.03
C104121,65.0,Female,Kolkata,35,1223.68,44073.19,18.0,0,70.0,Monthly,Debit Card,1,0,57496.13
C104122,26.0,Male,Mumbai,41,2160.47,85026.58,18.0,3,49.0,Monthly,UPI,0,0,108823.71
C104123,25.0,Female,Mumbai,16,2038.06,29010.28,10.0,1,64.0,Quarterly,Credit Card,0,0,68589.27
C104124,69.0,Female,Hyderabad,6,643.14,3722.23,21.0,5,52.0,Monthly,Credit Card,0,0,20262.15
C104125,44.0,Female,Bengaluru,20,2367.59,47730.62,16.0,1,87.0,Monthly,UPI,0,0,81779.24
C104126,34.0,Female,Chennai,56,1993.46,99658.61,2.0,5,59.0,Monthly,Credit Card,1,0,121507.16
C104127,34.0,Female,Chennai,8,2754.12,22586.0,8.0,1,41.0,Annual,Wallet,0,0,59739.18
C104128,66.0,Female,Pune,6,1148.15,7287.19,13.0,1,37.0,Annual,Bank Transfer,1,0,28109.79
C104129,50.0,Female,Bengaluru,8,1079.06,8395.26,17.0,2,74.0,Monthly,UPI,0,0,45131.49
C104130,49.0,Female,Hyderabad,62,1547.63,96543.48,20.0,0,79.0,Quarterly,Wallet,1,0,108500.24
C104131,25.0,Male,Mumbai,14,1697.96,24012.93,27.0,4,63.0,Monthly,Credit Card,0,0,64956.41
C104132,36.0,Female,Mumbai,3,1624.3,5140.42,14.0,3,77.0,Monthly,Bank Transfer,0,0,47938.06
C104133,55.0,Male,Hyderabad,2,531.99,1168.07,15.0,1,99.0,Monthly,Debit Card,0,0,47116.16
C104134,20.0,Male,Hyderabad,22,2222.4,53372.09,7.0,0,94.0,Annual,UPI,1,0,81108.59
C104135,22.0,Male,Kolkata,70,1614.73,104386.94,17.0,6,100.0,Monthly,Debit Card,0,0,126849.74
C104136,30.0,Female,Hyderabad,71,1552.48,98490.58,18.0,2,49.0,Quarterly,Debit Card,0,0,110614.77
C104137,64.0,Female,Kolkata,6,2060.96,11931.3,15.0,3,74.0,Annual,UPI,1,0,43734.28
C104138,63.0,Female,Chennai,50,1958.03,107447.79,20.0,6,63.0,Monthly,Debit Card,0,0,116582.94
C104139,48.0,Male,Delhi,44,1971.97,93548.58,17.0,2,51.0,Annual,UPI,0,0,108630.65
C104140,33.0,Female,Hyderabad,8,1419.21,11837.45,18.0,3,79.0,Annual,Credit Card,0,0,49341.03
C104141,67.0,Female,Pune,24,899.88,19293.18,16.0,4,32.0,Quarterly,UPI,0,0,42148.87
C104142,49.0,Male,Hyderabad,27,2373.16,59087.09,14.0,4,100.0,Monthly,UPI,1,0,99580.5
C104143,39.0,Male,Chennai,53,1161.27,67902.8,17.0,1,50.0,Quarterly,Credit Card,1,0,72418.38
C104144,46.0,Male,Bengaluru,51,1239.84,56157.18,12.0,4,38.0,Annual,Credit Card,0,0,74345.7
C104145,39.0,Female,Pune,28,1813.79,54446.01,6.0,5,62.0,Quarterly,Debit Card,0,0,84811.32
C104146,60.0,Female,Pune,59,2110.91,123449.46,9.0,1,70.0,Monthly,UPI,0,0,125794.45
C104147,20.0,Male,Bengaluru,69,2874.11,210091.38,17.0,2,93.0,Annual,UPI,0,0,205183.33
C104148,27.0,Female,Bengaluru,25,1480.01,33071.44,19.0,1,83.0,Annual,Bank Transfer,0,0,66217.53
C104149,59.0,Male,Pune,44,1322.2,55957.64,21.0,0,93.0,Monthly,UPI,1,0,94189.72
C104150,38.0,Male,Kolkata,47,1934.3,93563.46,31.0,6,100.0,Quarterly,Debit Card,0,0,124247.15
C104151,33.0,Male,Delhi,13,2216.35,26822.84,18.0,0,56.0,Monthly,Wallet,1,1,65378.8
C104152,29.0,Male,Kolkata,53,1419.35,68716.82,8.0,2,100.0,Monthly,Bank Transfer,1,0,99136.06
C104153,19.0,Male,Chennai,53,2226.33,104549.12,12.0,1,72.0,Monthly,Credit Card,0,0,130526.42
C104154,58.0,Male,Hyderabad,37,1409.53,57898.28,23.0,2,95.0,Monthly,Bank Transfer,0,0,83292.09
C104155,41.0,Female,Hyderabad,63,1877.6,124792.73,22.0,0,79.0,Quarterly,UPI,0,0,130324.91
C104156,52.0,Male,Delhi,66,947.25,58950.98,17.0,3,58.0,Quarterly,Debit Card,0,0,83214.02
C104157,47.0,Female,Chennai,40,2072.5,84078.95,7.0,1,67.0,Monthly,Debit Card,0,0,110362.83
C104158,47.0,Female,Hyderabad,61,2131.47,134735.32,20.0,2,87.0,Monthly,Debit Card,0,0,147427.98
C104159,64.0,Male,Bengaluru,6,1929.75,11389.65,14.0,2,71.0,Monthly,Bank Transfer,0,0,53466.33
C104160,52.0,Female,Mumbai,25,579.16,12985.35,16.0,4,72.0,Quarterly,Credit Card,0,0,38555.15
C104161,36.0,Male,Hyderabad,46,1540.97,69019.27,30.0,1,100.0,Monthly,Credit Card,0,0,93259.98
C104162,67.0,Female,Hyderabad,31,2033.63,57256.61,12.0,2,63.0,Monthly,UPI,1,0,91036.69
C104163,25.0,Female,Kolkata,63,1534.05,88437.41,3.0,0,56.0,Annual,Debit Card,1,0,96480.67
C104164,43.0,Male,Bengaluru,68,2583.32,181875.68,20.0,1,97.0,Monthly,UPI,0,0,193594.15
C104165,66.0,Female,Bengaluru,39,3279.4,122919.9,6.0,3,87.0,Quarterly,Wallet,0,0,157107.52
C104166,57.0,Female,Delhi,36,1228.53,42307.87,3.0,4,78.0,Monthly,UPI,1,0,52255.17
C104167,24.0,Female,Pune,7,2207.88,16863.35,21.0,2,84.0,Monthly,Wallet,1,0,47338.54
C104168,47.0,Female,Delhi,66,1699.39,110510.69,15.0,1,75.0,Monthly,UPI,1,0,122484.02
C104169,24.0,Male,Bengaluru,55,2089.85,124139.11,11.0,1,59.0,Quarterly,Credit Card,0,0,135673.03
C104170,20.0,Female,Kolkata,72,1725.87,136312.78,18.0,1,92.0,Monthly,Bank Transfer,0,0,131090.71
C104171,18.0,Male,Mumbai,42,1679.5,77983.53,23.0,2,92.0,Monthly,Credit Card,0,0,112139.58
C104172,53.0,Male,Chennai,27,1500.15,43304.38,26.0,5,100.0,Quarterly,Bank Transfer,0,0,85566.75
C104173,42.0,Male,Mumbai,2,2134.41,4199.97,20.0,2,100.0,Monthly,UPI,0,0,60683.37
C104174,54.0,Male,Delhi,70,816.88,52497.11,8.0,0,50.0,Monthly,Bank Transfer,0,0,66574.47
C104175,44.0,Female,Mumbai,4,1594.53,6425.73,5.0,0,91.0,Annual,Credit Card,1,0,38852.13
C104176,32.0,Female,Kolkata,21,1853.12,37920.24,21.0,4,93.0,Monthly,Bank Transfer,0,0,82142.12
C104177,54.0,Female,Delhi,1,1660.82,1528.46,10.0,2,85.0,Annual,UPI,1,0,39078.2
C104178,30.0,Male,Kolkata,38,2848.85,120180.86,8.0,1,89.0,Annual,Credit Card,0,0,136890.41
C104179,57.0,Female,Mumbai,60,2153.28,140857.1,17.0,1,52.0,Monthly,Bank Transfer,1,0,135598.98
C104180,25.0,Female,Bengaluru,14,1351.92,20256.05,13.0,3,98.0,Annual,Bank Transfer,1,0,51261.93
C104181,22.0,Male,Mumbai,17,1883.9,29781.3,15.0,2,52.0,Annual,UPI,0,0,65838.95
C104182,26.0,Male,Hyderabad,47,2560.22,132521.22,14.0,0,43.0,Annual,Debit Card,0,0,139498.59
C104183,18.0,Female,Bengaluru,56,1999.02,104663.04,25.0,3,88.0,Quarterly,Debit Card,0,0,128118.16
C104184,53.0,Female,Pune,53,1968.56,115282.29,21.0,0,100.0,Annual,UPI,0,0,146384.51
C104185,52.0,Female,Delhi,18,1702.45,32830.22,9.0,4,87.0,Quarterly,Bank Transfer,0,0,65064.91
C104186,19.0,Female,Hyderabad,69,2812.05,205661.4,15.0,3,92.0,Annual,UPI,0,0,201218.48
C104187,57.0,Female,Chennai,48,933.98,50197.36,17.0,2,91.0,Quarterly,Credit Card,0,0,60539.26
C104188,40.0,Male,Hyderabad,9,3241.1,29206.53,10.0,2,65.0,Annual,Debit Card,0,0,68801.28
C104189,26.0,Female,Pune,54,1933.56,101874.84,23.0,0,67.0,Monthly,UPI,0,0,126979.83
C104190,51.0,Male,Hyderabad,35,2913.67,110556.05,6.0,1,39.0,Quarterly,UPI,0,0,115822.88
C104191,63.0,Female,Delhi,46,2028.72,98352.13,19.0,0,90.0,Annual,UPI,0,0,124635.88
C104192,31.0,Female,Mumbai,1,3419.2,3549.24,21.0,0,70.0,Monthly,Credit Card,0,0,60554.88
C104193,21.0,Female,Chennai,41,1388.83,54783.19,19.0,3,100.0,Monthly,Credit Card,0,0,86016.29
C104194,47.0,Other,Bengaluru,32,1850.17,62114.96,27.0,5,88.0,Monthly,UPI,0,0,96705.66
C104195,48.0,Male,Chennai,40,2579.98,98565.92,5.0,2,71.0,Annual,Debit Card,0,0,122313.39
C104196,55.0,Female,Pune,11,2559.9,28372.99,12.0,4,36.0,Annual,Debit Card,0,0,69439.84
C104197,28.0,Female,Pune,62,1237.15,74058.17,4.0,1,62.0,Monthly,Bank Transfer,1,0,90263.73
C104198,52.0,Other,Delhi,46,1109.26,47916.87,17.0,2,74.0,Annual,UPI,0,0,72039.61
C104199,25.0,Female,Pune,48,1254.65,55196.52,13.0,4,18.0,Monthly,UPI,0,0,44954.7
C104200,20.0,Male,Hyderabad,43,1642.53,64464.19,33.0,4,82.0,Monthly,Debit Card,1,0,103150.64
C104201,31.0,Female,Hyderabad,51,1705.81,95297.93,22.0,3,77.0,Quarterly,UPI,0,0,117450.01
C104202,30.0,Female,Kolkata,61,1868.78,118867.06,20.0,6,74.0,Monthly,Credit Card,0,0,136909.06
C104203,62.0,Male,Pune,42,2269.96,86776.69,23.0,1,60.0,Monthly,Wallet,1,0,108789.28
C104204,49.0,Female,Delhi,26,1728.64,49277.59,10.0,1,90.0,Quarterly,Credit Card,0,0,82084.88
C104205,51.0,Female,Mumbai,11,505.42,5786.64,18.0,0,71.0,Monthly,UPI,0,0,34963.83
C104206,62.0,Female,Bengaluru,25,2681.64,69590.73,1.0,4,22.0,Annual,UPI,1,0,82253.89
C104207,36.0,Male,Bengaluru,40,2555.2,108502.21,10.0,1,44.0,Monthly,Credit Card,0,0,118769.23
C104208,55.0,Female,Delhi,25,2260.63,58953.92,20.0,0,100.0,Annual,Wallet,1,0,101156.79
C104209,33.0,Female,Kolkata,52,1866.37,96556.93,27.0,1,75.0,Annual,Credit Card,0,0,132671.11
C104210,19.0,Female,Chennai,3,1964.79,5443.33,29.0,1,35.0,Quarterly,Debit Card,0,0,51409.46
C104211,57.0,Male,Bengaluru,39,2555.52,93895.68,13.0,5,77.0,Monthly,Debit Card,0,0,121276.5
C104212,34.0,Male,Bengaluru,35,1326.37,43695.39,20.0,2,50.0,Annual,Bank Transfer,1,0,78886.85
C104213,44.0,Female,Hyderabad,40,1397.99,59155.51,13.0,3,98.0,Monthly,Credit Card,1,0,81751.8
C104214,59.0,Female,Mumbai,22,1388.52,28432.37,10.0,3,40.0,Monthly,UPI,1,0,52365.69
C104215,33.0,Male,Other,62,1070.43,63106.83,32.0,1,57.0,Monthly,Credit Card,1,0,82648.9
C104216,55.0,Male,Pune,19,3784.84,74109.08,8.0,1,92.0,Annual,UPI,0,0,134401.53
C104217,19.0,Male,Kolkata,14,2131.68,26770.71,13.0,1,48.0,Annual,UPI,1,0,59272.77
C104218,19.0,Female,Delhi,50,1316.07,68735.53,24.0,1,90.0,Annual,Credit Card,0,0,96989.08
C104219,43.0,Male,Mumbai,62,904.68,57251.6,1.0,3,49.0,Quarterly,Credit Card,0,0,67584.32
C104220,30.0,Male,Other,43,2346.57,98893.43,8.0,1,63.0,Monthly,Credit Card,0,0,116129.91
C104221,64.0,Male,Chennai,55,2793.54,136897.88,10.0,1,77.0,Annual,Bank Transfer,1,0,167805.82
C104222,48.0,Female,Kolkata,40,2420.9,90582.73,12.0,3,88.0,Monthly,Bank Transfer,0,0,116831.26
C104223,51.0,Male,Pune,12,3019.2,34333.84,20.0,5,100.0,Monthly,Debit Card,1,0,96404.35
C104224,56.0,Male,Bengaluru,65,1514.21,87129.34,15.0,2,50.0,Monthly,Bank Transfer,0,0,106874.87
C104225,20.0,Female,Mumbai,34,964.74,30124.24,13.0,2,54.0,Monthly,Debit Card,1,0,56944.54
C104226,25.0,Male,Chennai,23,3720.82,75508.08,10.0,1,72.0,Annual,Debit Card,0,0,124926.61
C104227,40.0,Male,Hyderabad,71,1356.17,85833.54,13.0,0,78.0,Monthly,UPI,1,0,110494.34
C104228,31.0,Female,Bengaluru,7,2214.49,14086.96,11.0,3,43.0,Monthly,Bank Transfer,0,0,44414.81
C104229,44.0,Male,Kolkata,65,1254.24,78367.01,23.0,0,64.0,Quarterly,Credit Card,1,0,92272.99
C104230,46.0,Female,Pune,18,2496.67,43261.11,18.0,1,53.0,Monthly,Debit Card,0,0,85171.78
C104231,56.0,Male,Bengaluru,8,969.14,8345.38,22.0,2,66.0,Monthly,Bank Transfer,1,0,39260.14
C104232,70.0,Female,Bengaluru,42,3715.51,157838.34,1.0,0,67.0,Annual,Bank Transfer,1,0,165569.19
C104233,56.0,Male,Mumbai,1,2052.55,1834.37,26.0,0,90.0,Monthly,Credit Card,0,0,61808.15
C104234,18.0,Female,Chennai,15,1175.94,15714.48,17.0,0,100.0,Annual,UPI,1,0,56706.56
C104235,34.0,Male,Mumbai,28,418.02,11271.65,13.0,3,80.0,Monthly,Credit Card,0,0,21031.24
C104236,58.0,Male,Delhi,36,1753.15,65585.09,7.0,2,36.0,Monthly,Credit Card,0,0,69285.1
C104237,47.0,Female,Chennai,46,2515.09,117182.83,11.0,1,71.0,Quarterly,Credit Card,1,0,137957.06
C104238,70.0,Female,Hyderabad,21,1499.77,29052.48,23.0,2,80.0,Monthly,UPI,0,0,68149.25
C104239,30.0,Male,Mumbai,49,2640.52,129703.06,15.0,2,46.0,Monthly,Debit Card,0,0,149436.43
C104240,38.0,Female,Bengaluru,39,1139.65,47963.46,15.0,2,60.0,Monthly,Credit Card,0,0,65730.3
C104241,36.0,Male,Bengaluru,38,2295.76,81026.46,7.0,2,81.0,Monthly,Credit Card,0,0,110941.67
C104242,70.0,Female,Bengaluru,9,1619.15,14998.3,19.0,3,53.0,Monthly,Debit Card,0,0,36234.11
C104243,36.0,Male,Chennai,20,2272.58,50053.43,1.0,1,81.0,Monthly,Debit Card,0,0,60368.62
C104244,42.0,Female,Kolkata,8,1265.54,10295.27,15.0,2,58.0,Monthly,Credit Card,0,0,34165.06
C104245,39.0,Male,Delhi,14,1673.83,25641.23,10.0,1,67.0,Annual,Bank Transfer,1,0,57460.57
C104246,48.0,Male,Delhi,62,901.56,51985.07,22.0,1,49.0,Monthly,Debit Card,0,0,61459.18
C104247,34.0,Male,Chennai,35,2558.74,87812.11,16.0,2,73.0,Monthly,UPI,0,0,113369.41
C104248,40.0,Male,Hyderabad,55,1480.81,82854.84,19.0,1,77.0,Quarterly,Debit Card,0,0,96901.94
C104249,49.0,Female,Bengaluru,45,1734.28,70634.7,11.0,4,51.0,Annual,Credit Card,1,0,90348.65
C104250,27.0,Other,Pune,21,1467.86,31361.74,17.0,3,66.0,Monthly,Debit Card,1,1,74682.7
C104251,27.0,Female,Chennai,53,2154.14,113979.36,17.0,6,78.0,Monthly,Bank Transfer,0,0,133169.36
C104252,53.0,Male,Mumbai,54,399.0,21839.16,16.0,0,89.0,Monthly,Credit Card,1,0,47381.96
C104253,25.0,Male,Hyderabad,43,968.0,44301.26,17.0,3,76.0,Monthly,Bank Transfer,1,0,58561.3
C104254,69.0,Female,Kolkata,6,2680.72,15107.89,13.0,1,100.0,Monthly,UPI,0,0,69541.45
C104255,37.0,Female,Kolkata,55,1950.19,106401.94,17.0,2,85.0,Monthly,Wallet,1,0,129216.12
C104256,49.0,Male,Hyderabad,44,1406.75,61714.3,11.0,5,93.0,Monthly,Bank Transfer,0,0,86380.38
C104257,67.0,Female,Delhi,68,2374.07,170557.52,9.0,6,34.0,Monthly,Bank Transfer,1,0,148371.31
C104258,31.0,Female,Hyderabad,4,1933.01,7935.92,12.0,2,63.0,Monthly,Credit Card,0,1,38020.72
C104259,67.0,Female,Mumbai,63,2678.98,184193.19,20.0,0,92.0,Quarterly,Debit Card,0,0,188716.65
C104260,45.0,Male,Hyderabad,58,1404.25,72875.57,12.0,3,79.0,Monthly,Debit Card,1,0,80922.06
C104261,63.0,Male,Hyderabad,54,1280.78,65161.36,22.0,2,100.0,Monthly,UPI,1,0,98983.49
C104262,69.0,Female,Hyderabad,38,899.58,32392.93,17.0,2,60.0,Monthly,UPI,0,0,58810.8
C104263,70.0,Female,Other,60,2505.78,162466.43,17.0,2,42.0,Monthly,Credit Card,1,0,152764.9
C104264,41.0,Male,Pune,52,2744.62,128690.26,9.0,2,58.0,Annual,UPI,0,0,158443.32
C104265,32.0,Male,Hyderabad,29,2504.71,78500.03,21.0,8,29.0,Annual,Credit Card,0,0,99370.77
C104266,39.0,Female,Mumbai,40,1158.24,48790.55,13.0,2,94.0,Monthly,Debit Card,0,1,70765.8
C104267,47.0,Male,Bengaluru,71,870.32,57298.57,1.0,4,18.0,Monthly,UPI,0,0,49485.23
C104268,21.0,Male,Bengaluru,8,2384.07,19852.06,21.0,0,94.0,Quarterly,Bank Transfer,0,0,78635.34
C104269,30.0,Female,Kolkata,35,1959.56,63546.22,21.0,1,82.0,Monthly,UPI,1,0,103368.58
C104270,40.0,Female,Hyderabad,16,1452.93,22024.3,12.0,1,100.0,Annual,Wallet,0,0,55092.72
C104271,25.0,Female,Mumbai,18,2206.86,41362.63,20.0,2,87.0,Monthly,Wallet,0,0,79081.66
C104272,35.0,Male,Chennai,59,3015.51,168889.13,5.0,1,100.0,Quarterly,UPI,1,0,201924.12
C104273,44.0,Female,Hyderabad,34,1573.77,47759.02,15.0,2,27.0,Monthly,Credit Card,1,0,62717.17
C104274,48.0,Female,Chennai,4,1745.28,6736.1,28.0,2,95.0,Monthly,Credit Card,1,0,59590.99
C104275,31.0,Male,Other,69,2412.68,171915.88,9.0,3,100.0,Monthly,Bank Transfer,1,0,181601.62
C104276,51.0,Female,Pune,65,2605.04,156748.91,3.0,2,30.0,Quarterly,UPI,1,0,165165.64
C104277,35.0,Male,Hyderabad,61,2086.92,136425.98,15.0,1,99.0,Annual,Debit Card,1,0,151714.18
C104278,51.0,Male,Pune,46,905.0,37892.22,25.0,3,69.0,Annual,Debit Card,1,0,55581.06
C104279,28.0,Male,Other,21,2490.96,54713.76,3.0,2,74.0,Monthly,Debit Card,0,0,81112.83
C104280,58.0,Male,Bengaluru,38,1375.39,50061.43,13.0,3,88.0,Quarterly,Credit Card,1,0,74631.8
C104281,29.0,Male,Bengaluru,60,2073.07,126118.19,22.0,3,48.0,Monthly,Debit Card,1,0,142320.82
C104282,66.0,Female,Hyderabad,36,2540.2,101047.66,20.0,2,87.0,Quarterly,UPI,0,0,121876.33
C104283,32.0,Male,Bengaluru,6,2248.17,15045.76,16.0,2,55.0,Monthly,Debit Card,0,0,64745.63
C104284,48.0,Female,Delhi,39,1869.06,73430.68,12.0,1,84.0,Quarterly,Wallet,1,0,95769.99
C104285,66.0,Female,Bengaluru,29,2025.73,53692.68,17.0,2,84.0,Annual,UPI,0,0,93793.26
C104286,46.0,Male,Hyderabad,27,1566.09,45880.91,23.0,4,100.0,Annual,Bank Transfer,0,0,80667.86
C104287,43.0,Male,Bengaluru,69,1968.28,143600.2,11.0,1,55.0,Monthly,Credit Card,1,0,131381.92
C104288,35.0,Female,Chennai,9,1107.35,10007.84,21.0,2,79.0,Monthly,Debit Card,1,0,44758.52
C104289,49.0,Female,Mumbai,24,2599.19,59491.56,20.0,3,43.0,Annual,Credit Card,0,0,94328.33
C104290,39.0,Male,Delhi,63,2656.01,166000.75,14.0,3,100.0,Annual,Bank Transfer,0,0,173358.64
C104291,55.0,Male,Hyderabad,19,1759.42,32161.77,6.0,3,69.0,Monthly,Credit Card,0,0,63708.52
C104292,34.0,Female,Chennai,30,1596.46,50727.52,10.0,0,91.0,Annual,Bank Transfer,1,0,72800.09
C104293,40.0,Male,Bengaluru,58,915.11,56171.76,27.0,3,100.0,Annual,Bank Transfer,1,0,85004.5
C104294,41.0,Female,Other,40,1267.92,44728.05,26.0,1,81.0,Monthly,Debit Card,0,0,77205.71
C104295,67.0,Female,Bengaluru,68,1344.42,83140.03,17.0,0,64.0,Quarterly,Debit Card,1,0,109404.63
C104296,25.0,Male,Hyderabad,32,1844.08,59268.98,33.0,1,85.0,Quarterly,UPI,1,0,92135.09
C104297,58.0,Male,Hyderabad,65,1224.12,85785.36,15.0,3,100.0,Quarterly,UPI,0,0,92389.64
C104298,23.0,Male,Bengaluru,34,2377.42,89689.9,7.0,2,76.0,Monthly,UPI,0,0,101176.54
C104299,22.0,Female,Hyderabad,31,2727.56,87144.04,6.0,1,76.0,Monthly,Credit Card,1,0,117063.86
C104300,61.0,Male,Delhi,59,1878.77,106253.86,6.0,2,100.0,Monthly,Bank Transfer,1,0,121468.62
C104301,46.0,Male,Pune,26,919.44,22353.75,18.0,2,99.0,Quarterly,Credit Card,1,0,47102.5
C104302,44.0,Female,Bengaluru,22,589.46,14043.72,11.0,3,61.0,Annual,Debit Card,0,0,31085.74
C104303,28.0,Male,Mumbai,34,1836.76,67835.51,11.0,7,53.0,Quarterly,Debit Card,0,0,81764.33
C104304,18.0,Female,Delhi,13,1541.36,20032.3,16.0,3,54.0,Monthly,Bank Transfer,1,0,39442.77
C104305,60.0,Female,Chennai,55,1380.61,76156.21,27.0,3,100.0,Annual,UPI,1,0,106193.77
C104306,36.0,Male,Hyderabad,8,1615.68,12049.62,28.0,1,55.0,Monthly,UPI,0,0,50311.17
C104307,26.0,Female,Bengaluru,62,3639.79,223472.4,18.0,1,75.0,Annual,Credit Card,0,0,233317.75
C104308,44.0,Female,Kolkata,22,2980.57,67510.85,21.0,3,99.0,Quarterly,Bank Transfer,0,0,122377.05
C104309,51.0,Male,Pune,56,2948.22,160291.97,21.0,3,57.0,Quarterly,Credit Card,0,0,177501.69
C104310,61.0,Male,Hyderabad,21,1508.65,34638.82,18.0,0,100.0,Quarterly,Debit Card,0,0,78362.85
C104311,21.0,Male,Bengaluru,49,1608.78,85976.72,8.0,4,24.0,Monthly,Wallet,0,0,77900.51
C104312,53.0,Female,Pune,6,2437.03,16113.42,19.0,4,88.0,Monthly,Credit Card,0,0,59469.15
C104313,35.0,Male,Mumbai,35,1835.31,56934.78,12.0,1,66.0,Monthly,UPI,1,0,86022.12
C104314,32.0,Female,Pune,27,2183.31,53282.96,11.0,3,76.0,Quarterly,Credit Card,1,0,89987.28
C104315,68.0,Female,Hyderabad,40,979.74,35521.31,18.0,2,84.0,Monthly,Debit Card,1,0,58818.8
C104316,30.0,Male,Other,14,2084.92,29813.74,27.0,2,79.0,Quarterly,Debit Card,1,0,68096.0
C104317,36.0,Female,Pune,52,1076.8,51447.69,18.0,1,77.0,Annual,Wallet,1,0,69353.05
C104318,66.0,Male,Hyderabad,40,399.0,15975.25,12.0,2,59.0,Monthly,Credit Card,0,0,41988.51
C104319,23.0,Female,Mumbai,43,1550.09,71703.45,14.0,4,69.0,Quarterly,Debit Card,0,0,76706.14
C104320,65.0,Female,Hyderabad,58,2668.75,162038.09,19.0,4,74.0,Annual,Bank Transfer,1,0,174112.32
C104321,29.0,Male,Bengaluru,3,2045.0,5788.77,15.0,2,29.0,Monthly,Bank Transfer,1,0,44037.99
C104322,68.0,Male,Delhi,15,1934.04,29385.87,13.0,0,67.0,Annual,Debit Card,0,0,65217.16
C104323,54.0,Female,Bengaluru,45,428.97,19853.6,10.0,0,58.0,Monthly,Credit Card,1,0,32396.76
C104324,34.0,Female,Delhi,11,748.32,8065.31,11.0,2,81.0,Monthly,Debit Card,1,0,32874.62
C104325,40.0,Female,Bengaluru,39,1864.74,66550.24,23.0,0,92.0,Annual,UPI,0,0,105137.15
C104326,43.0,Male,Delhi,19,1825.2,37764.25,16.0,1,100.0,Annual,Credit Card,0,0,77595.79
C104327,46.0,Male,Bengaluru,20,1762.93,38529.89,11.0,2,100.0,Monthly,Bank Transfer,0,0,72676.63
C104328,50.0,Male,Pune,71,2969.45,226816.08,15.0,1,46.0,Monthly,UPI,0,0,201093.74
C104329,44.0,Female,Hyderabad,56,2142.33,130444.63,19.0,3,100.0,Annual,Credit Card,1,0,136425.19
C104330,42.0,Male,Bengaluru,4,2922.5,12173.15,8.0,4,13.0,Annual,UPI,1,0,39194.47
C104331,44.0,Male,Chennai,9,1331.55,11728.62,18.0,4,75.0,Quarterly,UPI,1,0,44934.68
C104332,64.0,Female,Chennai,25,399.0,9054.25,19.0,1,79.0,Monthly,UPI,0,0,35357.48
C104333,40.0,Female,Chennai,47,2748.55,138829.34,27.0,3,96.0,Annual,UPI,0,0,152627.01
C104334,38.0,Male,Chennai,49,2662.99,123253.36,18.0,4,66.0,Monthly,Credit Card,0,0,140802.13
C104335,38.0,Male,Other,27,3001.27,74652.95,5.0,1,71.0,Annual,UPI,1,0,106291.31
C104336,60.0,Female,Hyderabad,28,1186.67,32392.28,19.0,2,71.0,Monthly,Bank Transfer,0,0,56363.86
C104337,30.0,Male,Pune,62,1420.37,91482.63,17.0,2,100.0,Quarterly,UPI,0,0,106118.39
C104338,54.0,Male,Mumbai,16,1438.59,23388.32,16.0,1,75.0,Monthly,UPI,0,0,63045.52
C104339,50.0,Male,Chennai,46,2130.36,98945.67,23.0,3,100.0,Monthly,Bank Transfer,0,0,128230.73
C104340,41.0,Female,Delhi,46,1435.04,60034.46,18.0,5,55.0,Annual,Credit Card,1,0,78235.91
C104341,61.0,Female,Pune,40,2013.15,73814.73,20.0,5,100.0,Monthly,Debit Card,0,0,100777.43
C104342,28.0,Male,Chennai,34,2645.51,79565.36,11.0,2,49.0,Annual,Bank Transfer,0,0,121908.53
C104343,34.0,Male,Kolkata,10,2260.39,21239.85,19.0,3,96.0,Quarterly,UPI,0,0,66897.76
C104344,21.0,Female,Hyderabad,1,1148.79,1162.26,12.0,1,73.0,Monthly,Bank Transfer,0,0,30104.03
C104345,64.0,Other,Delhi,66,2425.86,145647.11,11.0,3,77.0,Quarterly,Credit Card,1,0,153696.48
C104346,42.0,Female,Bengaluru,17,1845.34,28791.95,12.0,4,72.0,Quarterly,Debit Card,1,0,57696.5
C104347,47.0,Other,Chennai,47,1425.46,71078.8,5.0,5,55.0,Monthly,Bank Transfer,0,0,75753.7
C104348,26.0,Female,Mumbai,24,2467.53,56137.13,13.0,2,94.0,Monthly,Credit Card,0,0,106609.2
C104349,38.0,Female,Chennai,50,1843.24,95298.7,14.0,5,79.0,Monthly,Bank Transfer,0,0,117681.33
C104350,37.0,Male,Chennai,29,2719.59,87580.25,10.0,2,100.0,Monthly,Debit Card,0,0,110916.19
C104351,36.0,Male,Bengaluru,72,2486.6,193391.41,26.0,1,100.0,Monthly,Wallet,1,0,178966.02
C104352,36.0,Male,Mumbai,13,2497.75,35741.62,15.0,1,100.0,Annual,Bank Transfer,0,0,88181.12
C104353,29.0,Female,Mumbai,64,1774.07,124162.92,13.0,1,81.0,Quarterly,Debit Card,0,0,131541.81
C104354,54.0,Female,Bengaluru,28,873.19,21995.55,10.0,1,36.0,Monthly,UPI,0,0,30441.07
C104355,59.0,Female,Hyderabad,5,1089.08,5639.21,24.0,1,78.0,Annual,UPI,0,0,44320.58
C104356,34.0,Male,Pune,9,3729.5,36016.16,11.0,4,29.0,Annual,Bank Transfer,1,0,69650.61
C104357,54.0,Male,Pune,14,2146.68,29099.21,15.0,1,46.0,Monthly,UPI,1,0,57769.8
C104358,65.0,Male,Hyderabad,10,2660.05,23945.6,19.0,4,64.0,Monthly,Wallet,0,1,58544.83
C104359,56.0,Male,Bengaluru,33,2151.02,63325.46,6.0,5,82.0,Annual,Credit Card,0,0,96525.12
C104360,45.0,Female,Bengaluru,40,1732.74,66603.33,13.0,2,72.0,Monthly,UPI,1,0,85654.41
C104361,58.0,Female,Kolkata,6,2111.09,13577.02,16.0,1,48.0,Annual,Credit Card,1,0,50894.81
C104362,52.0,Male,Pune,17,1947.41,34737.37,14.0,2,9.0,Monthly,Credit Card,1,0,56958.24
C104363,64.0,Male,Hyderabad,36,1829.29,69738.08,17.0,1,100.0,Quarterly,Debit Card,1,0,97563.11
C104364,65.0,Female,Pune,70,2861.44,180603.7,15.0,3,72.0,Quarterly,Debit Card,0,0,194181.31
C104365,35.0,Male,Hyderabad,61,2362.17,133138.02,21.0,0,99.0,Monthly,Credit Card,0,0,162532.72
C104366,31.0,Female,Bengaluru,49,2057.57,105850.73,8.0,2,80.0,Monthly,Debit Card,0,0,123531.33
C104367,52.0,Male,Kolkata,69,2359.35,181545.58,18.0,2,59.0,Quarterly,Wallet,0,0,157105.5
C104368,61.0,Male,Kolkata,71,2679.45,175179.54,14.0,2,78.0,Annual,Debit Card,0,0,208536.56
C104369,58.0,Male,Pune,24,2030.32,47427.46,15.0,4,94.0,Quarterly,Debit Card,1,0,78828.66
C104370,24.0,Male,Chennai,51,2447.13,122505.2,18.0,0,58.0,Annual,Wallet,1,0,139585.73
C104371,58.0,Female,Bengaluru,42,2284.34,104551.68,7.0,0,83.0,Monthly,UPI,1,0,120474.31
C104372,30.0,Male,Kolkata,19,2254.58,39216.31,13.0,3,65.0,Monthly,Debit Card,1,0,63670.27
C104373,35.0,Male,Delhi,62,1791.67,107489.97,22.0,1,95.0,Quarterly,Bank Transfer,0,0,139425.82
C104374,54.0,Male,Bengaluru,67,2330.15,153291.44,9.0,2,65.0,Monthly,Credit Card,0,0,167229.9
C104375,30.0,Male,Chennai,30,1112.28,29936.31,16.0,2,100.0,Monthly,Credit Card,0,0,64047.82
C104376,53.0,Male,Kolkata,38,1903.15,75792.23,16.0,2,100.0,Quarterly,Debit Card,1,0,88628.23
C104377,48.0,Female,Kolkata,6,2054.94,13583.17,16.0,5,96.0,Annual,Debit Card,0,0,59285.26
C104378,19.0,Female,Delhi,22,2289.44,53902.17,1.0,1,100.0,Monthly,UPI,1,0,85659.42
C104379,33.0,Female,Delhi,11,1352.94,13608.31,26.0,4,100.0,Monthly,UPI,1,0,72515.13
C104380,26.0,Male,Hyderabad,72,1701.49,115388.83,9.0,0,41.0,Annual,UPI,1,0,124570.3
C104381,26.0,Male,Mumbai,29,1261.15,36600.76,25.0,2,64.0,Monthly,UPI,0,0,67244.78
C104382,55.0,Male,Delhi,8,2220.7,16126.69,8.0,5,100.0,Monthly,Credit Card,0,0,60583.8
C104383,28.0,Male,Hyderabad,35,945.47,33590.21,18.0,2,53.0,Annual,Credit Card,1,0,48589.42
C104384,39.0,Female,Pune,72,1206.95,80198.69,12.0,0,70.0,Monthly,Credit Card,0,0,100105.4
C104385,50.0,Female,Kolkata,72,494.68,39002.74,9.0,4,24.0,Monthly,UPI,1,0,26725.86
C104386,53.0,Female,Bengaluru,45,1353.83,59934.02,33.0,3,78.0,Monthly,Bank Transfer,0,0,83397.54
C104387,44.0,Male,Pune,33,1821.92,55156.17,13.0,0,99.0,Monthly,Debit Card,0,0,94324.04
C104388,40.0,Male,Delhi,5,2583.23,12190.81,5.0,2,82.0,Quarterly,Wallet,1,0,56633.14
C104389,62.0,Female,Mumbai,62,2667.69,146615.24,24.0,2,82.0,Monthly,Credit Card,1,0,183148.11
C104390,62.0,Male,Pune,37,892.65,32051.94,20.0,3,43.0,Monthly,Bank Transfer,0,0,52598.4
C104391,51.0,Female,Bengaluru,17,1554.07,25793.92,26.0,1,100.0,Quarterly,Bank Transfer,1,0,61684.9
C104392,26.0,Female,Pune,22,2324.62,52512.15,6.0,2,90.0,Annual,Debit Card,0,0,91152.91
C104393,41.0,Female,Bengaluru,32,1839.1,55509.3,9.0,4,73.0,Annual,Credit Card,0,0,79856.02
C104394,25.0,Female,Pune,14,1511.03,23115.35,18.0,2,81.0,Annual,Debit Card,1,0,65130.28
C104395,24.0,Male,Chennai,20,658.81,11890.38,13.0,0,64.0,Monthly,Credit Card,0,0,42445.17
C104396,53.0,Male,Hyderabad,22,1077.63,25486.46,11.0,1,67.0,Monthly,UPI,1,0,54260.22
C104397,35.0,Male,Chennai,30,2631.11,76263.03,20.0,4,49.0,Quarterly,UPI,0,0,109467.12
C104398,20.0,Female,Bengaluru,54,2537.27,125160.56,7.0,3,96.0,Monthly,UPI,0,0,170383.55
C104399,45.0,Male,Hyderabad,33,3801.8,122423.59,6.0,3,84.0,Annual,UPI,0,0,155786.06
C104400,23.0,Female,Hyderabad,5,2379.51,12560.86,18.0,5,77.0,Monthly,Debit Card,1,0,59683.41
C104401,61.0,Female,Pune,18,1163.4,19219.38,8.0,2,57.0,Monthly,Bank Transfer,0,0,49468.68
C104402,61.0,Female,Kolkata,63,2105.6,117835.28,11.0,5,100.0,Monthly,Credit Card,0,0,137279.24
C104403,38.0,Male,Kolkata,46,2160.21,92016.07,17.0,2,91.0,Monthly,Bank Transfer,0,0,127906.99
C104404,45.0,Male,Pune,7,2229.51,16350.93,10.0,1,88.0,Quarterly,Debit Card,0,0,68974.26
C104405,57.0,Female,Pune,29,1696.12,47020.41,8.0,0,88.0,Quarterly,Credit Card,1,0,84163.22
C104406,18.0,Female,Hyderabad,57,1615.84,102508.23,25.0,2,91.0,Monthly,Credit Card,0,0,123936.68
C104407,53.0,Female,Pune,47,2365.11,99381.35,13.0,3,65.0,Annual,Credit Card,1,0,130966.37
C104408,38.0,Male,Pune,9,1249.52,12155.78,20.0,2,26.0,Monthly,Credit Card,1,0,34755.69
C104409,60.0,Female,Hyderabad,59,2763.13,180149.38,10.0,2,46.0,Annual,Debit Card,0,0,174741.01
C104410,52.0,Female,Delhi,71,1100.2,73980.19,15.0,2,30.0,Quarterly,Debit Card,0,0,79476.64
C104411,30.0,Male,Chennai,71,1032.15,72253.02,17.0,0,83.0,Quarterly,Debit Card,0,0,101982.45
C104412,66.0,Female,Kolkata,43,1791.0,78064.3,14.0,2,93.0,Annual,Credit Card,0,0,108184.36
C104413,27.0,Female,Delhi,59,2410.26,138827.03,17.0,1,79.0,Annual,UPI,0,0,172728.87
C104414,70.0,Male,Other,6,2458.86,13788.31,29.0,0,54.0,Monthly,UPI,1,0,69392.24
C104415,61.0,Male,Hyderabad,53,2097.64,107455.81,21.0,1,66.0,Monthly,Wallet,0,0,130238.42
C104416,64.0,Female,Hyderabad,64,1403.29,93770.98,18.0,0,85.0,Monthly,Credit Card,0,0,108955.68
C104417,70.0,Male,Other,4,1698.08,6598.93,22.0,4,59.0,Monthly,Bank Transfer,0,0,46480.84
C104418,27.0,Female,Hyderabad,1,1509.88,1455.55,15.0,2,72.0,Quarterly,Credit Card,1,0,43349.52
C104419,63.0,Female,Chennai,70,2489.91,164332.72,26.0,2,86.0,Quarterly,Credit Card,0,0,195046.71
C104420,30.0,Female,Delhi,31,1936.19,66897.72,5.0,3,76.0,Monthly,UPI,0,0,83539.33
C104421,54.0,Female,Kolkata,65,2704.65,193774.72,18.0,5,49.0,Monthly,Debit Card,0,0,164703.41
C104422,55.0,Male,Bengaluru,69,2299.9,169312.87,24.0,3,100.0,Quarterly,Credit Card,0,0,167799.44
C104423,41.0,Male,Hyderabad,19,1623.76,34011.62,5.0,1,74.0,Monthly,Credit Card,1,1,61147.8
C104424,19.0,Female,Mumbai,69,1716.53,117603.32,16.0,6,67.0,Quarterly,UPI,0,0,128299.77
C104425,39.0,Male,Chennai,69,1853.16,122944.23,11.0,3,69.0,Monthly,Debit Card,1,0,129010.39
C104426,34.0,Female,Bengaluru,49,1761.98,91497.43,6.0,0,100.0,Monthly,Credit Card,1,0,107772.54
C104427,53.0,Female,Kolkata,31,2546.16,82244.57,16.0,3,61.0,Annual,Wallet,1,0,110657.01
C104428,31.0,Male,Pune,60,2074.96,136767.51,13.0,3,57.0,Monthly,Debit Card,1,0,125243.71
C104429,27.0,Male,Pune,71,1694.11,109290.86,23.0,1,80.0,Annual,Debit Card,1,0,130995.67
C104430,52.0,Female,Hyderabad,55,3130.07,183210.73,14.0,2,40.0,Monthly,UPI,0,0,166186.05
C104431,42.0,Female,Delhi,38,1935.62,72370.55,7.0,4,100.0,Monthly,Credit Card,0,0,86512.89
C104432,20.0,Male,Other,33,1421.71,50089.82,15.0,2,48.0,Annual,Credit Card,0,0,63908.4
C104433,64.0,Female,Mumbai,6,2202.61,13138.94,11.0,4,85.0,Quarterly,Wallet,1,0,62024.61
C104434,55.0,Female,Hyderabad,13,1363.98,18425.37,25.0,3,83.0,Annual,Credit Card,1,0,50042.82
C104435,34.0,Other,Other,20,2255.21,47101.81,18.0,0,73.0,Annual,UPI,0,0,75455.47
C104436,29.0,Male,Mumbai,37,1764.32,68662.34,15.0,2,83.0,Monthly,Credit Card,1,0,94140.37
C104437,69.0,Male,Pune,45,2091.2,93310.38,28.0,1,67.0,Annual,Credit Card,0,0,120595.08
C104438,41.0,Female,Hyderabad,59,1858.615,75887.37,17.0,1,88.0,Monthly,Credit Card,0,0,101772.97
C104439,46.0,Female,Delhi,52,1721.91,95778.3,12.0,1,51.0,Monthly,UPI,1,0,95846.05
C104440,60.0,Male,Kolkata,18,1982.85,35370.18,12.0,2,52.0,Annual,UPI,1,0,73603.22
C104441,42.0,Female,Mumbai,25,1792.96,40442.37,19.0,2,49.0,Monthly,Debit Card,0,0,67858.3
C104442,53.0,Female,Bengaluru,1,3254.01,3152.3,9.0,2,62.0,Annual,UPI,0,0,54998.95
C104443,43.0,Male,Hyderabad,41,1437.76,57225.2,35.0,1,89.0,Monthly,UPI,0,0,104862.86
C104444,55.0,Female,Bengaluru,18,1942.32,38923.23,17.0,5,87.0,Monthly,UPI,0,0,67299.53
C104445,18.0,Female,Bengaluru,1,948.11,981.97,17.0,7,65.0,Monthly,Debit Card,0,0,33830.31
C104446,37.0,Male,Delhi,39,454.74,18176.57,2.0,0,68.0,Monthly,Debit Card,1,0,22445.52
C104447,45.0,Male,Hyderabad,31,1591.17,48729.43,1.0,2,61.0,Monthly,Bank Transfer,0,0,56373.28
C104448,33.0,Female,Hyderabad,71,2721.34,172620.26,11.0,1,79.0,Monthly,UPI,0,0,205701.84
C104449,64.0,Male,Chennai,38,981.63,40535.74,11.0,4,54.0,Quarterly,Credit Card,0,0,56434.69
C104450,34.0,Male,Chennai,8,2517.91,21510.99,10.0,3,80.0,Annual,UPI,1,0,56115.64
C104451,57.0,Female,Delhi,34,2570.8,78272.96,13.0,2,57.0,Monthly,Credit Card,1,0,121639.47
C104452,45.0,Female,Delhi,27,2729.79,71928.84,1.0,1,72.0,Monthly,Credit Card,0,0,96219.61
C104453,29.0,Female,Kolkata,41,2234.28,99782.79,20.0,0,69.0,Monthly,Debit Card,0,0,110971.69
C104454,44.0,Female,Bengaluru,7,1281.02,8801.36,15.0,0,92.0,Monthly,UPI,0,0,55834.9
C104455,70.0,Male,Mumbai,32,1008.33,30660.82,17.0,2,80.0,Monthly,UPI,0,0,49869.33
C104456,59.0,Male,Bengaluru,16,574.45,8598.76,16.0,2,99.0,Monthly,Credit Card,1,0,32971.66
C104457,64.0,Male,Hyderabad,2,3014.41,5650.3,9.0,0,79.0,Quarterly,Bank Transfer,1,0,67564.79
C104458,47.0,Male,Mumbai,43,2364.27,95037.62,17.0,1,72.0,Monthly,UPI,0,0,120461.41
C104459,58.0,Female,Pune,31,2216.67,62411.12,24.0,3,100.0,Monthly,Bank Transfer,0,0,104931.5
C104460,51.0,Female,Hyderabad,47,501.91,22538.75,10.0,1,36.0,Annual,Debit Card,0,0,46649.68
C104461,54.0,Female,Hyderabad,33,2458.91,87135.03,22.0,2,77.0,Annual,Wallet,0,0,114261.96
C104462,23.0,Male,Delhi,17,1930.18,35633.76,25.0,1,78.0,Monthly,UPI,0,0,81122.21
C104463,24.0,Male,Delhi,54,2014.58,97149.71,16.0,7,80.0,Quarterly,Debit Card,0,0,113334.93
C104464,49.0,Female,Chennai,54,1528.03,83494.63,14.0,2,52.0,Quarterly,Bank Transfer,1,0,107054.18
C104465,49.0,Male,Delhi,51,1906.43,104928.38,13.0,3,89.0,Quarterly,UPI,0,0,110638.57
C104466,70.0,Male,Other,52,1369.25,67388.43,15.0,3,100.0,Annual,Debit Card,1,0,78562.91
C104467,42.0,Female,Bengaluru,7,1850.08,12298.82,31.0,5,83.0,Monthly,Wallet,0,0,59989.73
C104468,50.0,Male,Bengaluru,54,971.63,53946.34,10.0,4,61.0,Quarterly,Debit Card,0,0,61695.03
C104469,24.0,Male,Hyderabad,11,2713.56,30125.13,19.0,4,85.0,Annual,Credit Card,1,0,86543.15
C104470,69.0,Female,Delhi,62,2350.24,150659.62,17.0,3,54.0,Quarterly,Bank Transfer,0,0,163442.66
C104471,29.0,Male,Bengaluru,30,2521.81,70950.23,23.0,5,67.0,Annual,UPI,0,0,105750.34
C104472,44.0,Female,Other,57,819.81,41858.45,15.0,2,64.0,Monthly,Debit Card,0,0,66165.53
C104473,33.0,Male,Delhi,46,2108.0,89483.88,18.0,0,64.0,Annual,Credit Card,1,0,113231.07
C104474,60.0,Male,Bengaluru,70,2520.41,159956.81,15.0,4,63.0,Annual,Credit Card,0,0,181277.49
C104475,70.0,Male,Hyderabad,66,2296.49,133709.92,10.0,2,85.0,Quarterly,Debit Card,0,0,168220.71
C104476,53.0,Female,Mumbai,55,2953.31,158176.11,14.0,2,65.0,Monthly,Credit Card,1,0,162279.71
C104477,30.0,Female,Bengaluru,58,1423.9,79397.87,4.0,1,65.0,Annual,Credit Card,1,0,88993.18
C104478,24.0,Other,Kolkata,10,1852.16,20506.18,13.0,1,53.0,Annual,UPI,1,0,50217.92
C104479,53.0,Female,Chennai,4,2081.72,8161.92,18.0,2,96.0,Monthly,Credit Card,1,0,43144.4
C104480,64.0,Female,Bengaluru,62,1909.57,129969.68,23.0,0,58.0,Monthly,Debit Card,0,0,134689.09
C104481,68.0,Male,Mumbai,43,2606.34,117686.1,10.0,1,83.0,Annual,Debit Card,1,0,127003.99
C104482,26.0,Male,Hyderabad,42,596.97,27691.22,15.0,4,80.0,Quarterly,Wallet,0,0,50562.29
C104483,49.0,Male,Mumbai,24,1586.8,36210.16,15.0,6,21.0,Monthly,Debit Card,1,0,46293.52
C104484,28.0,Male,Hyderabad,5,1841.65,9928.11,12.0,0,47.0,Annual,Credit Card,1,0,29800.12
C104485,25.0,Male,Mumbai,68,2308.81,149517.65,13.0,1,80.0,Monthly,Credit Card,0,0,158236.21
C104486,50.0,Male,Mumbai,45,2831.27,117987.93,20.0,8,71.0,Annual,UPI,0,0,142212.32
C104487,40.0,Male,Mumbai,59,2010.94,116375.82,30.0,2,82.0,Quarterly,Credit Card,0,0,145128.49
C104488,42.0,Male,Delhi,65,3349.98,197564.66,17.0,2,65.0,Annual,Wallet,0,0,228427.09
C104489,25.0,Male,Hyderabad,63,1758.52,123185.28,23.0,1,60.0,Monthly,UPI,0,0,117706.31
C104490,62.0,Female,Chennai,67,1650.22,110015.36,5.0,5,100.0,Annual,Debit Card,0,0,120235.62
C104491,39.0,Female,Chennai,49,2858.61,127783.29,17.0,1,86.0,Quarterly,UPI,0,0,167998.69
C104492,21.0,Male,Chennai,32,1688.99,48459.26,26.0,6,100.0,Monthly,Credit Card,0,0,80433.37
C104493,57.0,Male,Other,50,1317.0,73731.42,22.0,2,51.0,Monthly,Debit Card,0,0,74450.8
C104494,20.0,Male,Hyderabad,58,2458.98,147077.03,14.0,0,69.0,Quarterly,Credit Card,0,0,156152.07
C104495,46.0,Female,Delhi,52,1332.74,67843.85,22.0,5,86.0,Quarterly,Bank Transfer,0,0,109096.0
C104496,58.0,Male,Chennai,23,2409.16,51311.14,17.0,1,53.0,Annual,Debit Card,1,0,78766.22
C104497,46.0,Female,Mumbai,30,2692.09,77550.89,5.0,2,67.0,Quarterly,UPI,1,0,107844.56
C104498,51.0,Male,Pune,70,2052.14,157467.15,9.0,2,89.0,Annual,Bank Transfer,0,0,155889.41
C104499,51.0,Male,Hyderabad,71,2899.46,206936.64,20.0,3,77.0,Annual,UPI,0,0,214212.45
C104500,45.0,Male,Pune,30,2071.8,58922.66,13.0,3,76.0,Monthly,Debit Card,0,0,84764.47
C104501,30.0,Male,Hyderabad,37,803.42,32680.21,5.0,1,87.0,Monthly,UPI,0,0,67407.83
C104502,32.0,Female,Mumbai,48,2417.23,125728.2,17.0,0,66.0,Monthly,Debit Card,1,0,133109.54
C104503,40.0,Male,Pune,32,2809.84,83704.37,11.0,2,72.0,Monthly,UPI,0,0,125641.59
C104504,61.0,Female,Hyderabad,70,2136.07,148318.44,1.0,1,55.0,Monthly,Debit Card,0,0,136765.71
C104505,43.0,Female,Pune,35,1588.93,58992.46,14.0,5,43.0,Quarterly,Credit Card,0,0,55411.63
C104506,21.0,Female,Hyderabad,68,2001.39,123707.17,3.0,2,77.0,Monthly,Bank Transfer,0,0,151404.88
C104507,43.0,Female,Pune,32,1466.91,47020.41,14.0,1,92.0,Quarterly,UPI,0,0,76076.0
C104508,57.0,Male,Chennai,59,2730.0,155720.52,14.0,2,37.0,Monthly,Credit Card,0,0,168778.42
C104509,26.0,Male,Delhi,35,1982.74,70144.79,32.0,3,59.0,Monthly,Bank Transfer,1,0,113487.27
C104510,22.0,Male,Kolkata,16,2048.33,32789.28,20.0,3,53.0,Monthly,Bank Transfer,0,1,67532.3
C104511,49.0,Female,Chennai,52,1719.73,83282.81,15.0,0,45.0,Quarterly,UPI,0,0,99221.94
C104512,37.0,Male,Bengaluru,66,2523.08,173033.8,24.0,3,90.0,Monthly,Wallet,0,0,184960.12
C104513,67.0,Female,Kolkata,6,1230.63,6645.81,11.0,4,79.0,Monthly,Bank Transfer,1,0,33967.96
C104514,28.0,Male,Hyderabad,14,3366.13,44750.53,12.0,2,61.0,Monthly,Bank Transfer,0,0,103776.56
C104515,32.0,Female,Delhi,29,1851.05,50815.13,10.0,2,39.0,Quarterly,Credit Card,0,0,64384.97
C104516,49.0,Male,Kolkata,26,1970.17,55820.01,23.0,0,69.0,Quarterly,Debit Card,0,0,74316.75
C104517,45.0,Male,Delhi,18,1209.94,24354.36,15.0,1,91.0,Monthly,Debit Card,0,0,58194.84
C104518,39.0,Female,Hyderabad,4,2906.47,10795.36,15.0,0,95.0,Monthly,Bank Transfer,1,0,65611.95
C104519,58.0,Male,Hyderabad,57,2121.11,123359.96,20.0,2,29.0,Monthly,Bank Transfer,0,0,131343.01
C104520,34.0,Female,Bengaluru,53,2333.84,133802.11,7.0,8,36.0,Monthly,UPI,1,0,124526.21
C104521,43.0,Male,Chennai,25,1708.93,39832.07,9.0,1,90.0,Annual,Debit Card,0,0,78583.01
C104522,61.0,Male,Hyderabad,47,2703.74,140332.61,12.0,6,100.0,Monthly,Credit Card,1,0,145077.4
C104523,24.0,Female,Pune,52,1425.53,74452.62,16.0,4,85.0,Monthly,Credit Card,0,0,94816.08
C104524,59.0,Female,Bengaluru,34,2415.56,91740.18,17.0,1,47.0,Monthly,UPI,0,0,106415.94
C104525,43.0,Male,Other,16,1571.19,26909.03,13.0,5,50.0,Quarterly,Wallet,1,0,34869.77
C104526,42.0,Female,Pune,36,1293.29,46953.18,17.0,1,74.0,Annual,Debit Card,1,0,64221.37
C104527,27.0,Female,Kolkata,28,1499.66,40769.59,21.0,0,67.0,Monthly,UPI,1,0,64965.61
C104528,62.0,Female,Bengaluru,65,1071.28,74591.35,25.0,5,78.0,Quarterly,Bank Transfer,1,0,82163.46
C104529,36.0,Male,Mumbai,72,1778.16,131350.01,15.0,1,71.0,Monthly,Credit Card,0,0,144427.57
C104530,28.0,Male,Bengaluru,53,3089.13,164003.85,27.0,1,96.0,Annual,Bank Transfer,1,0,183405.24
C104531,30.0,Female,Bengaluru,42,2979.71,114287.74,16.0,2,57.0,Monthly,UPI,0,0,128910.33
C104532,70.0,Female,Mumbai,19,3421.98,66901.37,12.0,3,77.0,Monthly,UPI,0,0,109707.54
C104533,25.0,Female,Pune,44,1656.32,74717.86,12.0,1,50.0,Quarterly,UPI,1,0,80373.34
C104534,57.0,Male,Hyderabad,30,2004.7,59790.48,5.0,1,57.0,Annual,Credit Card,1,0,69672.21
C104535,21.0,Male,Bengaluru,44,2234.48,91705.43,12.0,2,66.0,Annual,UPI,1,0,117979.4
C104536,64.0,Female,Hyderabad,27,742.53,19044.64,19.0,3,76.0,Quarterly,Credit Card,0,0,36584.9
C104537,48.0,Male,Pune,34,1438.61,46092.52,9.0,1,36.0,Monthly,Credit Card,0,0,59683.49
C104538,45.0,Male,Other,24,1420.75,33050.76,9.0,2,43.0,Monthly,UPI,0,0,60524.67
C104539,28.0,Male,Hyderabad,56,1482.33,81256.91,12.0,1,62.0,Annual,Credit Card,0,0,99216.37
C104540,60.0,Female,Bengaluru,7,1584.1,10241.89,19.0,4,100.0,Monthly,UPI,0,0,53660.23
C104541,18.0,Male,Kolkata,68,881.31,60471.63,11.0,2,59.0,Quarterly,UPI,0,0,62224.29
C104542,66.0,Male,Bengaluru,51,1866.79,100875.08,1.0,2,10.0,Monthly,UPI,0,0,85935.54
C104543,64.0,Female,Delhi,8,773.26,5750.35,2.0,0,76.0,Monthly,Bank Transfer,0,0,34907.01
C104544,69.0,Female,Hyderabad,56,1415.51,88283.54,8.0,3,72.0,Quarterly,Credit Card,1,0,93902.6
C104545,55.0,Male,Chennai,58,709.2,37997.1,15.0,2,59.0,Monthly,Credit Card,1,0,59167.1
C104546,41.0,Male,Mumbai,69,2546.42,185566.81,13.0,2,74.0,Monthly,Debit Card,0,0,169680.62
C104547,64.0,Female,Pune,8,3103.89,25892.55,13.0,5,100.0,Quarterly,UPI,1,0,55152.93
C104548,48.0,Female,Bengaluru,66,1452.61,86987.86,24.0,2,76.0,Monthly,Bank Transfer,0,0,118066.92
C104549,58.0,Female,Bengaluru,24,1493.37,39213.9,27.0,0,69.0,Annual,Credit Card,1,0,71784.77
C104550,63.0,Female,Bengaluru,42,2229.21,93724.79,7.0,2,53.0,Monthly,Bank Transfer,1,0,107206.94
C104551,67.0,Female,Mumbai,54,1398.12,68645.58,5.0,0,56.0,Quarterly,Credit Card,0,0,83084.53
C104552,43.0,Female,Kolkata,16,1017.68,15397.21,22.0,4,61.0,Monthly,UPI,1,0,34906.13
C104553,66.0,Male,Pune,4,675.32,2576.66,15.0,2,72.0,Monthly,Debit Card,0,0,31347.71
C104554,67.0,Male,Hyderabad,59,1240.73,68354.49,14.0,0,100.0,Annual,Credit Card,0,0,102423.19
C104555,22.0,Male,Kolkata,46,2564.94,120008.29,9.0,1,58.0,Quarterly,Credit Card,1,0,136810.68
C104556,37.0,Male,Hyderabad,13,2597.9,33424.64,6.0,3,41.0,Monthly,Debit Card,0,0,70688.39
C104557,69.0,Female,Chennai,37,1472.72,50884.45,1.0,6,33.0,Monthly,Wallet,0,0,60466.14
C104558,58.0,Male,Pune,54,2348.14,129831.71,15.0,2,34.0,Annual,Credit Card,0,0,123292.67
C104559,28.0,Female,Hyderabad,49,2639.75,139103.87,21.0,0,63.0,Monthly,Credit Card,0,0,142265.54
C104560,50.0,Male,Hyderabad,58,959.17,60482.78,19.0,4,59.0,Monthly,Wallet,1,0,69754.83
C104561,67.0,Male,Bengaluru,19,1955.46,36724.65,16.0,2,76.0,Monthly,UPI,1,0,68325.11
C104562,55.0,Other,Delhi,18,903.59,18023.08,8.0,5,100.0,Annual,Credit Card,0,0,33875.07
C104563,44.0,Male,Mumbai,60,1663.75,92256.35,5.0,3,76.0,Monthly,UPI,0,0,113530.4
C104564,51.0,Male,Chennai,17,2306.99,38465.38,19.0,2,91.0,Monthly,Debit Card,1,0,79207.21
C104565,44.0,Male,Pune,11,2710.44,29749.21,7.0,0,100.0,Monthly,Bank Transfer,0,0,74029.12
C104566,49.0,Female,Pune,15,2469.34,36386.76,9.0,2,34.0,Annual,Credit Card,1,0,74658.5
C104567,38.0,Female,Pune,72,399.0,26949.91,10.0,1,93.0,Monthly,Wallet,0,0,35875.35
C104568,63.0,Female,Chennai,17,1079.78,19281.97,14.0,0,97.0,Monthly,Credit Card,0,0,57641.38
C104569,22.0,Male,Hyderabad,5,1639.23,7384.21,16.0,4,56.0,Monthly,UPI,0,0,40427.61
C104570,23.0,Female,Hyderabad,61,1970.6,122918.34,21.0,3,90.0,Monthly,UPI,0,0,152477.84
C104571,55.0,Male,Pune,4,2170.27,8877.07,15.0,4,39.0,Annual,UPI,0,0,42337.49
C104572,39.0,Female,Pune,56,1594.67,82954.04,14.0,6,56.0,Annual,Debit Card,1,0,103793.96
C104573,35.0,Female,Other,48,2452.92,109416.98,23.0,1,100.0,Monthly,Bank Transfer,1,0,142893.92
C104574,31.0,Female,Hyderabad,48,1844.42,95406.59,15.0,1,63.0,Quarterly,Debit Card,0,0,112152.47
C104575,27.0,Female,Hyderabad,35,1315.21,48610.9,16.0,1,60.0,Annual,Debit Card,0,0,73004.88
C104576,63.0,Female,Hyderabad,33,1418.24,46499.63,15.0,0,44.0,Quarterly,UPI,0,0,64183.92
C104577,30.0,Female,Hyderabad,21,3568.96,73246.07,16.0,1,74.0,Monthly,Credit Card,0,0,126927.45
C104578,48.0,Male,Mumbai,5,2648.03,14171.1,20.0,0,52.0,Monthly,Credit Card,1,0,58753.9
C104579,47.0,Female,Other,64,2404.83,166810.85,10.0,2,50.0,Monthly,Credit Card,0,0,151494.39
C104580,20.0,Male,Mumbai,69,2007.59,145014.63,27.0,3,100.0,Monthly,Debit Card,1,0,164601.21
C104581,47.0,Male,Mumbai,21,1155.71,22154.67,15.0,0,49.0,Monthly,Credit Card,0,0,47646.74
C104582,23.0,Male,Delhi,32,2001.03,61738.03,19.0,4,25.0,Annual,Wallet,0,0,81612.66
C104583,46.0,Male,Hyderabad,18,1624.13,26410.2,4.0,2,55.0,Annual,UPI,0,0,53768.27
C104584,25.0,Male,Pune,58,1858.615,105980.92,25.0,2,100.0,Monthly,Wallet,0,0,120564.74
C104585,61.0,Female,Delhi,24,1201.39,28075.36,22.0,3,53.0,Quarterly,Bank Transfer,1,0,61689.5
C104586,62.0,Male,Hyderabad,5,2408.83,10912.48,1.0,1,50.0,Annual,Credit Card,1,0,45727.98
C104587,60.0,Male,Delhi,53,1303.21,73402.35,5.0,2,100.0,Monthly,Credit Card,0,0,92093.73
C104588,61.0,Female,Mumbai,55,1366.55,74942.94,20.0,3,95.0,Monthly,Credit Card,1,0,101476.66
C104589,50.0,Male,Hyderabad,5,2089.89,10637.71,21.0,1,63.0,Quarterly,Bank Transfer,1,0,61651.26
C104590,34.0,Female,Bengaluru,69,3089.95,190839.67,2.0,1,67.0,Monthly,UPI,1,0,191393.08
C104591,65.0,Female,Chennai,41,1118.92,45143.98,19.0,4,79.0,Monthly,Credit Card,0,0,56523.07
C104592,28.0,Female,Bengaluru,7,1355.49,8805.07,11.0,3,38.0,Monthly,Wallet,0,0,32438.87
C104593,30.0,Female,Bengaluru,1,1837.87,1858.46,15.0,3,59.0,Monthly,UPI,1,0,43106.14
C104594,67.0,Male,Mumbai,52,1489.12,79292.12,13.0,1,82.0,Quarterly,UPI,1,0,94255.58
C104595,28.0,Male,Chennai,26,399.0,10335.87,10.0,3,44.0,Monthly,Credit Card,1,0,17676.56
C104596,48.0,Male,Delhi,63,3096.23,179483.49,13.0,1,67.0,Annual,Debit Card,1,0,212430.5
C104597,45.0,Female,Other,12,1113.45,14670.64,8.0,4,22.0,Monthly,UPI,0,0,14726.19
C104598,61.0,Male,Delhi,70,2011.05,145063.39,10.0,1,97.0,Monthly,UPI,0,0,162703.35
C104599,23.0,Male,Mumbai,19,2288.62,41209.36,7.0,2,100.0,Quarterly,UPI,0,0,79219.9
C104600,58.0,Male,Pune,4,1085.21,4517.89,23.0,3,84.0,Quarterly,Bank Transfer,1,0,47546.85
C104601,33.0,Female,Delhi,5,2233.24,11889.87,12.0,4,58.0,Annual,Credit Card,1,0,46427.07
C104602,21.0,Male,Hyderabad,54,1858.615,122626.75,22.0,2,24.0,Quarterly,Credit Card,0,0,143286.39
C104603,52.0,Other,Bengaluru,70,473.33,31430.42,19.0,3,87.0,Quarterly,UPI,0,0,45825.4
C104604,65.0,Male,Delhi,57,1681.55,103460.84,22.0,0,94.0,Quarterly,UPI,0,0,116679.43
C104605,43.0,Male,Delhi,52,2063.37,98034.05,12.0,1,78.0,Monthly,Debit Card,1,0,125268.96
C104606,29.0,Male,Other,18,2676.79,52273.68,14.0,2,98.0,Annual,Bank Transfer,1,0,76127.16
C104607,28.0,Female,Delhi,64,665.94,37913.63,16.0,4,82.0,Monthly,UPI,1,0,56510.53
C104608,54.0,Female,Kolkata,10,1865.24,19348.94,6.0,6,54.0,Monthly,UPI,1,0,32403.45
C104609,42.0,Male,Hyderabad,23,2403.58,60420.78,15.0,6,34.0,Monthly,Debit Card,1,0,77325.42
C104610,35.0,Male,Mumbai,68,2260.58,154067.49,13.0,0,77.0,Annual,Debit Card,1,0,173482.6
C104611,36.0,Female,Kolkata,52,2532.0,140002.44,23.0,1,51.0,Annual,Wallet,0,0,157395.34
C104612,40.0,Male,Bengaluru,47,2269.62,110939.25,25.0,3,91.0,Monthly,UPI,1,0,143263.79
C104613,55.0,Male,Hyderabad,70,1215.38,79669.22,27.0,2,100.0,Quarterly,Bank Transfer,1,0,100365.7
C104614,35.0,Male,Bengaluru,26,2655.03,70293.9,3.0,4,100.0,Annual,Debit Card,0,0,104601.88
C104615,43.0,Male,Pune,70,2288.2,151887.3,20.0,2,36.0,Quarterly,Credit Card,0,0,148157.29
C104616,23.0,Male,Hyderabad,43,1731.18,83074.05,13.0,0,96.0,Annual,Debit Card,0,0,99083.66
C104617,21.0,Male,Mumbai,69,1754.77,130636.31,11.0,4,81.0,Monthly,Debit Card,0,0,134745.32
C104618,61.0,Male,Hyderabad,63,2336.09,160289.1,25.0,1,83.0,Monthly,UPI,0,0,172181.75
C104619,68.0,Female,Chennai,66,2635.43,193793.42,7.0,1,60.0,Monthly,Credit Card,0,0,181437.42
C104620,46.0,Male,Other,63,1932.78,109818.55,16.0,0,38.0,Annual,Debit Card,0,0,120125.49
C104621,51.0,Female,Hyderabad,13,2303.83,28140.67,8.0,6,72.0,Annual,Credit Card,0,0,67696.19
C104622,34.0,Male,Hyderabad,51,2934.83,153385.52,1.0,3,78.0,Annual,UPI,0,0,160670.93
C104623,60.0,Female,Chennai,5,1468.03,6463.16,4.0,4,73.0,Monthly,Wallet,0,0,35681.28
C104624,60.0,Male,Mumbai,47,2803.91,120600.33,1.0,6,53.0,Quarterly,Debit Card,1,0,131597.53
C104625,70.0,Female,Bengaluru,36,1234.71,43620.13,11.0,3,80.0,Quarterly,Credit Card,0,0,58079.75
C104626,33.0,Male,Mumbai,36,1688.46,64219.56,6.0,1,100.0,Quarterly,UPI,0,0,86317.54
C104627,19.0,Female,Other,50,2546.08,138037.49,24.0,2,100.0,Annual,UPI,1,0,158517.4
C104628,51.0,Male,Bengaluru,56,2574.31,148336.1,19.0,4,72.0,Monthly,Debit Card,0,0,152884.21
C104629,25.0,Male,Bengaluru,19,1937.24,33474.39,9.0,1,60.0,Monthly,Debit Card,0,0,66278.83
C104630,30.0,Female,Mumbai,20,602.67,10919.88,8.0,2,63.0,Monthly,Bank Transfer,1,0,24479.37
C104631,59.0,Female,Mumbai,22,1673.21,36693.88,10.0,3,49.0,Monthly,Wallet,0,0,50507.33
C104632,25.0,Male,Hyderabad,31,1653.53,54423.17,13.0,2,90.0,Monthly,UPI,0,0,87314.42
C104633,47.0,Female,Mumbai,62,1717.26,96020.71,23.0,0,92.0,Monthly,UPI,0,0,140026.57
C104634,49.0,Male,Other,44,2595.64,106742.03,11.0,3,52.0,Monthly,Credit Card,0,0,131252.79
C104635,53.0,Male,Bengaluru,68,1323.81,87710.15,15.0,3,92.0,Annual,Debit Card,1,0,100706.49
C104636,64.0,Other,Delhi,67,1743.99,119996.76,10.0,2,88.0,Quarterly,Debit Card,1,0,136279.49
C104637,47.0,Male,Hyderabad,49,1690.52,87534.05,19.0,2,72.0,Monthly,Credit Card,1,0,118308.38
C104638,18.0,Female,Mumbai,59,1653.32,98322.31,21.0,1,88.0,Monthly,Bank Transfer,0,0,135391.92
C104639,60.0,Male,Chennai,4,1203.58,4713.24,23.0,0,42.0,Quarterly,Bank Transfer,0,0,33900.23
C104640,56.0,Female,Mumbai,39,1951.61,67633.66,21.0,2,100.0,Monthly,Bank Transfer,1,0,105621.52
C104641,34.0,Female,Mumbai,7,1549.46,10334.44,1.0,4,20.0,Monthly,UPI,0,0,26610.56
C104642,37.0,Other,Hyderabad,71,1367.04,94270.07,4.0,3,45.0,Quarterly,UPI,1,0,96559.42
C104643,41.0,Female,Pune,49,1482.24,65547.16,16.0,5,92.0,Monthly,Debit Card,1,0,90344.87
C104644,67.0,Male,Mumbai,15,1423.43,21142.72,16.0,2,88.0,Monthly,Bank Transfer,0,0,65804.94
C104645,39.0,Female,Bengaluru,7,1175.36,8460.61,13.0,2,67.0,Monthly,UPI,1,0,34954.87
C104646,46.0,Male,Other,47,1292.92,63670.95,22.0,1,64.0,Monthly,Credit Card,1,0,77356.74
C104647,39.0,Female,Hyderabad,68,1083.66,73098.91,26.0,3,100.0,Annual,UPI,0,0,100765.76
C104648,61.0,Female,Delhi,45,2942.27,120406.76,10.0,0,87.0,Monthly,Debit Card,0,0,165590.28
C104649,26.0,Male,Chennai,19,2175.22,41896.59,5.0,3,60.0,Annual,UPI,1,0,60563.0
C104650,54.0,Female,Mumbai,47,1730.74,74610.04,18.0,2,22.0,Monthly,Debit Card,1,0,89572.22
C104651,27.0,Male,Bengaluru,53,2705.57,135396.62,11.0,2,53.0,Annual,UPI,0,0,153094.35
C104652,53.0,Female,Bengaluru,27,2225.56,54801.67,1.0,3,62.0,Annual,Credit Card,1,0,84197.56
C104653,54.0,Male,Hyderabad,5,2199.43,9908.74,17.0,0,100.0,Monthly,Credit Card,0,0,73957.13
C104654,45.0,Female,Delhi,60,1910.8,105499.1,18.0,2,97.0,Monthly,Debit Card,0,0,125003.16
C104655,45.0,Male,Delhi,62,2940.24,178201.19,10.0,0,54.0,Monthly,Credit Card,0,0,187717.35
C104656,59.0,Female,Delhi,59,1858.615,202228.33,13.0,2,87.0,Monthly,Credit Card,0,0,210520.01
C104657,60.0,Male,Kolkata,61,3016.97,189742.58,17.0,1,90.0,Monthly,Wallet,0,0,196992.76
C104658,38.0,Female,Kolkata,56,399.0,20247.92,25.0,2,70.0,Annual,Bank Transfer,0,0,38292.66
C104659,41.0,Male,Mumbai,47,1658.05,74522.54,19.0,1,100.0,Annual,Credit Card,0,0,108801.33
C104660,59.0,Female,Delhi,48,1444.35,73725.01,4.0,1,42.0,Monthly,Credit Card,0,0,87134.39
C104661,57.0,Male,Hyderabad,10,2669.38,29140.2,25.0,2,87.0,Quarterly,UPI,0,0,88112.33
C104662,19.0,Female,Pune,32,1538.59,50460.83,28.0,3,66.0,Quarterly,Wallet,0,0,83813.1
C104663,25.0,Male,Pune,65,1589.64,112155.61,18.0,2,50.0,Monthly,Debit Card,1,0,120442.48
C104664,65.0,Female,Hyderabad,24,1487.85,34796.32,22.0,1,48.0,Quarterly,Debit Card,0,0,64803.68
C104665,44.0,Male,Mumbai,29,1590.41,41705.6,6.0,0,67.0,Quarterly,Credit Card,1,0,65219.38
C104666,39.0,Female,Kolkata,7,2035.51,14861.65,15.0,3,79.0,Annual,UPI,0,0,48434.46
C104667,54.0,Male,Hyderabad,17,2171.12,39077.76,21.0,2,97.0,Monthly,Debit Card,0,0,79712.55
C104668,44.0,Female,Bengaluru,25,1736.43,39351.72,17.0,3,66.0,Monthly,Credit Card,0,0,62459.08
C104669,46.0,Male,Bengaluru,36,1709.2,55996.33,10.0,3,70.0,Quarterly,UPI,1,0,88508.85
C104670,20.0,Male,Bengaluru,61,1488.07,79919.53,9.0,0,86.0,Monthly,Debit Card,0,0,110167.18
C104671,61.0,Female,Hyderabad,71,2201.81,161161.01,16.0,2,76.0,Annual,Bank Transfer,1,0,157086.06
C104672,30.0,Male,Bengaluru,35,583.65,19705.38,21.0,2,61.0,Monthly,UPI,0,0,38937.9
C104673,62.0,Male,Bengaluru,50,675.71,33200.67,6.0,2,51.0,Monthly,UPI,0,0,48303.34
C104674,27.0,Female,Kolkata,56,1148.26,57561.36,12.0,1,96.0,Monthly,Debit Card,0,0,79761.74
C104675,53.0,Female,Bengaluru,65,2202.58,126204.06,31.0,2,100.0,Monthly,Credit Card,1,0,169151.41
C104676,26.0,Female,Chennai,41,714.18,28372.28,20.0,0,89.0,Monthly,Bank Transfer,0,0,63662.28
C104677,44.0,Male,Chennai,25,2671.35,69697.21,13.0,5,97.0,Annual,Debit Card,0,0,113680.99
C104678,51.0,Male,Hyderabad,34,1875.41,56387.67,15.0,1,90.0,Monthly,UPI,1,0,95021.02
C104679,68.0,Female,Other,8,1087.99,7691.96,19.0,1,100.0,Monthly,UPI,0,0,56533.64
C104680,18.0,Male,Pune,56,2131.35,108109.32,15.0,3,39.0,Quarterly,Bank Transfer,1,0,124134.79
C104681,49.0,Female,Mumbai,30,1191.11,39525.45,16.0,2,75.0,Monthly,Credit Card,1,0,48573.83
C104682,42.0,Male,Chennai,68,1807.47,131252.67,10.0,5,56.0,Monthly,UPI,0,0,129759.61
C104683,46.0,Other,Delhi,21,1464.05,29028.78,21.0,5,76.0,Monthly,Debit Card,0,1,68157.86
C104684,24.0,Female,Bengaluru,10,2444.38,22113.18,10.0,1,44.0,Monthly,Credit Card,0,0,54809.19
C104685,66.0,Female,Hyderabad,33,2331.42,69501.67,20.0,1,43.0,Monthly,Bank Transfer,1,0,86669.25
C104686,20.0,Male,Chennai,4,2452.89,9446.95,22.0,3,69.0,Quarterly,Bank Transfer,0,0,59938.49
C104687,37.0,Female,Other,23,2608.17,54856.42,11.0,3,88.0,Monthly,Credit Card,0,0,92917.93
C104688,37.0,Male,Hyderabad,69,2528.71,163156.42,3.0,3,61.0,Annual,UPI,0,0,169943.31
C104689,70.0,Female,Mumbai,53,1989.59,101876.01,19.0,5,98.0,Monthly,Credit Card,1,1,119623.4
C104690,47.0,Female,Hyderabad,5,852.82,4210.38,20.0,0,65.0,Annual,UPI,0,0,52851.6
C104691,52.0,Male,Hyderabad,18,1821.29,29335.83,18.0,3,57.0,Quarterly,UPI,1,0,61122.05
C104692,52.0,Male,Mumbai,17,476.85,8839.77,4.0,4,60.0,Monthly,UPI,1,1,16042.98
C104693,66.0,Female,Bengaluru,58,976.37,50527.08,16.0,3,78.0,Monthly,Credit Card,1,0,61509.31
C104694,56.0,Male,Kolkata,67,2550.53,188356.39,27.0,2,100.0,Annual,UPI,1,0,192204.42
C104695,44.0,Male,Chennai,72,1026.68,69495.09,26.0,0,97.0,Quarterly,Credit Card,0,0,102804.76
C104696,43.0,Male,Hyderabad,56,2104.33,110820.77,24.0,4,100.0,Monthly,UPI,0,0,144028.13
C104697,31.0,Male,Mumbai,40,1675.07,73461.92,19.0,3,62.0,Monthly,Credit Card,1,0,81530.94
C104698,34.0,Female,Pune,2,1925.95,3874.72,19.0,2,51.0,Annual,UPI,1,0,45544.79
C104699,35.0,Female,Hyderabad,21,1569.57,31215.26,12.0,2,50.0,Monthly,Bank Transfer,0,0,52113.61
C104700,62.0,Male,Mumbai,52,2121.2,110921.09,26.0,1,83.0,Monthly,Debit Card,0,0,135396.1
C104701,69.0,Female,Pune,24,1842.69,49341.05,16.0,4,57.0,Annual,UPI,0,0,73912.69
C104702,46.0,Female,Hyderabad,53,1517.55,87302.43,23.0,4,100.0,Monthly,Debit Card,0,0,108422.85
C104703,37.0,Female,Kolkata,38,2054.36,72926.05,13.0,3,80.0,Monthly,Bank Transfer,0,0,98674.18
C104704,70.0,Male,Bengaluru,20,1746.25,31150.72,18.0,1,43.0,Quarterly,UPI,1,0,62581.38
C104705,44.0,Male,Hyderabad,50,1305.12,69522.67,14.0,1,68.0,Annual,Debit Card,0,0,77716.41
C104706,35.0,Female,Mumbai,39,1737.79,61582.25,5.0,0,65.0,Monthly,Credit Card,0,0,85580.44
C104707,21.0,Female,Hyderabad,60,1206.82,73925.58,10.0,3,48.0,Annual,Bank Transfer,1,0,71927.79
C104708,18.0,Male,Delhi,39,2049.8,82600.63,13.0,1,88.0,Annual,Bank Transfer,0,0,102232.86
C104709,67.0,Female,Mumbai,71,2592.84,173236.29,25.0,2,81.0,Monthly,UPI,0,0,193685.19
C104710,18.0,Male,Hyderabad,33,1190.0,39907.42,8.0,2,84.0,Monthly,Debit Card,0,0,65869.5
C104711,43.0,Male,Kolkata,29,2597.8,76042.41,8.0,1,67.0,Annual,UPI,0,0,107579.1
C104712,62.0,Female,Delhi,10,2199.67,23046.53,9.0,0,46.0,Monthly,UPI,1,0,54336.38
C104713,37.0,Female,Mumbai,67,801.87,58897.56,24.0,3,87.0,Monthly,Credit Card,1,0,72151.19
C104714,69.0,Male,Bengaluru,3,1867.23,5108.81,13.0,2,58.0,Quarterly,Wallet,1,0,48777.13
C104715,40.0,Female,Hyderabad,31,2811.58,88671.9,14.0,1,47.0,Annual,Credit Card,0,0,116152.3
C104716,27.0,Female,Delhi,27,1412.02,38542.79,21.0,3,75.0,Quarterly,UPI,0,0,65884.74
C104717,28.0,Female,Pune,70,1385.13,97000.44,27.0,1,100.0,Quarterly,UPI,0,0,118385.95
C104718,58.0,Female,Hyderabad,27,1256.61,33041.85,28.0,3,100.0,Monthly,UPI,1,0,80008.58
C104719,58.0,Male,Mumbai,9,1960.32,19715.5,25.0,1,96.0,Quarterly,Credit Card,1,0,77944.44
C104720,22.0,Male,Mumbai,6,746.53,4735.43,14.0,5,49.0,Monthly,Debit Card,0,0,21945.74
C104721,18.0,Male,Bengaluru,6,1021.23,6469.35,13.0,2,84.0,Monthly,UPI,1,0,27569.42
C104722,34.0,Female,Pune,26,1233.03,33851.11,14.0,2,100.0,Monthly,Credit Card,1,0,59899.48
C104723,39.0,Female,Hyderabad,43,565.61,21978.07,3.0,1,98.0,Monthly,Bank Transfer,1,0,47792.68
C104724,51.0,Male,Hyderabad,19,721.06,12505.67,5.0,4,37.0,Monthly,Wallet,1,0,23647.42
C104725,62.0,Male,Hyderabad,16,1215.6,17889.65,19.0,2,85.0,Monthly,Debit Card,0,0,59644.32
C104726,58.0,Male,Bengaluru,23,1826.62,40439.38,4.0,3,70.0,Annual,Debit Card,1,0,59989.7
C104727,46.0,Male,Bengaluru,29,2629.7,73826.24,7.0,3,100.0,Monthly,UPI,1,0,113246.39
C104728,21.0,Female,Kolkata,38,2476.07,88623.61,17.0,4,69.0,Monthly,UPI,1,0,110848.64
C104729,22.0,Female,Pune,59,2093.76,122836.0,8.0,2,63.0,Monthly,Bank Transfer,0,0,127723.3
C104730,28.0,Male,Hyderabad,48,3431.56,174326.92,11.0,1,90.0,Annual,Debit Card,0,0,189254.53
C104731,68.0,Female,Pune,20,2004.16,37498.47,10.0,3,82.0,Annual,UPI,0,0,78811.49
C104732,38.0,Female,Delhi,21,2326.33,44981.15,1.0,3,93.0,Monthly,Credit Card,0,0,89590.64
C104733,52.0,Female,Bengaluru,28,1780.43,55129.74,14.0,4,72.0,Annual,UPI,0,0,65157.33
C104734,29.0,Male,Hyderabad,50,2219.84,101555.49,13.0,1,85.0,Monthly,Debit Card,1,0,134740.67
C104735,43.0,Male,Hyderabad,33,1381.64,50535.13,13.0,2,90.0,Quarterly,UPI,0,0,68192.97
C104736,68.0,Male,Bengaluru,40,581.0,24299.49,4.0,3,74.0,Quarterly,Debit Card,1,0,36572.85
C104737,36.0,Female,Pune,54,1616.96,90114.68,9.0,2,100.0,Monthly,Debit Card,0,0,105104.41
C104738,62.0,Female,Chennai,10,2645.43,28433.82,11.0,3,55.0,Monthly,UPI,1,0,63988.21
C104739,24.0,Female,Kolkata,34,897.39,27360.64,8.0,5,60.0,Annual,Bank Transfer,0,0,40317.46
C104740,64.0,Male,Pune,36,1136.66,37539.38,11.0,3,71.0,Monthly,UPI,1,0,51079.26
C104741,24.0,Male,Bengaluru,7,1956.7,12306.81,33.0,2,100.0,Monthly,UPI,0,0,75595.07
C104742,43.0,Male,Pune,16,2178.15,36638.79,17.0,1,95.0,Quarterly,UPI,0,0,80085.84
C104743,57.0,Female,Hyderabad,51,2419.81,110554.5,11.0,2,57.0,Monthly,UPI,1,1,139550.47
C104744,22.0,Male,Hyderabad,61,2711.7,145617.01,15.0,2,68.0,Annual,Debit Card,0,0,168834.74
C104745,38.0,Male,Mumbai,31,1795.4,50341.14,24.0,2,85.0,Monthly,Credit Card,1,0,90151.52
C104746,31.0,Female,Bengaluru,32,989.29,28639.82,11.0,4,82.0,Monthly,UPI,1,0,49956.41
C104747,21.0,Female,Bengaluru,45,2680.77,107395.54,17.0,1,86.0,Annual,Credit Card,1,0,137352.66
C104748,40.0,Female,Delhi,27,1487.37,39192.18,24.0,2,38.0,Annual,Debit Card,0,0,64300.15
C104749,59.0,Male,Pune,22,1423.15,34047.09,14.0,3,100.0,Annual,UPI,1,0,60723.44
C104750,37.0,Female,Bengaluru,15,2845.87,45168.89,14.0,4,56.0,Monthly,Credit Card,0,0,87108.88
C104751,32.0,Male,Bengaluru,8,1839.6,15629.01,26.0,0,63.0,Annual,Credit Card,0,0,60817.71
C104752,67.0,Female,Mumbai,68,1965.44,119135.29,21.0,1,51.0,Monthly,Wallet,1,0,140006.33
C104753,69.0,Male,Delhi,8,2405.52,19850.0,18.0,1,74.0,Monthly,Bank Transfer,1,0,65080.09
C104754,62.0,Male,Hyderabad,16,2112.03,32700.47,14.0,2,72.0,Annual,Debit Card,1,0,70125.27
C104755,46.0,Female,Kolkata,48,1863.34,99790.26,7.0,2,57.0,Monthly,UPI,0,0,104841.62
C104756,25.0,Female,Delhi,34,2841.74,89817.23,30.0,0,79.0,Quarterly,Credit Card,0,0,140850.78
C104757,58.0,Female,Delhi,57,1420.66,75486.94,22.0,2,39.0,Annual,Debit Card,1,0,95106.1
C104758,65.0,Male,Kolkata,5,1897.62,8624.6,14.0,8,31.0,Monthly,Bank Transfer,1,0,43340.99
C104759,36.0,Male,Kolkata,44,1858.615,92586.39,24.0,3,91.0,Monthly,Bank Transfer,0,0,114798.89
C104760,65.0,Female,Hyderabad,71,399.0,28398.24,21.0,2,76.0,Monthly,Debit Card,1,0,51995.6
C104761,56.0,Female,Hyderabad,37,1587.55,55623.34,10.0,4,92.0,Annual,Debit Card,0,0,85814.49
C104762,63.0,Female,Pune,28,975.38,28015.14,12.0,6,73.0,Quarterly,UPI,1,0,53698.61
C104763,45.0,Female,Other,68,2382.43,161251.39,20.0,0,64.0,Monthly,UPI,1,0,175115.79
C104764,63.0,Female,Delhi,38,1862.99,71375.9,8.0,4,99.0,Monthly,Wallet,1,0,87750.22
C104765,44.0,Female,Chennai,46,1694.44,74082.24,20.0,2,66.0,Monthly,UPI,0,0,87561.02
C104766,21.0,Male,Delhi,26,1652.99,44228.27,14.0,0,100.0,Quarterly,Credit Card,0,0,81293.98
C104767,32.0,Male,Bengaluru,53,2522.92,146750.89,10.0,3,100.0,Monthly,Credit Card,0,0,156527.25
C104768,52.0,Male,Other,63,1726.5,99715.03,8.0,2,59.0,Monthly,Credit Card,0,0,117873.52
C104769,54.0,Male,Chennai,63,1995.43,111266.98,13.0,1,88.0,Quarterly,Credit Card,0,0,137049.41
C104770,18.0,Female,Other,38,1270.32,52349.84,18.0,3,90.0,Monthly,Credit Card,1,0,76782.36
C104771,20.0,Female,Chennai,15,2622.23,42145.39,11.0,4,70.0,Annual,Debit Card,0,0,72512.45
C104772,64.0,Female,Kolkata,9,2481.8,20967.54,12.0,5,84.0,Monthly,Debit Card,0,0,72418.75
C104773,41.0,Male,Bengaluru,22,738.63,17525.65,16.0,2,60.0,Quarterly,Bank Transfer,0,0,45035.63
C104774,44.0,Male,Pune,70,1460.01,106589.73,35.0,1,100.0,Monthly,Debit Card,1,0,135659.4
C104775,57.0,Male,Other,56,1160.29,69627.12,17.0,2,69.0,Quarterly,Bank Transfer,1,0,83284.29
C104776,53.0,Female,Delhi,37,2176.89,88537.07,17.0,2,65.0,Annual,Debit Card,0,0,112989.26
C104777,51.0,Male,Delhi,57,1886.37,104353.76,15.0,0,42.0,Quarterly,Bank Transfer,0,0,116555.88
C104778,46.0,Female,Hyderabad,60,2198.81,141544.7,30.0,2,100.0,Quarterly,Debit Card,0,0,169921.03
C104779,41.0,Male,Chennai,12,1606.15,20258.3,1.0,4,43.0,Annual,Credit Card,1,0,36829.17
C104780,41.0,Male,Kolkata,7,1740.83,12419.31,7.0,1,63.0,Monthly,UPI,1,0,43960.49
C104781,59.0,Female,Bengaluru,66,1528.24,111499.08,9.0,2,70.0,Monthly,Credit Card,1,0,114752.1
C104782,21.0,Female,Pune,41,1146.95,48867.04,22.0,3,100.0,Annual,Debit Card,0,0,81292.78
C104783,20.0,Male,Delhi,24,1051.94,25771.17,12.0,3,60.0,Quarterly,UPI,1,0,47466.62
C104784,51.0,Female,Bengaluru,25,530.17,13515.5,20.0,2,50.0,Monthly,UPI,0,0,38081.0
C104785,66.0,Other,Bengaluru,62,2619.87,166395.99,1.0,1,46.0,Monthly,Bank Transfer,0,0,163091.58
C104786,40.0,Other,Chennai,44,986.83,47554.2,17.0,1,95.0,Monthly,Wallet,0,0,67855.13
C104787,70.0,Female,Hyderabad,2,1546.81,2933.97,5.0,2,94.0,Monthly,UPI,0,0,44954.2
C104788,69.0,Female,Kolkata,42,3053.06,134605.27,20.0,0,100.0,Annual,Bank Transfer,0,0,159184.23
C104789,40.0,Male,Delhi,33,1694.3,51964.81,7.0,2,66.0,Annual,Credit Card,1,0,73867.24
C104790,62.0,Female,Bengaluru,17,2354.86,37790.47,9.0,4,34.0,Monthly,Credit Card,1,0,66715.43
C104791,22.0,Male,Bengaluru,63,1525.1,99652.1,6.0,2,36.0,Monthly,Debit Card,0,1,94536.35
C104792,48.0,Female,Delhi,22,1982.94,43807.34,7.0,3,72.0,Monthly,Debit Card,0,0,75391.03
C104793,70.0,Male,Chennai,1,1623.79,1781.75,14.0,1,65.0,Monthly,UPI,1,0,43501.39
C104794,58.0,Male,Bengaluru,70,990.25,71992.45,12.0,6,75.0,Monthly,Bank Transfer,0,0,77118.02
C104795,23.0,Female,Chennai,54,3279.85,173067.31,10.0,1,60.0,Annual,Debit Card,0,0,191132.41
C104796,54.0,Male,Kolkata,14,2439.96,31165.94,4.0,3,43.0,Monthly,Debit Card,0,0,77966.01
C104797,27.0,Male,Hyderabad,53,1654.81,78937.42,10.0,2,94.0,Monthly,Credit Card,0,0,105567.84
C104798,57.0,Female,Bengaluru,6,1190.52,7138.01,22.0,2,55.0,Monthly,Debit Card,0,0,41358.21
C104799,24.0,Female,Other,64,1484.44,96746.79,16.0,3,91.0,Annual,Credit Card,0,0,107660.53
C104800,56.0,Female,Hyderabad,33,1841.15,60512.56,17.0,0,96.0,Annual,Debit Card,0,0,82987.09
C104801,55.0,Male,Kolkata,72,1174.46,83210.97,24.0,1,66.0,Monthly,Credit Card,0,0,99301.89
C104802,38.0,Female,Bengaluru,44,1780.52,79184.47,21.0,3,95.0,Monthly,Bank Transfer,0,0,105464.35
C104803,37.0,Male,Hyderabad,34,2867.86,95479.82,24.0,0,95.0,Annual,Credit Card,0,0,145873.81
C104804,20.0,Male,Hyderabad,34,1454.04,44256.32,17.0,0,60.0,Monthly,Debit Card,0,0,86422.52
C104805,68.0,Female,Hyderabad,24,2918.16,64073.99,10.0,2,62.0,Annual,Wallet,0,0,98400.93
C104806,39.0,Female,Hyderabad,2,1082.88,1966.45,16.0,2,100.0,Monthly,UPI,0,0,40440.53
C104807,64.0,Male,Hyderabad,8,2719.3,20948.67,15.0,4,100.0,Annual,UPI,0,0,73669.68
C104808,21.0,Female,Bengaluru,25,2520.73,56542.38,1.0,1,41.0,Monthly,Bank Transfer,0,0,87419.97
C104809,45.0,Male,Hyderabad,32,2734.34,83458.35,12.0,4,31.0,Annual,Debit Card,0,0,101631.81
C104810,29.0,Female,Delhi,56,2333.73,117819.09,23.0,0,85.0,Annual,Credit Card,1,0,150994.56
C104811,55.0,Male,Pune,7,1751.22,12348.73,1.0,1,48.0,Monthly,Debit Card,1,0,52584.23
C104812,68.0,Female,Kolkata,48,2402.61,126946.11,2.0,5,82.0,Monthly,UPI,0,0,134022.67
C104813,53.0,Female,Mumbai,54,1898.55,106584.44,7.0,2,51.0,Monthly,Debit Card,0,0,104717.77
C104814,64.0,Female,Other,63,2119.77,120204.97,10.0,2,79.0,Annual,Debit Card,0,0,153350.52
C104815,58.0,Female,Hyderabad,2,1858.615,2090.03,13.0,2,100.0,Monthly,Bank Transfer,0,0,52911.64
C104816,22.0,Female,Hyderabad,35,1193.54,44620.23,28.0,3,51.0,Monthly,Credit Card,0,0,66403.63
C104817,30.0,Female,Bengaluru,22,2126.92,42012.85,20.0,1,70.0,Monthly,Debit Card,0,0,80879.28
C104818,40.0,Male,Pune,64,1568.12,110574.58,17.0,4,80.0,Quarterly,UPI,0,0,110358.98
C104819,67.0,Male,Kolkata,59,2278.15,125295.09,13.0,1,75.0,Monthly,Debit Card,0,0,144199.55
C104820,47.0,Female,Mumbai,49,2419.64,118198.15,14.0,4,73.0,Quarterly,Debit Card,0,1,118780.0
C104821,54.0,Female,Chennai,52,1166.46,59966.19,21.0,1,97.0,Annual,Debit Card,1,0,89548.13
C104822,42.0,Male,Delhi,21,1331.98,29981.75,23.0,2,65.0,Quarterly,Bank Transfer,1,0,58760.12
C104823,65.0,Male,Hyderabad,12,1290.17,14931.45,9.0,2,55.0,Monthly,UPI,0,0,38790.49
C104824,44.0,Male,Chennai,11,2786.85,29156.77,18.0,2,100.0,Monthly,Debit Card,1,0,83615.61
C104825,68.0,Female,Mumbai,54,1709.98,92780.82,15.0,7,72.0,Monthly,Credit Card,0,0,121121.17
C104826,31.0,Male,Hyderabad,70,2026.8,140868.23,23.0,3,42.0,Monthly,Credit Card,0,0,156403.44
C104827,65.0,Male,Hyderabad,14,1285.95,19306.86,24.0,1,43.0,Monthly,Debit Card,0,0,51115.13
C104828,64.0,Female,Pune,33,1835.98,64886.42,17.0,1,86.0,Monthly,Credit Card,0,0,90581.12
C104829,53.0,Female,Mumbai,26,1430.14,37904.12,13.0,4,55.0,Monthly,Bank Transfer,0,0,53996.62
C104830,56.0,Male,Bengaluru,14,628.78,9818.45,3.0,3,77.0,Monthly,Credit Card,0,0,31335.44
C104831,33.0,Male,Chennai,48,1410.71,73206.14,7.0,4,76.0,Quarterly,Bank Transfer,0,0,77990.38
C104832,39.0,Female,Other,65,1950.94,119467.11,17.0,4,19.0,Monthly,Bank Transfer,0,0,133215.22
C104833,38.0,Male,Chennai,46,4263.38,175368.42,23.0,3,90.0,Annual,UPI,0,0,223219.51
C104834,38.0,Female,Hyderabad,55,960.37,54335.02,27.0,2,85.0,Monthly,Bank Transfer,1,0,79875.5
C104835,25.0,Female,Chennai,68,1733.05,109753.1,1.0,2,62.0,Monthly,Bank Transfer,0,0,117483.41
C104836,66.0,Male,Delhi,12,1962.73,24401.76,11.0,3,58.0,Monthly,UPI,0,0,48688.91
C104837,33.0,Male,Hyderabad,54,2338.18,115940.23,17.0,0,35.0,Quarterly,UPI,1,0,129430.39
C104838,48.0,Male,Bengaluru,64,1558.36,107835.15,21.0,2,62.0,Monthly,Wallet,0,0,106169.68
C104839,59.0,Male,Chennai,47,1431.71,64218.99,12.0,6,14.0,Monthly,Bank Transfer,1,0,66486.63
C104840,27.0,Female,Chennai,37,2285.74,79278.86,13.0,5,55.0,Monthly,Credit Card,0,0,106069.22
C104841,49.0,Female,Bengaluru,41,2264.96,89270.37,16.0,1,53.0,Monthly,Debit Card,0,0,102770.29
C104842,51.0,Male,Delhi,27,2618.62,74835.25,1.0,1,96.0,Annual,UPI,1,0,97780.72
C104843,26.0,Male,Other,42,2241.91,96414.75,13.0,2,66.0,Monthly,UPI,0,0,119372.56
C104844,34.0,Male,Kolkata,68,1019.74,62038.53,12.0,0,54.0,Annual,Debit Card,0,0,87445.47
C104845,28.0,Male,Delhi,29,2278.98,59892.29,18.0,2,87.0,Quarterly,UPI,0,0,107891.9
C104846,49.0,Female,Mumbai,36,1898.36,73742.88,18.0,3,100.0,Monthly,Credit Card,1,0,107391.2
C104847,27.0,Male,Pune,57,597.49,34746.45,11.0,2,100.0,Annual,UPI,0,0,50657.3
C104848,39.0,Female,Pune,12,2193.51,25021.91,15.0,4,33.0,Monthly,UPI,0,0,68089.33
C104849,34.0,Male,Pune,45,1517.13,65684.91,16.0,0,88.0,Monthly,Bank Transfer,1,0,90235.81
C104850,21.0,Female,Hyderabad,20,2462.87,47785.57,14.0,1,50.0,Monthly,UPI,0,0,89284.88
C104851,65.0,Female,Hyderabad,45,1648.49,66624.47,21.0,3,98.0,Quarterly,Credit Card,0,0,103540.02
C104852,69.0,Male,Other,23,2425.28,52777.14,13.0,1,48.0,Annual,Debit Card,1,1,86659.58
C104853,64.0,Male,Other,62,2115.57,124870.41,29.0,1,70.0,Quarterly,UPI,1,0,155977.43
C104854,42.0,Male,Mumbai,34,1355.42,51143.79,9.0,0,100.0,Annual,Debit Card,0,0,81887.32
C104855,38.0,Male,Other,21,2915.65,56199.58,20.0,2,63.0,Annual,UPI,0,0,106577.46
C104856,54.0,Female,Pune,51,1269.01,59770.58,22.0,1,87.0,Monthly,Wallet,0,0,103146.46
C104857,44.0,Female,Mumbai,9,1202.81,11790.11,7.0,1,100.0,Monthly,Credit Card,0,0,56142.11
C104858,66.0,Female,Chennai,10,2452.81,26984.5,18.0,2,79.0,Monthly,Credit Card,0,0,67556.2
C104859,18.0,Female,Mumbai,52,1915.18,105419.98,25.0,2,75.0,Quarterly,UPI,0,0,124456.31
C104860,42.0,Male,Mumbai,45,3217.0,132052.07,19.0,5,76.0,Monthly,UPI,0,0,174799.66
C104861,68.0,Female,Other,52,1070.09,54989.07,1.0,0,79.0,Quarterly,Debit Card,0,0,74448.95
C104862,53.0,Other,Mumbai,30,2486.84,75678.01,20.0,1,57.0,Annual,Credit Card,0,0,106540.26
C104863,34.0,Male,Pune,64,2337.49,151372.5,19.0,1,86.0,Annual,Debit Card,0,0,165256.5
C104864,58.0,Male,Pune,2,2624.18,5542.75,18.0,1,100.0,Quarterly,UPI,1,0,48440.49
C104865,41.0,Female,Hyderabad,49,2996.42,147103.05,13.0,2,100.0,Annual,Bank Transfer,0,0,174727.35
C104866,19.0,Male,Hyderabad,45,2285.87,106846.44,9.0,2,73.0,Quarterly,Wallet,1,0,125499.03
C104867,57.0,Male,Delhi,17,2141.66,40581.82,26.0,5,73.0,Monthly,UPI,0,0,75743.66
C104868,32.0,Female,Bengaluru,28,1800.18,47290.72,24.0,3,37.0,Monthly,UPI,1,0,71093.42
C104869,49.0,Female,Delhi,45,1815.63,78242.03,24.0,2,76.0,Monthly,Debit Card,0,1,101087.74
C104870,56.0,Male,Hyderabad,17,2383.63,37746.01,13.0,2,55.0,Monthly,Bank Transfer,1,0,75020.05
C104871,23.0,Male,Chennai,59,2182.74,121261.38,17.0,3,67.0,Monthly,UPI,0,0,142456.48
C104872,18.0,Female,Hyderabad,14,2180.55,28211.35,20.0,4,51.0,Monthly,UPI,0,0,64306.47
C104873,64.0,Female,Bengaluru,10,2003.32,18723.57,16.0,2,70.0,Annual,Debit Card,0,0,64832.96
C104874,40.0,Male,Hyderabad,18,907.46,17663.31,16.0,1,87.0,Monthly,Credit Card,0,0,56880.28
C104875,56.0,Female,Other,35,1640.84,54613.67,20.0,5,87.0,Annual,UPI,0,0,87040.03
C104876,34.0,Female,Chennai,48,1432.74,75914.91,10.0,0,73.0,Quarterly,Bank Transfer,0,0,96678.78
C104877,51.0,Female,Kolkata,58,2205.13,139057.64,25.0,1,78.0,Annual,Debit Card,0,0,153433.72
C104878,58.0,Male,Other,18,2517.34,41119.84,15.0,2,61.0,Monthly,UPI,0,0,77217.27
C104879,46.0,Male,Kolkata,52,1750.48,95424.04,9.0,4,69.0,Monthly,Credit Card,1,0,106544.82
C104880,26.0,Female,Chennai,30,1485.55,42580.29,9.0,3,95.0,Annual,Wallet,0,0,73649.06
C104881,30.0,Male,Pune,37,633.8,22559.77,4.0,1,49.0,Quarterly,Wallet,0,0,38064.9
C104882,23.0,Female,Hyderabad,40,1516.09,60471.74,19.0,3,68.0,Quarterly,Debit Card,0,1,96962.55
C104883,23.0,Male,Hyderabad,6,1417.0,7759.38,10.0,1,63.0,Annual,UPI,1,0,47447.39
C104884,37.0,Male,Kolkata,35,2338.31,90263.31,16.0,1,40.0,Monthly,Credit Card,1,0,94855.5
C104885,69.0,Male,Hyderabad,26,2251.11,65048.37,16.0,0,92.0,Monthly,Credit Card,1,0,99738.82
C104886,70.0,Male,Other,30,1296.66,35572.27,1.0,4,28.0,Monthly,UPI,0,0,42123.85
C104887,20.0,Female,Delhi,24,2273.11,50689.7,14.0,1,93.0,Annual,UPI,1,0,85054.29
C104888,34.0,Male,Chennai,55,1864.51,90760.99,29.0,0,73.0,Monthly,Debit Card,1,0,113331.99
C104889,66.0,Female,Hyderabad,9,1136.4,9617.79,19.0,1,100.0,Monthly,Debit Card,0,0,54231.57
C104890,29.0,Female,Delhi,62,2048.22,132402.67,17.0,1,82.0,Monthly,UPI,1,0,158880.25
C104891,65.0,Male,Mumbai,18,2100.22,38644.28,12.0,3,49.0,Annual,Wallet,1,0,55321.45
C104892,64.0,Female,Delhi,51,2337.96,122316.01,1.0,2,44.0,Quarterly,Credit Card,1,0,123209.41
C104893,62.0,Male,Chennai,19,1737.09,30618.2,15.0,4,72.0,Monthly,UPI,1,0,64646.94
C104894,18.0,Female,Hyderabad,69,2739.89,185039.1,17.0,0,56.0,Monthly,Credit Card,0,0,194636.38
C104895,34.0,Female,Bengaluru,33,1425.36,50570.15,8.0,1,95.0,Monthly,Debit Card,0,0,84448.34
C104896,20.0,Male,Bengaluru,38,895.04,32075.96,9.0,2,76.0,Quarterly,Debit Card,0,0,50078.49
C104897,43.0,Male,Hyderabad,13,1936.6,25735.5,11.0,1,69.0,Monthly,Credit Card,0,0,63442.54
C104898,32.0,Female,Hyderabad,49,2581.98,119303.57,17.0,2,100.0,Monthly,Credit Card,0,0,155887.99
C104899,53.0,Female,Bengaluru,53,1080.96,57066.72,3.0,2,100.0,Quarterly,Debit Card,1,0,81568.99
C104900,49.0,Male,Delhi,1,1884.06,2006.95,1.0,1,58.0,Annual,Credit Card,0,0,30722.58
C104901,49.0,Female,Delhi,12,2182.46,25683.73,20.0,0,72.0,Monthly,Debit Card,0,0,80501.97
C104902,21.0,Male,Bengaluru,24,399.0,10192.51,12.0,0,92.0,Monthly,Credit Card,1,0,44328.47
C104903,35.0,Female,Mumbai,1,3229.3,3056.28,24.0,1,100.0,Monthly,Debit Card,1,0,71851.67
C104904,66.0,Male,Delhi,68,1979.4,132363.37,7.0,4,83.0,Monthly,UPI,1,0,144485.45
C104905,36.0,Female,Mumbai,7,1530.33,10187.42,14.0,4,65.0,Quarterly,UPI,0,0,41484.31
C104906,60.0,Male,Mumbai,69,2350.5,181225.59,22.0,1,49.0,Monthly,Bank Transfer,0,0,166572.35
C104907,69.0,Female,Bengaluru,39,2075.55,87475.36,23.0,1,82.0,Annual,Debit Card,0,0,107714.89
C104908,52.0,Female,Hyderabad,32,1465.39,44034.14,15.0,2,93.0,Quarterly,Wallet,0,0,74690.78
C104909,57.0,Female,Chennai,49,2306.23,104464.52,6.0,1,60.0,Monthly,Credit Card,0,0,129957.4
C104910,31.0,Female,Bengaluru,31,2296.96,73308.07,2.0,3,60.0,Annual,Credit Card,0,0,90673.16
C104911,50.0,Female,Mumbai,3,548.84,1527.8,14.0,4,82.0,Monthly,Bank Transfer,0,0,33701.73
C104912,31.0,Female,Pune,47,1566.48,67497.66,22.0,1,60.0,Monthly,UPI,1,0,98623.34
C104913,51.0,Female,Bengaluru,15,1698.28,22813.39,9.0,3,57.0,Annual,Debit Card,0,0,52684.12
C104914,21.0,Female,Delhi,51,1824.18,89438.05,21.0,4,79.0,Annual,Bank Transfer,0,0,117912.38
C104915,41.0,Female,Pune,21,2258.96,44973.25,4.0,1,60.0,Annual,UPI,1,0,85898.56
C104916,46.0,Female,Hyderabad,41,399.0,15007.23,15.0,4,82.0,Quarterly,Bank Transfer,0,0,36746.79
C104917,36.0,Male,Kolkata,3,2428.73,7783.93,21.0,1,76.0,Monthly,Debit Card,0,1,57566.08
C104918,23.0,Female,Hyderabad,1,1692.32,1506.46,22.0,5,45.0,Annual,Bank Transfer,0,0,54118.49
C104919,50.0,Male,Kolkata,21,2298.43,53048.96,17.0,6,22.0,Monthly,UPI,0,0,65483.52
C104920,66.0,Female,Hyderabad,21,1685.77,37135.2,11.0,3,92.0,Annual,UPI,0,0,72261.37
C104921,57.0,Female,Bengaluru,49,1843.32,87348.15,10.0,6,63.0,Annual,Debit Card,0,0,107296.86
C104922,36.0,Other,Mumbai,65,3274.27,226168.38,3.0,4,69.0,Annual,Credit Card,1,0,208298.45
C104923,70.0,Male,Kolkata,41,1126.06,44972.03,10.0,0,67.0,Monthly,Debit Card,1,0,65754.11
C104924,18.0,Male,Bengaluru,67,1711.73,124493.4,26.0,2,98.0,Annual,UPI,1,0,132530.28
C104925,22.0,Female,Pune,42,1373.88,54427.92,14.0,1,52.0,Quarterly,UPI,0,0,80717.64
C104926,44.0,Male,Delhi,69,2846.27,189410.61,15.0,3,96.0,Quarterly,UPI,0,0,208227.92
C104927,33.0,Male,Hyderabad,57,1191.58,68698.04,17.0,1,100.0,Annual,UPI,1,0,101231.17
C104928,23.0,Female,Chennai,43,1858.615,111178.8,13.0,0,100.0,Monthly,UPI,1,0,134720.1
C104929,57.0,Female,Mumbai,12,746.85,9427.93,21.0,2,46.0,Monthly,UPI,0,0,36975.51
C104930,30.0,Male,Bengaluru,64,973.18,66181.42,16.0,2,95.0,Quarterly,Credit Card,1,0,81013.23
C104931,65.0,Female,Pune,51,1285.24,60703.22,13.0,1,100.0,Monthly,Debit Card,1,0,92029.86
C104932,52.0,Male,Kolkata,60,1580.56,92149.29,9.0,2,47.0,Quarterly,UPI,0,0,108955.86
C104933,36.0,Female,Delhi,71,2465.78,185196.52,20.0,3,55.0,Monthly,Bank Transfer,0,0,181305.64
C104934,29.0,Male,Other,28,1644.59,51367.06,17.0,2,53.0,Monthly,UPI,1,0,71809.25
C104935,33.0,Female,Hyderabad,71,2134.41,147342.12,15.0,3,82.0,Monthly,Wallet,0,0,151369.07
C104936,60.0,Male,Hyderabad,14,1373.17,21275.94,14.0,5,100.0,Monthly,Credit Card,0,0,52539.73
C104937,27.0,Female,Kolkata,32,1840.99,59438.14,19.0,2,17.0,Quarterly,Credit Card,0,0,77401.71
C104938,42.0,Male,Kolkata,8,2473.04,20983.69,8.0,1,46.0,Quarterly,Debit Card,1,0,56118.91
C104939,37.0,Female,Hyderabad,27,2210.63,53251.91,8.0,1,59.0,Monthly,UPI,0,0,81765.62
C104940,48.0,Male,Bengaluru,50,2413.77,106604.34,17.0,2,77.0,Annual,Debit Card,1,0,140282.81
C104941,21.0,Male,Pune,59,595.12,38881.96,21.0,1,77.0,Quarterly,Debit Card,0,0,47946.55
C104942,61.0,Female,Hyderabad,57,1648.43,85113.38,4.0,2,68.0,Annual,UPI,0,0,105665.95
C104943,40.0,Male,Bengaluru,3,1883.24,6099.0,20.0,7,49.0,Monthly,Debit Card,0,0,40266.36
C104944,19.0,Male,Delhi,27,1661.06,41281.96,25.0,2,62.0,Monthly,Credit Card,0,0,85483.59
C104945,39.0,Male,Other,34,1459.15,51171.83,1.0,3,62.0,Monthly,Wallet,0,0,71924.36
C104946,68.0,Male,Pune,26,1237.6,32263.48,10.0,3,87.0,Monthly,Bank Transfer,1,0,53484.08
C104947,54.0,Male,Pune,40,2690.95,97899.79,15.0,1,50.0,Annual,Bank Transfer,1,0,122427.86
C104948,25.0,Male,Bengaluru,32,2270.37,67725.97,32.0,3,89.0,Annual,Debit Card,1,0,113560.84
C104949,24.0,Male,Delhi,41,2618.62,110806.09,13.0,2,58.0,Annual,Debit Card,1,0,140882.98
C104950,31.0,Female,Hyderabad,2,3340.74,7286.37,13.0,2,42.0,Monthly,Wallet,0,0,65120.63
C104951,20.0,Female,Other,72,589.63,39129.12,18.0,1,70.0,Monthly,Wallet,0,0,62588.74
C104952,67.0,Male,Mumbai,7,2220.67,15645.61,8.0,3,74.0,Annual,Wallet,1,0,49346.21
C104953,33.0,Female,Delhi,19,1646.54,34995.91,15.0,1,58.0,Monthly,UPI,1,0,67085.39
C104954,36.0,Female,Kolkata,33,2815.18,91920.79,14.0,5,74.0,Annual,Credit Card,0,0,115974.68
C104955,68.0,Male,Hyderabad,2,2444.34,4481.53,23.0,0,49.0,Monthly,UPI,0,0,64052.52
C104956,35.0,Male,Other,67,1704.99,125513.57,15.0,3,100.0,Monthly,UPI,1,0,126752.01
C104957,69.0,Female,Bengaluru,15,2137.7,35084.02,31.0,0,82.0,Annual,Bank Transfer,0,0,83723.44
C104958,33.0,Male,Bengaluru,21,2713.79,50628.14,6.0,1,84.0,Annual,Debit Card,0,0,100839.58
C104959,25.0,Male,Hyderabad,59,2518.91,144744.67,14.0,4,69.0,Annual,Credit Card,1,0,153604.03
C104960,50.0,Female,Pune,39,2986.99,129443.46,15.0,1,79.0,Monthly,Credit Card,0,0,142662.86
C104961,66.0,Female,Kolkata,20,2225.27,44185.63,15.0,3,80.0,Annual,Credit Card,0,0,78461.62
C104962,29.0,Male,Hyderabad,1,1584.08,1627.2,6.0,2,76.0,Monthly,UPI,0,0,47350.7
C104963,70.0,Female,Hyderabad,9,1234.38,10386.39,16.0,1,74.0,Monthly,Bank Transfer,1,0,38085.06
C104964,28.0,Female,Kolkata,51,1934.63,103366.01,4.0,2,66.0,Monthly,Debit Card,0,0,109944.17
C104965,22.0,Female,Hyderabad,38,1443.0,55678.98,8.0,2,69.0,Annual,Credit Card,1,0,68145.39
C104966,44.0,Female,Delhi,15,1877.21,28657.37,10.0,3,50.0,Monthly,Debit Card,0,0,60147.1
C104967,29.0,Male,Mumbai,41,2926.48,122766.31,20.0,1,88.0,Quarterly,UPI,0,0,146380.67
C104968,34.0,Female,Kolkata,47,2433.42,100966.85,20.0,0,74.0,Quarterly,UPI,0,0,134314.75
C104969,23.0,Male,Mumbai,26,908.8,21184.42,17.0,2,85.0,Quarterly,UPI,0,0,54119.21
C104970,50.0,Male,Chennai,54,611.0,35727.44,11.0,0,36.0,Monthly,Credit Card,1,0,49489.97
C104971,22.0,Male,Other,70,691.18,49745.73,22.0,0,87.0,Monthly,Bank Transfer,0,0,82390.57
C104972,45.0,Male,Bengaluru,39,1663.9,69579.56,12.0,0,78.0,Annual,Debit Card,1,0,83620.41
C104973,31.0,Male,Bengaluru,17,1586.55,27673.27,8.0,2,83.0,Quarterly,Debit Card,0,0,58322.3
C104974,22.0,Male,Hyderabad,70,2777.56,176468.61,21.0,5,93.0,Annual,Wallet,0,0,214382.84
C104975,50.0,Male,Other,9,2323.79,21467.76,1.0,5,69.0,Monthly,Bank Transfer,1,0,55804.77
C104976,67.0,Female,Delhi,46,2171.6,93003.71,14.0,5,58.0,Monthly,Bank Transfer,0,0,113819.92
C104977,65.0,Male,Hyderabad,6,1406.68,8688.04,10.0,3,62.0,Monthly,Credit Card,1,0,30029.29
C104978,58.0,Female,Delhi,68,1433.86,100999.22,19.0,3,55.0,Monthly,Bank Transfer,1,0,113576.2
C104979,36.0,Male,Chennai,16,1362.67,21934.49,16.0,3,61.0,Monthly,Debit Card,1,0,51319.16
C104980,39.0,Male,Other,29,2711.9,69794.39,14.0,1,81.0,Monthly,Credit Card,0,0,120595.46
C104981,22.0,Male,Bengaluru,41,1396.46,51874.66,6.0,4,31.0,Quarterly,Wallet,1,0,60295.96
C104982,19.0,Male,Delhi,68,1094.83,75533.47,16.0,2,81.0,Annual,Credit Card,1,0,82421.17
C104983,47.0,Female,Delhi,62,1938.55,110423.03,17.0,2,73.0,Annual,Bank Transfer,0,0,129523.27
C104984,64.0,Male,Hyderabad,40,1858.615,110895.58,12.0,1,46.0,Annual,Credit Card,0,0,138729.54
C104985,56.0,Female,Kolkata,62,1755.23,99311.8,14.0,2,66.0,Quarterly,Debit Card,0,0,115961.48
C104986,21.0,Female,Hyderabad,24,1761.25,44991.59,21.0,0,68.0,Monthly,Credit Card,1,0,69134.48
C104987,50.0,Male,Delhi,6,938.46,5570.61,11.0,1,84.0,Monthly,Bank Transfer,0,0,38696.85
C104988,30.0,Female,Pune,40,2151.67,80071.53,5.0,3,72.0,Monthly,Credit Card,1,0,102524.94
C104989,37.0,Male,Delhi,70,2696.35,187697.97,21.0,2,60.0,Annual,UPI,0,0,193106.91
C104990,24.0,Female,Hyderabad,58,1684.62,103964.21,19.0,8,63.0,Monthly,UPI,1,0,111380.09
C104991,32.0,Female,Other,14,2284.38,35493.89,20.0,4,81.0,Monthly,UPI,0,0,69274.5
C104992,40.0,Male,Bengaluru,45,1858.615,19474.01,11.0,8,100.0,Monthly,UPI,1,0,35000.25
C104993,31.0,Male,Delhi,6,3091.24,17629.6,15.0,3,68.0,Annual,Credit Card,1,0,62920.42
C104994,40.0,Male,Pune,23,2122.75,47239.58,17.0,3,75.0,Annual,Debit Card,0,0,96669.02
C104995,36.0,Male,Other,62,1349.0,88124.62,20.0,0,48.0,Monthly,Debit Card,1,0,89646.52
C104996,46.0,Female,Mumbai,17,1538.16,27711.42,18.0,1,70.0,Monthly,Wallet,0,0,47552.3
C104997,37.0,Male,Bengaluru,70,3213.49,201849.6,11.0,2,49.0,Monthly,UPI,0,0,216825.42
C104998,46.0,Male,Pune,28,1944.61,50394.89,15.0,3,100.0,Monthly,UPI,0,0,85936.33
C104999,41.0,Male,Hyderabad,13,2044.87,24259.48,6.0,2,36.0,Monthly,Debit Card,0,0,59438.07
C105000,35.0,Female,Hyderabad,29,1832.96,56613.77,16.0,1,43.0,Monthly,Bank Transfer,0,0,72014.78
C105001,27.0,Male,Kolkata,45,1442.78,66404.13,28.0,4,97.0,Quarterly,Credit Card,1,0,78066.03
C105002,58.0,Female,Mumbai,20,852.58,18269.41,2.0,3,69.0,Monthly,Credit Card,1,0,41646.75
C105003,25.0,Female,Hyderabad,58,2540.12,161282.27,14.0,3,81.0,Annual,UPI,0,0,170617.98
C105004,43.0,Female,Mumbai,54,1572.19,90560.78,13.0,3,74.0,Monthly,UPI,0,0,93600.32
C105005,46.0,Female,Hyderabad,64,1987.22,113752.41,16.0,3,86.0,Annual,UPI,0,0,141170.6
C105006,27.0,Male,Hyderabad,52,2495.51,132011.46,13.0,2,78.0,Quarterly,Debit Card,0,0,151708.27
C105007,34.0,Male,Hyderabad,43,2541.85,106293.43,7.0,1,76.0,Annual,Credit Card,1,0,120312.85
C105008,19.0,Female,Pune,18,1514.75,25970.96,18.0,3,92.0,Quarterly,Credit Card,0,0,53393.2
C105009,23.0,Female,Pune,54,2129.62,117962.26,20.0,0,58.0,Quarterly,Debit Card,0,0,135237.86
C105010,22.0,Female,Mumbai,60,2280.2,130033.1,25.0,2,54.0,Monthly,Debit Card,1,0,147742.94
C105011,45.0,Male,Hyderabad,71,1317.2,92515.29,18.0,5,72.0,Monthly,Bank Transfer,0,0,105623.11
C105012,58.0,Male,Delhi,1,1529.4,1433.9,21.0,1,71.0,Monthly,Debit Card,0,0,40345.59
C105013,22.0,Other,Chennai,37,1998.78,82005.72,9.0,2,52.0,Monthly,Bank Transfer,0,0,87990.09
C105014,35.0,Male,Mumbai,49,2295.18,107467.19,11.0,1,100.0,Monthly,Credit Card,1,0,145171.76
C105015,43.0,Male,Kolkata,35,2062.91,77108.13,1.0,3,100.0,Monthly,Credit Card,0,0,99394.28
C105016,37.0,Male,Chennai,67,2058.09,149054.25,21.0,4,21.0,Monthly,Credit Card,0,0,134657.58
C105017,58.0,Female,Delhi,35,1776.04,55931.93,13.0,4,22.0,Annual,UPI,1,0,76892.3
C105018,66.0,Male,Other,9,1458.37,11986.08,16.0,1,82.0,Annual,Credit Card,0,0,56702.07
C105019,44.0,Male,Chennai,37,2126.69,76414.74,20.0,4,20.0,Quarterly,Bank Transfer,0,0,97961.69
C105020,66.0,Female,Mumbai,60,1355.2,77202.72,21.0,1,100.0,Monthly,Credit Card,1,0,106479.52
C105021,29.0,Male,Mumbai,56,1503.48,93881.24,12.0,2,98.0,Monthly,Debit Card,1,0,97678.01
C105022,24.0,Female,Bengaluru,12,620.26,6682.15,11.0,0,69.0,Monthly,Debit Card,0,0,22431.35
C105023,20.0,Female,Delhi,71,1419.14,111845.61,13.0,2,74.0,Monthly,Credit Card,1,0,104465.14
C105024,27.0,Male,Delhi,71,1778.51,122006.83,8.0,6,59.0,Annual,UPI,1,0,125447.54
C105025,51.0,Female,Hyderabad,4,1162.7,4628.82,16.0,1,57.0,Monthly,Debit Card,1,0,28020.15
C105026,42.0,Female,Hyderabad,61,1216.73,76466.05,22.0,1,61.0,Monthly,Credit Card,0,0,83962.72
C105027,52.0,Male,Other,45,1856.36,85908.06,2.0,2,81.0,Quarterly,Bank Transfer,0,1,99866.62
C105028,33.0,Male,Mumbai,50,2148.9,103320.3,12.0,1,81.0,Monthly,UPI,0,0,117702.34
C105029,19.0,Female,Hyderabad,50,2409.12,119435.2,6.0,0,77.0,Annual,Credit Card,0,0,150940.51
C105030,41.0,Male,Bengaluru,48,2210.53,100411.21,9.0,2,100.0,Monthly,UPI,0,0,130998.12
C105031,27.0,Female,Mumbai,23,2705.0,58560.59,12.0,2,65.0,Annual,Credit Card,0,0,97821.57
C105032,55.0,Female,Hyderabad,8,2610.19,18782.8,23.0,0,92.0,Quarterly,Bank Transfer,0,0,74704.76
C105033,39.0,Male,Hyderabad,29,1691.39,48145.7,27.0,0,100.0,Monthly,UPI,0,0,92587.98
C105034,43.0,Female,Pune,43,1502.41,62303.54,20.0,4,56.0,Monthly,UPI,1,0,85337.98
C105035,60.0,Male,Delhi,53,2288.05,113500.82,15.0,2,61.0,Monthly,Credit Card,0,0,132088.43
C105036,56.0,Female,Bengaluru,6,865.65,4732.28,15.0,2,70.0,Monthly,Wallet,0,0,30192.81
C105037,44.0,Male,Hyderabad,24,1990.08,43192.93,20.0,2,57.0,Annual,Credit Card,0,0,88716.94
C105038,46.0,Female,Mumbai,14,1500.07,20292.32,20.0,1,78.0,Annual,Debit Card,0,0,63865.2
C105039,64.0,Female,Bengaluru,52,1285.54,66723.53,19.0,2,72.0,Quarterly,UPI,0,0,102971.15
C105040,55.0,Female,Chennai,70,1858.615,106592.15,22.0,5,49.0,Monthly,UPI,0,0,117542.03
C105041,37.0,Female,Bengaluru,4,2257.53,9443.76,11.0,2,74.0,Monthly,Bank Transfer,0,0,59624.49
C105042,44.0,Female,Hyderabad,58,3193.76,166442.31,14.0,1,76.0,Monthly,Bank Transfer,1,0,202092.55
C105043,58.0,Male,Chennai,37,2303.33,76200.64,20.0,3,71.0,Monthly,Credit Card,0,0,116777.48
C105044,37.0,Female,Other,48,593.43,30240.17,12.0,2,80.0,Monthly,UPI,0,0,40544.89
C105045,61.0,Female,Bengaluru,39,1658.9,69358.82,30.0,1,95.0,Monthly,Credit Card,0,0,112724.14
C105046,36.0,Female,Bengaluru,66,1380.31,89640.68,20.0,2,48.0,Monthly,UPI,1,0,95000.27
C105047,37.0,Female,Bengaluru,13,1132.55,14027.88,12.0,3,53.0,Monthly,UPI,0,1,51595.86
C105048,52.0,Male,Mumbai,66,1933.27,116973.95,27.0,4,30.0,Annual,Debit Card,0,0,139796.1
C105049,64.0,Male,Pune,60,1328.79,74196.34,20.0,4,100.0,Monthly,Bank Transfer,1,0,96643.89
C105050,19.0,Male,Chennai,41,1273.16,50870.88,10.0,4,32.0,Monthly,UPI,0,0,67106.36
C105051,47.0,Female,Pune,32,2246.42,79926.29,15.0,2,100.0,Quarterly,UPI,0,0,120361.03
C105052,70.0,Male,Hyderabad,52,2170.45,115330.63,8.0,3,75.0,Annual,Debit Card,0,0,129241.32
C105053,51.0,Female,Kolkata,5,3106.43,15595.37,18.0,6,44.0,Annual,Credit Card,0,1,68536.86
C105054,39.0,Male,Hyderabad,67,1004.04,66384.89,8.0,1,87.0,Monthly,UPI,1,0,83764.01
C105055,20.0,Male,Hyderabad,66,857.93,49893.65,17.0,0,76.0,Monthly,Credit Card,1,0,81884.67
C105056,23.0,Male,Hyderabad,52,1839.85,88317.69,15.0,4,100.0,Annual,UPI,1,0,124254.78
C105057,32.0,Male,Hyderabad,49,1727.75,87220.73,18.0,3,89.0,Annual,UPI,1,0,107653.78
C105058,44.0,Female,Mumbai,29,2475.16,73532.47,19.0,4,100.0,Annual,Debit Card,1,0,96179.19
C105059,27.0,Male,Chennai,38,2321.01,89958.77,20.0,0,70.0,Annual,Credit Card,1,0,119072.82
C105060,26.0,Male,Delhi,70,2182.26,142945.64,17.0,1,77.0,Monthly,Debit Card,0,0,171965.88
C105061,50.0,Male,Hyderabad,8,1039.47,7907.41,8.0,5,97.0,Annual,UPI,1,0,29651.18
C105062,49.0,Female,Mumbai,59,1880.44,112457.63,16.0,3,58.0,Annual,Bank Transfer,0,0,123033.57
C105063,65.0,Female,Bengaluru,55,568.72,28746.57,12.0,1,79.0,Quarterly,Debit Card,0,0,47656.24
C105064,23.0,Male,Delhi,2,2740.81,5155.29,27.0,3,64.0,Annual,Debit Card,1,0,52421.54
C105065,58.0,Female,Hyderabad,26,1258.18,35103.43,19.0,1,89.0,Quarterly,Debit Card,1,0,74442.01
C105066,53.0,Male,Hyderabad,63,1780.41,105482.72,2.0,2,61.0,Monthly,Debit Card,0,0,112096.69
C105067,19.0,Male,Chennai,17,837.61,14633.71,17.0,1,78.0,Quarterly,UPI,1,0,49666.97
C105068,46.0,Female,Pune,59,1519.5,91872.82,32.0,2,100.0,Annual,UPI,0,0,134775.36
C105069,21.0,Male,Delhi,16,1597.62,28336.4,9.0,1,65.0,Monthly,Debit Card,0,0,39678.67
C105070,18.0,Female,Hyderabad,58,1726.75,101135.55,20.0,1,82.0,Quarterly,UPI,0,0,123510.83
C105071,36.0,Male,Hyderabad,64,1858.28,117892.77,12.0,3,93.0,Monthly,UPI,1,0,132273.5
C105072,43.0,Female,Bengaluru,50,2257.23,108408.37,26.0,0,73.0,Monthly,UPI,0,0,140915.47
C105073,42.0,Male,Chennai,26,2475.71,59794.09,10.0,1,62.0,Quarterly,Debit Card,0,0,98309.82
C105074,27.0,Female,Mumbai,17,2231.61,35968.27,15.0,3,42.0,Monthly,Credit Card,0,0,79058.02
C105075,70.0,Female,Hyderabad,46,1876.17,95842.43,18.0,2,71.0,Monthly,UPI,1,0,100859.22
C105076,32.0,Male,Chennai,68,1638.48,123765.95,6.0,1,91.0,Annual,UPI,0,0,132716.87
C105077,39.0,Female,Mumbai,50,1870.28,86461.68,14.0,4,59.0,Annual,Credit Card,0,0,104638.92
C105078,68.0,Male,Chennai,43,1772.65,68204.5,18.0,2,68.0,Monthly,UPI,0,0,92235.65
C105079,65.0,Female,Hyderabad,48,2023.78,92385.19,1.0,5,49.0,Quarterly,UPI,0,0,94475.01
C105080,38.0,Male,Mumbai,68,1249.1,90388.39,21.0,2,46.0,Monthly,Credit Card,1,0,71366.6
C105081,39.0,Male,Bengaluru,19,1710.6,31595.84,7.0,6,55.0,Monthly,Credit Card,1,0,53617.02
C105082,53.0,Female,Kolkata,25,2365.4,56281.09,6.0,1,60.0,Monthly,Credit Card,0,0,91318.62
C105083,51.0,Male,Pune,72,2425.59,169284.68,24.0,0,100.0,Monthly,UPI,0,0,194735.99
C105084,47.0,Female,Hyderabad,18,1529.74,25658.82,11.0,3,66.0,Monthly,Credit Card,0,0,55007.63
C105085,42.0,Male,Hyderabad,51,1439.88,75689.54,3.0,3,74.0,Monthly,UPI,0,0,88721.73
C105086,62.0,Male,Bengaluru,18,1876.99,34475.34,16.0,3,76.0,Monthly,UPI,1,0,68000.6
C105087,45.0,Female,Chennai,58,1753.94,98119.32,22.0,2,94.0,Quarterly,UPI,0,0,132944.69
C105088,18.0,Female,Other,64,618.13,39377.9,10.0,2,35.0,Monthly,Bank Transfer,0,0,40708.69
C105089,66.0,Male,Bengaluru,71,2927.64,183092.51,16.0,1,78.0,Monthly,Bank Transfer,0,0,225665.97
C105090,62.0,Male,Kolkata,57,1365.01,78340.38,14.0,2,69.0,Monthly,UPI,0,0,78905.14
C105091,21.0,Male,Mumbai,17,1492.98,27422.23,8.0,2,75.0,Monthly,Credit Card,1,0,33087.46
C105092,24.0,Male,Kolkata,59,984.01,53015.76,9.0,2,84.0,Monthly,Credit Card,0,0,69746.28
C105093,66.0,Male,Delhi,67,2458.66,182066.91,19.0,5,77.0,Monthly,Wallet,0,0,181252.03
C105094,26.0,Male,Delhi,15,1599.97,24129.63,21.0,2,67.0,Annual,Credit Card,0,0,68591.54
C105095,53.0,Female,Mumbai,26,2069.51,58234.02,15.0,3,91.0,Quarterly,Bank Transfer,0,0,84937.4
C105096,36.0,Female,Pune,48,2209.66,100760.71,1.0,6,76.0,Quarterly,UPI,0,0,113952.74
C105097,18.0,Male,Bengaluru,14,1385.43,20006.03,29.0,1,72.0,Monthly,Credit Card,0,0,64151.11
C105098,27.0,Male,Kolkata,9,1553.53,13242.26,27.0,0,81.0,Annual,Bank Transfer,1,0,52874.53
C105099,53.0,Male,Delhi,7,1964.95,14795.44,20.0,4,64.0,Monthly,Bank Transfer,0,0,47066.08
C105100,26.0,Female,Chennai,55,504.53,30536.86,8.0,1,100.0,Monthly,UPI,0,0,44805.68
C105101,62.0,Female,Other,12,2484.15,32825.92,6.0,3,47.0,Annual,Debit Card,0,0,56745.8
C105102,63.0,Female,Kolkata,17,1633.69,29693.64,14.0,1,95.0,Monthly,UPI,1,0,62410.74
C105103,59.0,Female,Pune,8,1573.75,13965.12,10.0,4,92.0,Annual,UPI,0,0,55418.86
C105104,49.0,Female,Bengaluru,42,1441.71,65002.24,23.0,2,92.0,Monthly,UPI,0,0,94922.68
C105105,49.0,Male,Other,37,1649.61,66744.05,22.0,0,76.0,Monthly,UPI,0,0,94071.06
C105106,23.0,Male,Pune,20,1780.98,34121.28,5.0,2,70.0,Annual,Credit Card,0,0,57273.62
C105107,65.0,Female,Mumbai,1,2701.62,2801.57,22.0,3,64.0,Monthly,Credit Card,0,0,46639.84
C105108,55.0,Male,Kolkata,9,1052.0,8769.76,15.0,2,38.0,Monthly,Debit Card,0,0,32809.4
C105109,34.0,Female,Hyderabad,24,1182.45,27111.62,10.0,1,61.0,Monthly,Debit Card,1,0,59521.22
C105110,27.0,Female,Hyderabad,34,1815.43,62747.48,15.0,1,70.0,Quarterly,UPI,0,0,99884.95
C105111,67.0,Female,Mumbai,36,2528.35,90079.78,6.0,3,42.0,Monthly,Credit Card,0,0,111349.75
C105112,44.0,Male,Hyderabad,4,1554.85,6805.52,24.0,2,56.0,Quarterly,UPI,0,0,47548.14
C105113,67.0,Female,Delhi,29,1434.05,38550.57,13.0,1,56.0,Annual,Credit Card,1,0,70315.94
C105114,52.0,Female,Bengaluru,16,1850.64,30612.87,22.0,3,79.0,Monthly,Debit Card,0,0,67323.29
C105115,69.0,Female,Hyderabad,8,2235.85,17394.42,22.0,1,94.0,Quarterly,Wallet,1,0,80246.78
C105116,38.0,Female,Chennai,39,2449.2,90952.33,11.0,2,72.0,Annual,Bank Transfer,0,0,118812.64
C105117,42.0,Other,Chennai,58,1180.3,61970.37,16.0,1,100.0,Annual,Wallet,0,0,98815.33
C105118,45.0,Male,Hyderabad,12,2198.78,27709.85,10.0,1,64.0,Monthly,UPI,0,0,73786.98
C105119,64.0,Male,Hyderabad,44,1759.85,76025.5,23.0,3,78.0,Annual,UPI,0,0,91296.09
C105120,32.0,Male,Chennai,4,1109.63,4798.29,12.0,3,99.0,Annual,Bank Transfer,0,0,37783.85
C105121,21.0,Male,Pune,25,2660.76,70888.43,20.0,3,68.0,Annual,Credit Card,0,0,101366.7
C105122,46.0,Female,Kolkata,70,753.59,51941.76,22.0,3,73.0,Monthly,Wallet,1,0,69210.31
C105123,26.0,Other,Hyderabad,67,910.26,57422.6,27.0,1,79.0,Monthly,Debit Card,0,0,89511.7
C105124,44.0,Male,Mumbai,39,2462.37,102795.32,22.0,2,96.0,Monthly,UPI,1,0,122293.5
C105125,43.0,Male,Bengaluru,24,852.41,18454.33,13.0,3,76.0,Monthly,UPI,0,0,52967.02
C105126,36.0,Male,Bengaluru,6,1380.54,8117.31,25.0,2,77.0,Monthly,UPI,0,0,42428.43
C105127,45.0,Female,Other,72,1448.06,111317.18,22.0,3,87.0,Annual,Bank Transfer,0,0,125034.2
C105128,44.0,Male,Bengaluru,33,1658.68,50350.63,5.0,6,48.0,Monthly,Debit Card,0,1,56713.93
C105129,60.0,Male,Bengaluru,48,1577.15,75955.03,22.0,3,92.0,Annual,UPI,0,0,95131.68
C105130,58.0,Male,Hyderabad,67,1138.69,81478.42,18.0,1,100.0,Monthly,Debit Card,1,0,98236.68
C105131,59.0,Male,Other,2,2086.0,3695.21,14.0,2,98.0,Monthly,UPI,0,0,54175.99
C105132,67.0,Female,Chennai,38,2216.18,89154.25,13.0,2,62.0,Monthly,Debit Card,1,0,97182.66
C105133,37.0,Male,Mumbai,40,1233.25,46539.23,15.0,8,34.0,Quarterly,Bank Transfer,1,0,55656.69
C105134,62.0,Male,Chennai,56,2035.39,121099.35,12.0,3,100.0,Monthly,UPI,0,0,132897.58
C105135,57.0,Male,Bengaluru,21,3442.51,70886.58,17.0,0,52.0,Quarterly,UPI,0,0,122790.82
C105136,56.0,Female,Pune,35,1786.28,55360.27,22.0,4,79.0,Monthly,UPI,1,0,90969.85
C105137,66.0,Female,Hyderabad,67,1797.74,122312.25,7.0,2,75.0,Monthly,UPI,1,0,130899.93
C105138,70.0,Male,Delhi,60,1744.51,108161.55,1.0,2,18.0,Monthly,UPI,1,0,107093.88
C105139,40.0,Male,Mumbai,23,1825.83,38682.75,15.0,1,85.0,Monthly,Wallet,0,0,85191.38
C105140,64.0,Female,Hyderabad,65,1763.26,114868.55,21.0,3,96.0,Monthly,Credit Card,0,0,138071.34
C105141,49.0,Male,Hyderabad,63,629.36,42176.65,20.0,1,86.0,Monthly,Credit Card,0,0,57498.95
C105142,69.0,Female,Delhi,23,2241.62,46176.36,11.0,4,65.0,Annual,UPI,1,0,73691.94
C105143,64.0,Male,Bengaluru,42,1371.74,62537.28,13.0,3,63.0,Monthly,UPI,1,0,78005.71
C105144,50.0,Male,Bengaluru,64,1090.56,67313.13,1.0,1,46.0,Monthly,UPI,1,0,76147.65
C105145,63.0,Female,Hyderabad,66,883.94,64882.14,15.0,1,83.0,Monthly,Wallet,0,0,80421.25
C105146,44.0,Female,Pune,41,1056.4,46666.73,12.0,3,64.0,Monthly,Credit Card,0,0,62109.44
C105147,60.0,Female,Kolkata,20,2883.89,61249.47,15.0,4,25.0,Monthly,UPI,1,0,77907.88
C105148,65.0,Male,Pune,9,1400.15,11567.44,12.0,1,73.0,Quarterly,Bank Transfer,0,0,45602.81
C105149,51.0,Male,Chennai,57,1709.3,97462.68,9.0,2,99.0,Annual,Bank Transfer,1,0,117564.47
C105150,57.0,Male,Mumbai,17,2410.7,39431.92,10.0,2,46.0,Monthly,UPI,0,0,73779.53
C105151,28.0,Female,Bengaluru,18,2346.01,45231.3,12.0,2,63.0,Quarterly,Debit Card,0,0,91250.14
C105152,67.0,Female,Hyderabad,63,1409.58,85201.73,10.0,0,71.0,Quarterly,Wallet,0,0,106939.91
C105153,20.0,Male,Pune,72,1143.59,85924.84,21.0,3,45.0,Monthly,Bank Transfer,0,0,82803.76
C105154,50.0,Female,Pune,72,2766.34,196720.79,20.0,0,67.0,Monthly,Debit Card,1,0,210664.9
C105155,28.0,Female,Pune,26,2120.83,58680.43,14.0,0,100.0,Monthly,UPI,0,0,82795.68
C105156,33.0,Male,Chennai,72,1403.49,92887.38,16.0,1,60.0,Monthly,Credit Card,0,0,111173.84
C105157,35.0,Female,Kolkata,72,2742.52,188279.25,26.0,6,51.0,Quarterly,UPI,0,0,195437.38
C105158,47.0,Male,Kolkata,13,1529.68,18165.55,4.0,3,66.0,Monthly,UPI,0,0,33735.15
C105159,65.0,Male,Bengaluru,17,1330.04,23005.71,25.0,2,65.0,Quarterly,Credit Card,0,0,62077.61
C105160,27.0,Female,Bengaluru,26,1341.41,33723.19,27.0,0,98.0,Annual,Bank Transfer,0,0,76517.4
C105161,35.0,Male,Chennai,6,933.88,5986.43,21.0,4,99.0,Monthly,UPI,0,0,37139.78
C105162,55.0,Male,Hyderabad,4,1899.73,7195.37,18.0,4,42.0,Monthly,Debit Card,1,1,36341.82
C105163,36.0,Female,Kolkata,7,399.0,2863.3,18.0,1,100.0,Quarterly,Debit Card,0,0,39766.76
C105164,53.0,Female,Bengaluru,17,1236.12,21218.52,4.0,3,45.0,Annual,Credit Card,1,0,48121.5
C105165,30.0,Other,Mumbai,50,1760.23,92528.42,19.0,5,62.0,Quarterly,Debit Card,0,0,109289.44
C105166,63.0,Female,Mumbai,6,2556.15,16184.32,22.0,0,71.0,Monthly,UPI,1,0,55199.24
C105167,20.0,Male,Mumbai,30,2187.69,72122.04,7.0,2,86.0,Monthly,Credit Card,0,0,85926.6
C105168,27.0,Female,Hyderabad,56,2850.75,163102.92,8.0,4,100.0,Annual,Debit Card,0,0,178605.99
C105169,55.0,Female,Other,39,1709.45,69986.83,25.0,4,70.0,Quarterly,Wallet,0,0,89321.85
C105170,18.0,Male,Hyderabad,14,3126.86,48655.57,14.0,4,84.0,Monthly,Credit Card,0,0,89672.34
C105171,44.0,Female,Pune,54,717.38,40725.45,21.0,2,100.0,Quarterly,Wallet,0,0,60098.74
C105172,63.0,Male,Pune,22,1304.43,32057.66,7.0,2,52.0,Monthly,Credit Card,0,0,47538.93
C105173,25.0,Male,Hyderabad,57,2328.19,135436.21,20.0,1,73.0,Monthly,Bank Transfer,0,0,158618.06
C105174,68.0,Female,Other,41,1894.82,86763.56,19.0,2,99.0,Monthly,Debit Card,0,0,123841.39
C105175,63.0,Female,Mumbai,10,1235.63,11410.72,1.0,0,70.0,Quarterly,Credit Card,0,0,47024.63
C105176,59.0,Male,Delhi,2,1982.65,4079.38,20.0,2,73.0,Monthly,Bank Transfer,1,0,40379.95
C105177,34.0,Male,Delhi,67,1397.53,90403.55,11.0,2,61.0,Monthly,Credit Card,0,0,108815.94
C105178,26.0,Female,Mumbai,48,1496.12,73585.36,18.0,3,80.0,Quarterly,Debit Card,0,0,89675.58
C105179,23.0,Male,Hyderabad,42,3024.64,113435.0,14.0,1,36.0,Quarterly,UPI,0,0,139295.27
C105180,60.0,Male,Pune,11,2453.55,25801.01,21.0,1,72.0,Monthly,Credit Card,0,0,79459.86
C105181,42.0,Female,Mumbai,12,2205.54,23416.54,23.0,3,81.0,Monthly,Debit Card,1,0,72713.39
C105182,56.0,Female,Hyderabad,14,2161.63,30170.15,24.0,2,84.0,Monthly,Credit Card,0,0,67279.23
C105183,66.0,Female,Delhi,30,1068.87,32190.59,23.0,1,86.0,Monthly,Bank Transfer,1,0,54678.63
C105184,45.0,Female,Delhi,60,1172.24,70253.79,22.0,3,68.0,Monthly,Debit Card,0,0,91056.22
C105185,50.0,Female,Mumbai,30,2195.18,72366.27,14.0,2,76.0,Monthly,Credit Card,0,0,94458.51
C105186,54.0,Female,Hyderabad,38,2412.99,90131.06,13.0,2,54.0,Monthly,Credit Card,0,0,112010.02
C105187,26.0,Male,Bengaluru,65,2683.46,162313.3,12.0,4,81.0,Annual,Credit Card,0,0,183196.91
C105188,35.0,Female,Hyderabad,47,1742.75,88668.43,10.0,1,60.0,Annual,Credit Card,1,0,90015.93
C105189,38.0,Male,Chennai,39,1223.19,52640.11,4.0,0,100.0,Monthly,UPI,1,0,80055.68
C105190,19.0,Male,Kolkata,49,2074.41,94542.15,20.0,3,81.0,Monthly,Bank Transfer,1,0,120369.73
C105191,60.0,Male,Hyderabad,58,856.12,46474.6,14.0,0,48.0,Monthly,Credit Card,0,0,69182.38
C105192,55.0,Female,Bengaluru,17,1492.27,23184.97,16.0,1,59.0,Monthly,Debit Card,0,0,55617.98
C105193,57.0,Male,Pune,6,2534.92,16204.56,19.0,2,98.0,Quarterly,UPI,0,0,75910.42
C105194,53.0,Male,Hyderabad,15,1678.85,27556.13,15.0,0,52.0,Annual,Credit Card,0,0,60309.5
C105195,67.0,Female,Hyderabad,67,2518.18,181111.3,12.0,4,26.0,Annual,Credit Card,0,0,170995.46
C105196,60.0,Female,Mumbai,28,693.78,18946.7,13.0,2,86.0,Annual,Credit Card,0,0,33471.34
C105197,54.0,Female,Pune,44,1908.24,77289.1,10.0,3,92.0,Annual,Bank Transfer,1,0,104061.08
C105198,32.0,Male,Pune,18,1063.22,21206.81,22.0,4,28.0,Monthly,UPI,1,0,37091.77
C105199,45.0,Male,Pune,32,769.83,23432.31,5.0,1,100.0,Annual,Debit Card,1,0,46933.23
C105200,35.0,Female,Bengaluru,69,1346.95,102215.76,18.0,1,68.0,Monthly,Bank Transfer,0,0,123218.59
C105201,51.0,Male,Kolkata,44,1973.0,91349.57,15.0,1,37.0,Annual,Wallet,0,0,107437.32
C105202,39.0,Female,Hyderabad,70,1565.82,120640.76,6.0,1,60.0,Monthly,Debit Card,0,0,113000.28
C105203,28.0,Male,Bengaluru,63,1890.12,124115.77,14.0,2,100.0,Monthly,UPI,1,0,144080.72
C105204,30.0,Female,Bengaluru,58,2125.46,113655.9,20.0,4,30.0,Monthly,Debit Card,0,0,136987.78
C105205,21.0,Male,Hyderabad,47,2036.12,94727.02,14.0,6,79.0,Monthly,Credit Card,1,0,118469.53
C105206,39.0,Male,Bengaluru,17,1761.78,27402.08,10.0,0,100.0,Quarterly,Bank Transfer,0,0,67741.04
C105207,24.0,Female,Mumbai,39,2258.77,82185.34,16.0,1,71.0,Annual,UPI,1,0,116317.71
C105208,60.0,Male,Mumbai,59,856.86,48724.08,4.0,4,65.0,Monthly,Debit Card,1,0,62327.86
C105209,41.0,Male,Bengaluru,7,968.18,6205.27,11.0,1,88.0,Monthly,Credit Card,0,0,37731.95
C105210,21.0,Female,Pune,63,1078.47,64771.87,8.0,3,77.0,Monthly,UPI,0,0,82129.37
C105211,45.0,Male,Delhi,57,1807.47,93020.25,17.0,2,62.0,Monthly,Debit Card,1,0,106227.78
C105212,32.0,Male,Bengaluru,34,2339.93,70930.5,23.0,1,95.0,Monthly,Credit Card,0,0,111945.98
C105213,18.0,Male,Bengaluru,53,2872.99,139511.62,19.0,2,100.0,Monthly,Credit Card,0,0,178093.27
C105214,20.0,Male,Bengaluru,66,2067.72,127066.59,28.0,0,43.0,Monthly,UPI,0,0,145386.32
C105215,31.0,Male,Hyderabad,48,987.5,44857.75,23.0,3,96.0,Annual,UPI,0,0,78846.62
C105216,55.0,Female,Pune,60,2255.38,138902.59,8.0,1,40.0,Annual,Credit Card,0,0,139078.16
C105217,67.0,Female,Hyderabad,43,2305.58,92227.3,13.0,1,69.0,Monthly,Credit Card,1,0,127313.26
C105218,18.0,Male,Hyderabad,4,1708.14,7457.05,18.0,0,58.0,Annual,Bank Transfer,0,0,43328.47
C105219,55.0,Male,Hyderabad,52,1593.9,74487.55,9.0,1,50.0,Monthly,Credit Card,1,0,98225.31
C105220,55.0,Female,Pune,32,2390.55,81606.79,18.0,5,100.0,Quarterly,Credit Card,0,0,116367.63
C105221,38.0,Other,Hyderabad,51,1700.1,92870.53,18.0,2,89.0,Quarterly,UPI,0,0,108213.93
C105222,65.0,Male,Delhi,10,1864.73,18043.39,16.0,4,100.0,Monthly,Credit Card,0,0,68397.46
C105223,46.0,Female,Hyderabad,12,1560.24,19299.54,14.0,1,53.0,Monthly,UPI,0,0,52246.23
C105224,22.0,Female,Pune,39,2769.83,110470.24,9.0,3,89.0,Annual,UPI,0,0,134650.85
C105225,66.0,Male,Kolkata,68,816.3,60880.57,17.0,0,100.0,Monthly,Credit Card,0,0,76516.82
C105226,27.0,Male,Mumbai,10,1627.31,18132.42,16.0,2,74.0,Monthly,Credit Card,1,0,51779.75
C105227,45.0,Male,Pune,10,1736.1,16612.38,10.0,1,53.0,Annual,Credit Card,0,0,39559.2
C105228,44.0,Female,Delhi,23,1425.13,32877.95,15.0,4,69.0,Monthly,UPI,0,0,73450.12
C105229,67.0,Female,Pune,13,1046.51,12408.6,12.0,4,48.0,Monthly,UPI,0,0,44860.38
C105230,24.0,Female,Pune,48,2908.51,148087.91,19.0,2,69.0,Annual,UPI,1,0,151631.12
C105231,20.0,Male,Hyderabad,44,1815.25,88130.34,19.0,2,69.0,Annual,UPI,1,0,108228.96
C105232,62.0,Female,Mumbai,64,1580.24,91775.22,11.0,2,33.0,Annual,Credit Card,0,0,102452.67
C105233,64.0,Female,Other,40,2315.69,98259.03,14.0,1,84.0,Monthly,Bank Transfer,0,0,109002.13
C105234,37.0,Female,Bengaluru,6,1795.25,10773.03,12.0,3,54.0,Monthly,UPI,1,0,44690.17
C105235,36.0,Male,Other,72,928.7,74371.48,25.0,2,98.0,Annual,UPI,1,0,84920.88
C105236,52.0,Female,Mumbai,43,547.23,21194.97,12.0,0,92.0,Quarterly,Credit Card,0,0,41238.16
C105237,21.0,Male,Chennai,32,1708.04,59627.13,18.0,6,37.0,Quarterly,Credit Card,0,0,62591.98
C105238,22.0,Female,Delhi,49,2395.9,119522.5,28.0,1,96.0,Annual,Bank Transfer,1,0,145973.79
C105239,18.0,Female,Pune,19,1989.37,38613.68,1.0,0,76.0,Annual,Debit Card,0,0,55795.0
C105240,21.0,Male,Chennai,52,870.83,40938.28,20.0,2,99.0,Quarterly,UPI,1,0,73526.43
C105241,29.0,Female,Hyderabad,52,1858.615,118623.16,19.0,4,85.0,Monthly,Credit Card,1,0,147634.18
C105242,44.0,Male,Delhi,34,1283.68,41569.94,11.0,4,22.0,Monthly,Debit Card,0,0,55773.39
C105243,59.0,Female,Other,59,3185.9,173567.07,5.0,1,40.0,Monthly,Bank Transfer,1,0,195246.72
C105244,40.0,Male,Delhi,5,1693.23,8054.4,12.0,0,59.0,Monthly,Bank Transfer,0,0,41929.1
C105245,42.0,Female,Hyderabad,66,2121.67,130235.28,13.0,4,55.0,Monthly,UPI,0,0,151489.7
C105246,38.0,Female,Bengaluru,41,2525.8,104655.58,17.0,2,55.0,Quarterly,UPI,1,0,122516.39
C105247,69.0,Male,Kolkata,34,1975.47,64665.64,15.0,2,61.0,Quarterly,Wallet,0,0,83442.57
C105248,41.0,Female,Hyderabad,54,1760.47,94025.19,8.0,3,81.0,Quarterly,Bank Transfer,0,0,116249.93
C105249,42.0,Male,Mumbai,20,2275.28,44428.85,12.0,0,100.0,Monthly,Bank Transfer,0,0,87354.89
C105250,62.0,Male,Hyderabad,54,1603.75,83965.91,29.0,6,100.0,Monthly,Bank Transfer,0,0,112088.05
C105251,63.0,Female,Bengaluru,66,1928.06,112583.53,12.0,2,84.0,Monthly,Debit Card,1,0,146843.34
C105252,49.0,Female,Bengaluru,18,1678.08,31173.28,9.0,3,80.0,Quarterly,UPI,1,0,67589.55
C105253,49.0,Female,Hyderabad,44,1823.51,83437.78,20.0,1,76.0,Quarterly,Debit Card,1,0,109494.89
C105254,22.0,Female,Pune,48,2342.26,117928.09,4.0,0,65.0,Monthly,UPI,1,0,131290.88
C105255,53.0,Female,Bengaluru,35,1014.08,37626.9,9.0,0,56.0,Monthly,UPI,1,0,46343.07
C105256,63.0,Female,Bengaluru,39,1500.01,61233.82,1.0,4,33.0,Monthly,Credit Card,1,0,65812.28
C105257,59.0,Female,Chennai,3,1721.42,5093.16,14.0,4,61.0,Annual,Credit Card,0,0,43030.73
C105258,66.0,Female,Kolkata,19,2437.5,43589.19,10.0,1,62.0,Monthly,Credit Card,0,0,84227.43
C105259,59.0,Male,Delhi,18,1714.46,31027.3,24.0,4,97.0,Quarterly,UPI,1,0,74469.15
C105260,56.0,Male,Hyderabad,5,1196.89,6692.81,16.0,0,97.0,Monthly,Credit Card,0,0,48111.2
C105261,33.0,Female,Hyderabad,55,516.88,26834.33,15.0,6,46.0,Monthly,UPI,1,0,37083.82
C105262,50.0,Female,Mumbai,13,2542.04,33083.68,8.0,2,65.0,Monthly,Bank Transfer,0,0,60907.18
C105263,66.0,Female,Kolkata,34,2039.56,66153.03,12.0,4,57.0,Annual,Wallet,1,1,87244.18
C105264,38.0,Male,Bengaluru,18,1672.97,29209.3,15.0,2,72.0,Monthly,Debit Card,1,0,70167.95
C105265,26.0,Female,Bengaluru,68,1991.13,134838.65,9.0,2,9.0,Annual,UPI,1,0,128940.72
C105266,23.0,Male,Pune,72,2774.2,210329.75,22.0,2,6.0,Annual,Bank Transfer,1,0,179191.31
C105267,68.0,Female,Mumbai,43,2082.81,95562.21,6.0,1,65.0,Quarterly,Wallet,1,0,115626.26
C105268,62.0,Male,Mumbai,65,573.54,34274.39,13.0,1,86.0,Monthly,Debit Card,1,0,57724.95
C105269,52.0,Male,Hyderabad,41,2434.34,105825.76,20.0,3,92.0,Annual,Debit Card,0,0,130493.05
C105270,56.0,Female,Hyderabad,38,641.93,25437.32,19.0,2,58.0,Monthly,Debit Card,1,0,49044.82
C105271,39.0,Female,Bengaluru,38,2264.03,90193.91,9.0,1,94.0,Monthly,Credit Card,1,0,107926.03
C105272,58.0,Male,Hyderabad,13,1499.26,19749.69,10.0,1,72.0,Quarterly,Bank Transfer,0,0,48449.74
C105273,22.0,Male,Other,22,2277.91,47242.47,15.0,3,89.0,Monthly,Debit Card,0,0,88392.17
C105274,59.0,Male,Hyderabad,29,2322.04,65027.03,27.0,1,90.0,Monthly,Debit Card,1,0,109588.03
C105275,40.0,Male,Delhi,9,1641.62,15584.4,27.0,2,100.0,Annual,Debit Card,0,0,60883.04
C105276,34.0,Male,Mumbai,68,2039.62,124150.84,23.0,5,62.0,Annual,Credit Card,0,0,157029.82
C105277,29.0,Female,Bengaluru,17,1948.51,29669.98,22.0,2,65.0,Monthly,UPI,0,0,71007.01
C105278,40.0,Female,Kolkata,37,1329.33,52242.59,6.0,0,44.0,Monthly,UPI,0,0,70078.15
C105279,33.0,Male,Delhi,64,1573.95,102459.4,24.0,1,54.0,Annual,Debit Card,0,0,133966.13
C105280,20.0,Female,Other,67,2093.91,128077.46,8.0,3,51.0,Quarterly,Credit Card,0,0,141127.94
C105281,47.0,Male,Hyderabad,4,2632.21,9426.48,8.0,2,54.0,Monthly,Wallet,0,0,46593.01
C105282,39.0,Male,Hyderabad,40,1042.54,41875.93,17.0,3,100.0,Monthly,Debit Card,0,0,66702.45
C105283,26.0,Male,Hyderabad,16,2131.44,37774.14,15.0,1,100.0,Monthly,UPI,0,0,71715.97
C105284,46.0,Female,Bengaluru,11,1646.47,19230.8,15.0,1,87.0,Monthly,Credit Card,0,0,51762.42
C105285,64.0,Male,Chennai,26,2489.6,66195.84,5.0,1,53.0,Annual,Credit Card,0,0,86772.26
C105286,54.0,Male,Kolkata,72,2349.36,183324.95,12.0,2,71.0,Annual,Debit Card,1,0,168030.01
C105287,40.0,Male,Bengaluru,65,2000.87,124563.13,6.0,3,100.0,Monthly,UPI,0,0,151752.69
C105288,30.0,Male,Kolkata,2,865.48,1760.44,23.0,1,71.0,Monthly,Bank Transfer,0,0,29776.06
C105289,49.0,Male,Chennai,45,3266.1,162232.75,1.0,2,33.0,Annual,Debit Card,1,1,156603.49
C105290,63.0,Female,Delhi,43,1736.16,71140.52,18.0,4,100.0,Quarterly,Bank Transfer,1,0,92709.05
C105291,69.0,Female,Bengaluru,3,1619.18,4456.08,11.0,3,74.0,Monthly,Debit Card,0,0,49289.72
C105292,64.0,Female,Hyderabad,34,2245.42,79484.83,5.0,4,100.0,Monthly,Debit Card,0,0,111435.78
C105293,65.0,Male,Kolkata,65,602.48,40937.07,18.0,4,78.0,Monthly,Debit Card,1,0,62828.24
C105294,40.0,Male,Hyderabad,64,2557.8,158131.3,20.0,1,81.0,Annual,Bank Transfer,1,0,181398.9
C105295,62.0,Male,Pune,7,2435.21,15244.1,12.0,6,96.0,Quarterly,Credit Card,0,1,66143.01
C105296,34.0,Male,Mumbai,35,1000.96,35877.09,25.0,3,83.0,Monthly,Bank Transfer,0,0,46887.37
C105297,57.0,Female,Kolkata,22,2319.79,45467.08,10.0,2,73.0,Annual,Credit Card,0,1,95749.7
C105298,38.0,Male,Delhi,48,2001.93,90446.91,24.0,1,100.0,Annual,Wallet,0,0,137327.35
C105299,19.0,Male,Bengaluru,32,2049.92,59692.64,24.0,1,100.0,Monthly,UPI,0,0,110069.67
C105300,54.0,Female,Mumbai,26,827.0,19493.06,2.0,1,85.0,Quarterly,Wallet,1,0,39650.87
C105301,23.0,Male,Hyderabad,6,2611.98,13948.27,32.0,2,80.0,Quarterly,UPI,1,0,71672.41
C105302,61.0,Other,Chennai,46,2255.09,109591.09,16.0,3,66.0,Quarterly,Credit Card,0,0,126805.17
C105303,35.0,Male,Hyderabad,55,1122.19,68393.03,19.0,4,74.0,Quarterly,Credit Card,0,0,86693.9
C105304,47.0,Female,Chennai,55,1476.18,81280.07,6.0,0,72.0,Quarterly,Credit Card,1,0,98000.36
C105305,39.0,Male,Hyderabad,57,2714.86,165100.15,28.0,2,74.0,Annual,Debit Card,1,0,176416.88
C105306,50.0,Other,Other,63,2037.97,126736.69,14.0,1,76.0,Monthly,UPI,1,0,139855.99
C105307,47.0,Male,Mumbai,1,1377.03,1361.89,11.0,4,95.0,Monthly,Credit Card,0,0,38853.62
C105308,34.0,Female,Kolkata,21,1939.24,43307.49,17.0,2,64.0,Monthly,Credit Card,1,0,77562.58
C105309,60.0,Male,Hyderabad,20,1544.73,32422.19,13.0,2,87.0,Monthly,UPI,1,0,59678.21
C105310,49.0,Female,Delhi,29,1011.18,26779.11,18.0,2,56.0,Monthly,Debit Card,0,0,51761.9
C105311,59.0,Male,Bengaluru,43,1648.94,78060.06,7.0,1,57.0,Monthly,Debit Card,1,0,80644.17
C105312,68.0,Male,Chennai,45,2361.27,118516.68,23.0,2,100.0,Annual,Debit Card,0,0,140533.5
C105313,31.0,Female,Kolkata,65,1620.08,94408.36,25.0,3,100.0,Annual,Wallet,0,0,133498.61
C105314,27.0,Female,Other,3,2389.82,6554.04,18.0,0,46.0,Annual,Credit Card,1,0,42141.65
C105315,64.0,Male,Bengaluru,20,2650.97,58683.19,19.0,1,100.0,Annual,Bank Transfer,0,0,116033.42
C105316,68.0,Female,Other,37,2282.14,85682.1,6.0,2,76.0,Monthly,Debit Card,1,0,114132.38
C105317,44.0,Male,Delhi,38,2105.84,84057.9,7.0,2,17.0,Monthly,Credit Card,0,0,94966.28
C105318,51.0,Female,Other,45,1010.44,44122.86,14.0,2,48.0,Monthly,Bank Transfer,0,0,65519.27
C105319,26.0,Female,Mumbai,42,1630.25,66028.39,9.0,5,88.0,Monthly,Debit Card,0,0,87677.86
C105320,59.0,Male,Other,46,2179.39,103984.18,1.0,3,79.0,Annual,Wallet,0,0,126557.46
C105321,45.0,Female,Kolkata,60,1766.87,111183.55,18.0,1,91.0,Quarterly,UPI,0,0,126092.81
C105322,28.0,Female,Hyderabad,13,2312.65,26921.96,27.0,2,22.0,Monthly,Debit Card,0,0,64071.59
C105323,31.0,Male,Bengaluru,31,1737.7,60164.4,19.0,3,76.0,Monthly,Wallet,0,0,72679.95
C105324,56.0,Female,Bengaluru,68,2478.27,175797.41,14.0,3,64.0,Monthly,Credit Card,0,0,162002.35
C105325,64.0,Male,Mumbai,62,2378.39,131993.57,22.0,2,77.0,Monthly,Bank Transfer,0,0,161059.87
C105326,36.0,Female,Pune,49,1480.76,64919.01,18.0,2,58.0,Monthly,UPI,0,0,96224.99
C105327,32.0,Female,Pune,18,1046.62,20878.84,10.0,4,22.0,Quarterly,UPI,1,0,31588.32
C105328,45.0,Male,Delhi,53,2601.26,130795.61,8.0,4,5.0,Annual,UPI,0,0,130476.7
C105329,41.0,Female,Bengaluru,18,2873.48,49412.19,8.0,2,81.0,Annual,UPI,0,0,103512.14
C105330,25.0,Female,Hyderabad,51,1579.05,80238.58,13.0,2,55.0,Monthly,Credit Card,1,0,98895.38
C105331,60.0,Female,Hyderabad,41,2076.26,78905.3,20.0,5,59.0,Monthly,Credit Card,1,0,102493.93
C105332,26.0,Male,Pune,67,2659.94,158726.3,18.0,0,84.0,Annual,Debit Card,1,0,192427.48
C105333,64.0,Male,Hyderabad,65,1114.25,69261.63,24.0,5,80.0,Annual,Debit Card,0,0,97705.98
C105334,50.0,Female,Bengaluru,6,2789.8,15326.1,13.0,3,71.0,Quarterly,UPI,0,0,64954.9
C105335,50.0,Male,Chennai,37,1822.44,69277.1,9.0,3,100.0,Annual,UPI,0,0,89989.03
C105336,36.0,Male,Hyderabad,12,2826.75,30858.79,22.0,3,100.0,Monthly,UPI,1,0,80200.59
C105337,20.0,Female,Hyderabad,2,2293.49,5097.38,12.0,3,100.0,Monthly,Debit Card,1,0,57792.14
C105338,27.0,Male,Hyderabad,53,2274.7,128381.6,18.0,3,52.0,Annual,UPI,0,0,140907.56
C105339,57.0,Female,Other,25,2901.43,78885.36,19.0,5,100.0,Monthly,UPI,0,0,126961.66
C105340,64.0,Female,Hyderabad,28,2021.66,58917.49,29.0,2,57.0,Quarterly,Bank Transfer,0,0,94307.34
C105341,59.0,Female,Kolkata,45,2623.6,130067.46,11.0,4,88.0,Monthly,Bank Transfer,1,0,146136.55
C105342,18.0,Male,Hyderabad,37,2300.79,83338.45,24.0,2,62.0,Monthly,Credit Card,0,0,122626.59
C105343,46.0,Male,Kolkata,17,1505.92,23242.06,14.0,1,74.0,Monthly,Debit Card,1,0,42428.54
C105344,67.0,Male,Mumbai,69,1124.26,79635.21,23.0,4,87.0,Monthly,Debit Card,0,0,98227.73
C105345,51.0,Female,Pune,56,2695.06,162664.38,12.0,1,75.0,Monthly,Bank Transfer,0,0,172678.51
C105346,68.0,Male,Kolkata,58,1882.1,119682.23,19.0,0,93.0,Monthly,UPI,1,0,117510.42
C105347,30.0,Female,Mumbai,4,2232.51,8512.07,33.0,5,88.0,Quarterly,UPI,1,0,56769.54
C105348,18.0,Female,Kolkata,55,2350.51,116447.1,7.0,2,52.0,Annual,UPI,1,0,127077.61
C105349,51.0,Female,Mumbai,49,2383.73,113259.36,21.0,0,67.0,Annual,Credit Card,1,0,135603.95
C105350,46.0,Male,Delhi,38,2288.47,85370.4,24.0,3,68.0,Monthly,UPI,0,0,113989.13
C105351,65.0,Male,Chennai,45,2018.66,82201.46,11.0,5,69.0,Annual,UPI,0,0,102681.9
C105352,64.0,Female,Kolkata,30,2772.21,81636.51,25.0,3,83.0,Monthly,UPI,1,0,107065.0
C105353,30.0,Male,Pune,37,2592.82,95140.69,7.0,3,51.0,Quarterly,UPI,0,0,116026.84
C105354,65.0,Male,Hyderabad,56,1514.14,88204.79,20.0,4,59.0,Monthly,Wallet,0,0,96854.35
C105355,66.0,Male,Mumbai,27,1509.19,37245.19,17.0,2,83.0,Monthly,Credit Card,0,0,80837.47
C105356,70.0,Female,Kolkata,32,1347.9,42369.84,20.0,2,100.0,Annual,UPI,0,0,67566.87
C105357,46.0,Female,Pune,11,3011.77,37104.1,14.0,3,60.0,Monthly,UPI,0,0,89989.35
C105358,56.0,Female,Other,58,1606.31,88892.56,21.0,2,81.0,Monthly,Credit Card,0,0,103259.74
C105359,41.0,Female,Bengaluru,35,2142.32,69941.66,23.0,1,75.0,Monthly,UPI,0,0,110468.2
C105360,43.0,Male,Bengaluru,17,1521.31,23114.66,2.0,3,100.0,Monthly,UPI,1,0,56371.64
C105361,34.0,Female,Mumbai,30,1858.615,55933.43,12.0,1,100.0,Quarterly,Debit Card,1,0,100966.06
C105362,24.0,Male,Bengaluru,18,2582.42,46754.26,16.0,0,57.0,Annual,UPI,0,0,90611.65
C105363,30.0,Female,Chennai,30,2592.49,74615.58,14.0,0,66.0,Quarterly,Wallet,0,0,113852.42
C105364,22.0,Male,Mumbai,16,2706.85,46541.78,19.0,2,73.0,Annual,Debit Card,0,0,86096.06
C105365,43.0,Male,Hyderabad,54,1118.07,53415.98,2.0,1,47.0,Annual,Wallet,1,0,62595.59
C105366,66.0,Female,Bengaluru,4,2283.27,9752.07,12.0,3,52.0,Monthly,Credit Card,0,0,48026.66
C105367,20.0,Male,Hyderabad,15,3032.66,48842.37,17.0,2,95.0,Monthly,Credit Card,1,0,92502.31
C105368,24.0,Female,Delhi,27,1604.86,39847.97,17.0,2,24.0,Monthly,Credit Card,0,0,60811.29
C105369,66.0,Male,Bengaluru,4,2632.04,11423.73,7.0,4,66.0,Monthly,Credit Card,0,0,59136.67
C105370,56.0,Male,Bengaluru,35,1172.59,37242.42,29.0,2,100.0,Quarterly,Debit Card,0,0,76588.04
C105371,70.0,Male,Mumbai,63,2164.38,138028.04,8.0,3,100.0,Monthly,UPI,0,0,163160.67
C105372,18.0,Female,Hyderabad,66,1814.59,122671.03,17.0,4,96.0,Monthly,Credit Card,1,0,127684.11
C105373,66.0,Male,Kolkata,39,569.41,22787.3,11.0,0,38.0,Monthly,UPI,0,0,40610.82
C105374,34.0,Female,Bengaluru,28,1452.5,40719.81,22.0,1,91.0,Monthly,UPI,0,0,77755.25
C105375,60.0,Male,Kolkata,34,2473.92,87141.15,24.0,1,100.0,Quarterly,Credit Card,1,0,132997.81
C105376,42.0,Male,Mumbai,33,2415.9,78076.88,17.0,2,54.0,Annual,Credit Card,0,0,105734.95
C105377,20.0,Male,Pune,50,1751.85,98029.58,19.0,1,61.0,Monthly,Credit Card,1,0,101776.21
C105378,32.0,Female,Bengaluru,60,2325.18,141940.25,12.0,1,70.0,Quarterly,Credit Card,0,0,162581.02
C105379,46.0,Female,Hyderabad,72,839.61,55436.6,10.0,1,82.0,Monthly,UPI,0,0,80711.95
C105380,70.0,Male,Pune,72,1674.28,119926.93,1.0,2,89.0,Monthly,Credit Card,0,0,135841.74
C105381,60.0,Female,Hyderabad,42,1231.43,56420.79,9.0,5,65.0,Monthly,Debit Card,0,0,69174.51
C105382,49.0,Female,Pune,28,655.3,16857.06,9.0,1,95.0,Monthly,Credit Card,0,0,41201.23
C105383,43.0,Male,Bengaluru,27,2378.61,65322.04,18.0,2,64.0,Quarterly,UPI,0,0,97939.3
C105384,33.0,Female,Pune,1,2097.98,2275.79,6.0,3,35.0,Monthly,Debit Card,1,0,33756.3
C105385,42.0,Male,Kolkata,8,1611.52,13373.52,10.0,3,76.0,Monthly,Debit Card,0,0,44856.43
C105386,45.0,Female,Other,46,1479.8,63337.82,22.0,3,77.0,Monthly,UPI,0,0,87861.2
C105387,26.0,Female,Bengaluru,24,884.01,21387.34,8.0,3,67.0,Quarterly,UPI,1,0,30599.66
C105388,18.0,Male,Bengaluru,40,1699.65,70588.01,8.0,1,83.0,Quarterly,Debit Card,0,0,94459.58
C105389,46.0,Male,Other,51,2450.75,111035.15,27.0,2,79.0,Annual,UPI,0,0,150524.73
C105390,39.0,Other,Kolkata,24,1420.82,35064.28,28.0,3,100.0,Monthly,Debit Card,0,0,75855.68
C105391,33.0,Female,Hyderabad,22,2565.52,59828.16,15.0,2,100.0,Quarterly,Credit Card,1,0,96912.4
C105392,58.0,Female,Mumbai,68,836.36,57598.98,20.0,0,90.0,Monthly,UPI,1,0,74853.79
C105393,68.0,Male,Hyderabad,8,492.11,3880.95,19.0,2,97.0,Monthly,UPI,0,0,35231.12
C105394,61.0,Male,Other,58,1847.35,108365.39,19.0,2,24.0,Quarterly,Bank Transfer,0,0,112234.88
C105395,68.0,Male,Hyderabad,15,2220.98,29609.62,11.0,3,83.0,Quarterly,UPI,0,0,73159.0
C105396,58.0,Male,Mumbai,8,2385.72,18762.12,16.0,0,75.0,Annual,Credit Card,0,0,69331.3
C105397,24.0,Female,Delhi,42,1197.61,46023.96,17.0,3,65.0,Annual,Bank Transfer,1,0,66842.33
C105398,31.0,Female,Other,39,1906.91,78518.66,19.0,4,38.0,Annual,Credit Card,0,0,91209.05
C105399,46.0,Female,Pune,35,2245.11,85465.43,16.0,0,85.0,Annual,Wallet,1,0,96597.83
C105400,36.0,Male,Bengaluru,41,2332.77,99983.67,17.0,2,55.0,Quarterly,Debit Card,0,0,114628.01
C105401,36.0,Female,Mumbai,48,588.94,28060.0,12.0,6,41.0,Monthly,Credit Card,0,0,32686.74
C105402,19.0,Female,Other,71,1785.93,113794.48,11.0,4,100.0,Monthly,Credit Card,0,0,151706.15
C105403,58.0,Female,Delhi,44,2247.91,97404.68,21.0,2,67.0,Annual,Debit Card,0,0,130075.31
C105404,62.0,Female,Delhi,35,1118.52,42941.14,14.0,0,46.0,Monthly,Credit Card,0,0,63769.14
C105405,32.0,Female,Pune,27,1957.62,49156.46,11.0,3,71.0,Monthly,Debit Card,0,0,79943.52
C105406,20.0,Female,Bengaluru,65,1301.46,90395.65,32.0,1,83.0,Monthly,Credit Card,0,0,114183.58
C105407,28.0,Male,Delhi,70,2259.43,151235.66,31.0,5,100.0,Monthly,Credit Card,0,0,173690.03
C105408,70.0,Male,Bengaluru,66,2585.91,188159.84,6.0,2,71.0,Quarterly,Debit Card,1,0,174909.35
C105409,63.0,Female,Chennai,71,1154.67,86175.39,13.0,3,90.0,Quarterly,Credit Card,0,0,100461.19
C105410,47.0,Male,Kolkata,72,1156.8,81606.96,25.0,3,38.0,Quarterly,Debit Card,0,0,86660.9
C105411,57.0,Male,Hyderabad,63,2554.89,143055.42,9.0,2,85.0,Quarterly,UPI,0,0,170583.32
C105412,35.0,Male,Chennai,29,2048.53,53861.97,9.0,1,95.0,Monthly,UPI,1,0,90828.1
C105413,68.0,Female,Bengaluru,31,2095.43,68832.72,15.0,2,60.0,Monthly,UPI,1,0,84817.73
C105414,65.0,Other,Hyderabad,64,1294.91,90256.53,19.0,0,91.0,Annual,Debit Card,1,0,104392.09
C105415,19.0,Male,Pune,53,2072.09,120047.7,9.0,2,36.0,Monthly,Credit Card,0,0,113734.42
C105416,49.0,Female,Delhi,68,1840.13,137951.03,21.0,3,99.0,Monthly,Bank Transfer,1,0,143034.71
C105417,25.0,Female,Hyderabad,25,2392.57,61645.36,26.0,0,57.0,Quarterly,Debit Card,0,0,92485.1
C105418,39.0,Male,Mumbai,13,2227.14,26347.1,9.0,4,89.0,Monthly,UPI,1,0,65012.84
C105419,23.0,Male,Chennai,40,1676.45,59954.6,12.0,3,55.0,Monthly,Debit Card,0,1,93713.68
C105420,29.0,Female,Hyderabad,72,1366.29,91653.34,20.0,1,70.0,Monthly,UPI,0,0,115493.1
C105421,64.0,Male,Pune,7,2299.03,15151.41,10.0,2,50.0,Monthly,Bank Transfer,0,0,63441.77
C105422,57.0,Female,Bengaluru,32,2097.66,73913.26,1.0,2,80.0,Monthly,Bank Transfer,0,0,86746.11
C105423,53.0,Female,Pune,24,1012.45,25940.5,13.0,0,69.0,Annual,Wallet,0,0,63862.45
C105424,32.0,Male,Hyderabad,1,1244.95,1218.58,13.0,1,38.0,Quarterly,UPI,0,0,26873.03
C105425,45.0,Female,Bengaluru,47,2363.27,108552.99,8.0,2,69.0,Monthly,Bank Transfer,0,0,134013.19
C105426,69.0,Male,Hyderabad,51,618.69,28022.17,21.0,2,80.0,Quarterly,UPI,1,0,48870.67
C105427,66.0,Male,Hyderabad,36,1198.22,47690.81,13.0,2,45.0,Monthly,Credit Card,1,1,53798.15
C105428,62.0,Male,Kolkata,27,2496.4,64340.16,22.0,2,82.0,Monthly,Credit Card,0,0,104409.14
C105429,35.0,Male,Hyderabad,70,1454.12,90443.22,1.0,1,74.0,Annual,Debit Card,1,0,107185.7
C105430,19.0,Female,Hyderabad,42,961.38,37547.41,15.0,4,22.0,Annual,UPI,0,0,34716.45
C105431,30.0,Female,Other,68,1316.02,83673.42,21.0,2,49.0,Quarterly,Credit Card,0,0,105308.99
C105432,62.0,Female,Delhi,70,1588.65,123858.48,4.0,0,70.0,Annual,Debit Card,0,0,130570.26
C105433,32.0,Male,Hyderabad,13,1690.06,21012.78,7.0,0,74.0,Annual,Wallet,0,0,52711.54
C105434,37.0,Female,Other,25,1579.55,43056.85,8.0,6,64.0,Quarterly,Bank Transfer,0,0,61621.74
C105435,46.0,Female,Hyderabad,22,2315.15,52799.29,28.0,2,100.0,Annual,UPI,1,0,93216.26
C105436,59.0,Female,Pune,21,2675.24,54779.44,19.0,2,58.0,Monthly,Credit Card,0,0,92996.04
C105437,46.0,Female,Hyderabad,15,1035.33,14910.02,2.0,2,75.0,Monthly,Credit Card,1,1,28306.06
C105438,20.0,Male,Delhi,67,1382.58,89575.52,13.0,2,56.0,Annual,Credit Card,0,0,91028.44
C105439,36.0,Male,Mumbai,37,2376.06,84926.1,14.0,2,100.0,Monthly,Debit Card,0,0,115711.7
C105440,20.0,Male,Hyderabad,45,2826.24,132420.77,6.0,1,79.0,Monthly,UPI,1,0,145516.47
C105441,31.0,Female,Delhi,26,875.17,22578.3,13.0,4,38.0,Monthly,Credit Card,0,0,31520.57
C105442,57.0,Female,Mumbai,55,2147.69,126862.27,8.0,1,100.0,Annual,Credit Card,0,0,149199.96
C105443,21.0,Male,Pune,50,2137.42,115422.18,26.0,2,40.0,Monthly,Credit Card,0,0,135847.71
C105444,69.0,Male,Kolkata,35,1722.95,66768.3,13.0,1,94.0,Monthly,Debit Card,1,0,84009.87
C105445,28.0,Male,Mumbai,41,712.84,26345.79,4.0,2,44.0,Monthly,UPI,1,0,44850.97
C105446,48.0,Female,Mumbai,72,2828.4,213929.08,16.0,5,100.0,Quarterly,Bank Transfer,0,0,221721.88
C105447,60.0,Male,Delhi,11,399.0,4233.91,17.0,3,67.0,Monthly,Debit Card,0,0,10398.28
C105448,49.0,Male,Delhi,8,399.0,3085.01,9.0,3,37.0,Quarterly,UPI,0,0,23517.18
C105449,44.0,Male,Bengaluru,54,2255.09,121955.35,18.0,1,88.0,Annual,Debit Card,0,0,145753.85
C105450,47.0,Female,Mumbai,1,1557.56,1735.93,15.0,0,45.0,Monthly,Wallet,0,0,43908.59
C105451,60.0,Female,Mumbai,20,2580.62,52014.41,10.0,2,48.0,Annual,Debit Card,0,0,77984.35
C105452,19.0,Female,Other,34,698.05,22574.88,14.0,3,48.0,Monthly,Debit Card,0,0,29682.13
C105453,66.0,Male,Mumbai,57,1938.02,99958.29,13.0,2,61.0,Monthly,UPI,0,0,129451.12
C105454,26.0,Male,Bengaluru,13,2994.4,39404.61,1.0,2,49.0,Quarterly,Credit Card,0,0,68376.58
C105455,45.0,Male,Mumbai,54,1620.69,87686.03,14.0,1,71.0,Annual,Debit Card,0,0,112399.16
C105456,48.0,Male,Pune,53,2268.88,118868.62,21.0,4,57.0,Monthly,Bank Transfer,0,0,124419.72
C105457,51.0,Male,Pune,52,2194.82,113552.25,12.0,6,29.0,Quarterly,UPI,1,0,107617.33
C105458,32.0,Male,Pune,6,1644.8,9197.11,22.0,1,89.0,Monthly,Wallet,1,0,54475.02
C105459,65.0,Female,Kolkata,36,2905.6,101018.27,5.0,5,74.0,Monthly,Debit Card,1,0,123011.95
C105460,42.0,Male,Bengaluru,25,1819.01,45292.56,4.0,3,63.0,Quarterly,Credit Card,0,0,78967.16
C105461,53.0,Male,Mumbai,58,1440.96,74506.28,4.0,3,66.0,Monthly,UPI,0,0,84689.21
C105462,25.0,Female,Pune,55,2096.41,107574.01,17.0,0,94.0,Annual,Credit Card,1,0,137814.39
C105463,26.0,Female,Bengaluru,3,399.0,1222.32,18.0,2,84.0,Monthly,Credit Card,1,0,33991.5
C105464,54.0,Female,Bengaluru,28,562.83,16897.12,6.0,0,82.0,Quarterly,UPI,0,0,42734.24
C105465,65.0,Female,Pune,68,1752.17,131667.03,15.0,3,74.0,Quarterly,UPI,0,0,127384.84
C105466,62.0,Male,Pune,38,2152.15,89587.26,12.0,7,95.0,Quarterly,UPI,0,0,109369.65
C105467,56.0,Female,Other,34,1079.05,35382.81,12.0,5,88.0,Monthly,Wallet,0,0,61955.4
C105468,49.0,Female,Other,13,603.86,7158.38,11.0,4,31.0,Monthly,UPI,0,0,30268.02
C105469,69.0,Male,Bengaluru,5,1632.88,7636.51,15.0,3,47.0,Annual,UPI,0,0,45097.7
C105470,34.0,Male,Kolkata,60,1923.71,122991.25,1.0,0,40.0,Annual,Wallet,1,0,109558.36
C105471,52.0,Female,Hyderabad,17,3056.56,48020.39,1.0,4,70.0,Quarterly,UPI,1,0,81574.44
C105472,54.0,Male,Delhi,57,2093.85,131472.95,13.0,3,98.0,Quarterly,UPI,0,0,150106.78
C105473,36.0,Male,Bengaluru,31,2454.38,79249.49,20.0,2,80.0,Annual,Debit Card,0,0,108361.45
C105474,61.0,Male,Bengaluru,65,2868.76,183354.58,16.0,2,87.0,Monthly,UPI,0,0,189003.76
C105475,46.0,Male,Other,66,3086.92,206730.15,21.0,4,18.0,Monthly,Bank Transfer,0,0,202597.33
C105476,24.0,Male,Bengaluru,33,2607.23,84303.14,19.0,2,87.0,Annual,Bank Transfer,0,0,127438.71
C105477,45.0,Male,Delhi,4,2366.9,9938.09,1.0,4,47.0,Monthly,Debit Card,1,0,37226.76
C105478,26.0,Male,Hyderabad,55,1577.15,77239.88,15.0,2,100.0,Annual,Debit Card,0,0,111974.58
C105479,45.0,Male,Hyderabad,24,1601.74,33904.79,29.0,3,100.0,Monthly,Bank Transfer,0,0,87619.39
C105480,23.0,Female,Bengaluru,32,1332.88,39119.86,12.0,3,72.0,Monthly,Debit Card,1,0,68128.53
C105481,46.0,Male,Delhi,47,2258.58,98324.97,25.0,5,79.0,Quarterly,Bank Transfer,0,0,144712.92
C105482,34.0,Female,Bengaluru,16,2132.82,36418.95,1.0,0,70.0,Monthly,UPI,1,0,70489.77
C105483,33.0,Female,Bengaluru,21,2620.89,54643.13,7.0,1,65.0,Quarterly,Credit Card,0,0,77054.22
C105484,40.0,Female,Delhi,67,2432.13,177540.0,14.0,2,88.0,Quarterly,UPI,0,0,170171.09
C105485,48.0,Female,Hyderabad,31,1545.12,45690.95,19.0,1,69.0,Monthly,Bank Transfer,0,0,68758.63
C105486,20.0,Male,Chennai,14,2088.59,28484.08,6.0,1,51.0,Monthly,Credit Card,0,0,59966.23
C105487,38.0,Male,Other,6,3023.02,19920.44,15.0,1,75.0,Monthly,Debit Card,1,0,69376.99
C105488,43.0,Female,Chennai,69,1722.31,113752.05,14.0,1,69.0,Quarterly,Bank Transfer,0,0,137541.47
C105489,53.0,Male,Chennai,29,1872.37,54548.67,20.0,1,83.0,Monthly,Credit Card,0,0,93865.11
C105490,59.0,Female,Delhi,55,1641.51,98854.82,13.0,1,77.0,Quarterly,Debit Card,1,0,109654.91
C105491,54.0,Female,Pune,37,1927.79,78502.77,7.0,2,96.0,Monthly,UPI,0,0,100098.49
C105492,70.0,Male,Pune,59,1983.28,130517.93,14.0,4,59.0,Quarterly,Credit Card,0,0,130549.66
C105493,39.0,Female,Other,36,2689.55,91096.02,25.0,3,70.0,Annual,Credit Card,0,0,127339.35
C105494,59.0,Female,Hyderabad,59,1695.66,95509.76,9.0,0,74.0,Annual,Debit Card,0,0,111479.16
C105495,29.0,Male,Other,64,2221.93,133892.35,15.0,2,38.0,Annual,Debit Card,0,0,147696.53
C105496,59.0,Male,Other,43,999.73,47675.29,8.0,2,29.0,Monthly,Debit Card,0,0,55025.9
C105497,30.0,Female,Pune,42,1294.57,50977.7,25.0,2,81.0,Annual,Credit Card,0,0,89444.5
C105498,28.0,Female,Chennai,60,2444.36,138336.78,11.0,1,60.0,Monthly,Bank Transfer,0,0,150847.57
C105499,33.0,Male,Kolkata,62,868.28,52660.67,22.0,0,56.0,Monthly,Bank Transfer,0,0,70673.45
C105500,25.0,Male,Bengaluru,64,2143.97,142724.84,19.0,0,76.0,Monthly,Debit Card,0,0,158268.77
C105501,57.0,Female,Pune,58,1240.53,77982.72,1.0,0,35.0,Quarterly,Credit Card,0,0,79272.55
C105502,57.0,Female,Hyderabad,2,1220.43,2558.9,19.0,2,39.0,Annual,Credit Card,0,0,40811.85
C105503,62.0,Female,Pune,71,2338.93,185192.28,10.0,4,22.0,Annual,Credit Card,1,0,161177.98
C105504,19.0,Female,Mumbai,8,3317.39,29355.2,15.0,1,63.0,Monthly,UPI,0,0,68936.64
C105505,47.0,Male,Hyderabad,56,2097.49,121869.22,8.0,0,62.0,Monthly,UPI,0,0,131737.26
C105506,47.0,Male,Kolkata,36,1531.83,58371.2,35.0,2,95.0,Quarterly,Credit Card,0,0,92952.43
C105507,29.0,Female,Mumbai,69,1624.98,109344.88,18.0,1,76.0,Annual,Credit Card,1,0,122641.43
C105508,27.0,Female,Delhi,13,1224.87,17092.97,22.0,1,94.0,Monthly,UPI,0,0,54862.6
C105509,61.0,Male,Bengaluru,39,1909.37,71086.27,12.0,4,78.0,Annual,UPI,0,0,102125.89
C105510,28.0,Male,Kolkata,6,2370.88,14420.12,14.0,3,66.0,Quarterly,Debit Card,1,0,48838.58
C105511,32.0,Female,Mumbai,19,1877.63,37194.17,2.0,1,97.0,Quarterly,UPI,1,0,71628.46
C105512,33.0,Male,Chennai,25,1681.75,44623.94,17.0,4,72.0,Monthly,Debit Card,0,0,80297.93
C105513,34.0,Female,Mumbai,3,981.1,2645.93,6.0,4,95.0,Annual,Debit Card,1,0,39185.78
C105514,43.0,Male,Delhi,53,1207.2,69353.34,11.0,2,68.0,Annual,Credit Card,0,0,79035.89
C105515,19.0,Male,Delhi,28,1110.57,28238.28,11.0,1,52.0,Monthly,Debit Card,0,0,48104.87
C105516,67.0,Male,Bengaluru,26,1567.99,37600.87,2.0,1,68.0,Monthly,Credit Card,0,0,64323.69
C105517,29.0,Female,Chennai,47,1989.4,99300.17,12.0,4,100.0,Annual,Bank Transfer,0,0,121365.81
C105518,68.0,Female,Mumbai,8,2893.06,24317.69,20.0,1,83.0,Monthly,Debit Card,1,0,73793.65
C105519,43.0,Female,Kolkata,57,1944.94,123148.79,5.0,0,100.0,Monthly,Credit Card,0,0,135966.12
C105520,40.0,Female,Pune,55,1538.98,90197.69,18.0,0,100.0,Monthly,Credit Card,0,0,106237.52
C105521,35.0,Male,Chennai,1,2340.62,2415.0,15.0,0,61.0,Quarterly,Credit Card,0,0,58961.73
C105522,49.0,Male,Bengaluru,40,2422.61,94275.94,14.0,2,30.0,Monthly,Bank Transfer,0,0,102756.73
C105523,66.0,Female,Mumbai,23,1879.89,41568.98,1.0,1,55.0,Monthly,Credit Card,1,0,61352.61
C105524,55.0,Female,Kolkata,54,1690.21,101138.42,10.0,3,42.0,Monthly,UPI,0,0,107515.76
C105525,64.0,Female,Hyderabad,42,2716.47,118465.7,26.0,2,70.0,Monthly,UPI,0,0,136935.94
C105526,20.0,Female,Delhi,50,1938.26,103667.98,10.0,1,85.0,Quarterly,Debit Card,0,0,126644.35
C105527,55.0,Male,Bengaluru,4,1005.19,3808.09,18.0,2,88.0,Monthly,Bank Transfer,0,0,37938.11
C105528,20.0,Male,Hyderabad,8,1823.18,12970.77,12.0,1,65.0,Annual,Credit Card,1,0,42923.12
C105529,47.0,Female,Hyderabad,36,2053.63,65762.08,5.0,3,100.0,Monthly,Credit Card,0,0,101805.8
C105530,18.0,Male,Kolkata,10,1544.11,17095.91,11.0,0,86.0,Quarterly,Credit Card,0,0,57995.08
C105531,47.0,Male,Kolkata,30,2155.29,70306.87,24.0,1,94.0,Quarterly,Debit Card,0,0,93599.5
C105532,62.0,Female,Hyderabad,16,843.64,12584.54,22.0,4,46.0,Monthly,Debit Card,1,0,21153.58
C105533,49.0,Male,Mumbai,30,2617.09,71832.84,5.0,1,84.0,Annual,UPI,0,0,99462.88
C105534,45.0,Female,Hyderabad,64,1794.23,102483.86,10.0,4,44.0,Annual,UPI,1,0,114775.01
C105535,38.0,Male,Pune,11,1431.16,17085.92,6.0,2,76.0,Monthly,Credit Card,1,0,48047.88
C105536,63.0,Female,Delhi,34,2339.72,78848.27,11.0,0,95.0,Monthly,UPI,0,0,115136.78
C105537,30.0,Female,Bengaluru,55,2015.18,106497.09,19.0,4,65.0,Annual,Credit Card,1,0,124735.22
C105538,44.0,Female,Hyderabad,4,1425.45,5851.6,16.0,5,51.0,Quarterly,Wallet,0,0,34262.25
C105539,53.0,Male,Pune,49,1706.39,88772.59,15.0,1,58.0,Quarterly,Wallet,0,0,109565.88
C105540,24.0,Male,Delhi,44,1954.83,94591.97,32.0,6,88.0,Annual,Credit Card,1,0,108870.95
C105541,39.0,Male,Hyderabad,31,1469.17,47774.2,17.0,2,100.0,Quarterly,UPI,1,0,92308.09
C105542,27.0,Male,Delhi,48,2011.84,86265.67,22.0,4,54.0,Monthly,Bank Transfer,1,0,124453.2
C105543,56.0,Female,Pune,26,1748.07,43320.96,29.0,1,86.0,Monthly,Credit Card,0,0,86010.26
C105544,70.0,Male,Mumbai,70,2339.26,180628.81,7.0,2,48.0,Monthly,Credit Card,0,0,161962.86
C105545,32.0,Male,Chennai,12,743.83,9035.72,25.0,3,48.0,Quarterly,Debit Card,0,0,36872.51
C105546,32.0,Male,Mumbai,45,1835.56,91832.67,11.0,3,88.0,Monthly,Credit Card,1,0,108099.24
C105547,21.0,Female,Mumbai,8,2670.5,23822.82,20.0,3,64.0,Monthly,Bank Transfer,1,0,65046.53
C105548,49.0,Male,Delhi,9,1706.09,15541.59,9.0,3,98.0,Annual,Bank Transfer,0,0,57258.99
C105549,40.0,Female,Other,1,1657.97,1712.96,25.0,2,51.0,Monthly,Wallet,0,0,40401.42
C105550,23.0,Female,Hyderabad,5,2684.46,12744.97,19.0,2,100.0,Monthly,Credit Card,0,0,75644.85
C105551,41.0,Female,Delhi,71,399.0,29547.1,14.0,3,89.0,Monthly,Credit Card,0,0,43724.54
C105552,37.0,Female,Hyderabad,54,2821.4,164266.73,15.0,2,60.0,Monthly,Debit Card,0,0,172479.75
C105553,54.0,Male,Hyderabad,24,2142.46,48778.11,34.0,2,100.0,Monthly,Bank Transfer,0,0,95219.74
C105554,37.0,Female,Delhi,26,2050.26,58486.45,15.0,1,88.0,Annual,UPI,0,0,88215.92
C105555,29.0,Female,Kolkata,10,2670.66,25148.4,4.0,4,100.0,Annual,Wallet,0,0,73477.95
C105556,50.0,Female,Hyderabad,61,1613.03,101992.63,11.0,1,40.0,Monthly,Bank Transfer,0,0,105150.47
C105557,45.0,Female,Other,40,1109.75,49118.41,22.0,1,64.0,Quarterly,Debit Card,0,0,66116.03
C105558,25.0,Male,Bengaluru,44,1576.06,67303.79,29.0,2,63.0,Quarterly,Credit Card,1,0,90784.55
C105559,18.0,Male,Chennai,12,1557.07,19212.59,21.0,0,68.0,Monthly,Credit Card,1,0,57520.22
C105560,54.0,Female,Hyderabad,22,1519.53,29639.15,4.0,4,32.0,Monthly,UPI,1,0,40417.71
C105561,39.0,Female,Mumbai,27,2222.09,64421.53,10.0,2,37.0,Annual,Bank Transfer,1,0,81034.1
C105562,23.0,Male,Mumbai,67,2097.47,138425.45,12.0,1,72.0,Annual,Debit Card,0,0,152982.52
C105563,38.0,Male,Chennai,69,1938.13,141671.12,17.0,1,50.0,Monthly,Bank Transfer,0,0,135568.34
C105564,49.0,Male,Chennai,14,2737.87,41391.23,15.0,3,70.0,Monthly,UPI,0,0,74372.11
C105565,52.0,Female,Delhi,25,1613.26,39854.05,21.0,0,74.0,Quarterly,Credit Card,1,0,78196.54
C105566,32.0,Female,Mumbai,52,2714.48,148289.76,10.0,0,48.0,Monthly,Bank Transfer,0,0,148947.07
C105567,22.0,Female,Bengaluru,59,2632.19,154352.56,15.0,1,96.0,Monthly,UPI,1,0,174919.63
C105568,63.0,Male,Kolkata,38,457.31,19226.77,10.0,6,43.0,Monthly,Credit Card,0,0,11339.03
C105569,67.0,Male,Delhi,20,1029.65,22727.33,16.0,3,86.0,Monthly,Bank Transfer,1,0,54513.84
C105570,65.0,Male,Hyderabad,20,1234.64,25483.34,9.0,4,47.0,Annual,UPI,0,0,40592.2
C105571,23.0,Male,Bengaluru,56,2829.22,172122.27,18.0,2,76.0,Monthly,Debit Card,1,0,172617.76
C105572,42.0,Female,Pune,30,1769.64,54492.22,20.0,1,77.0,Quarterly,Credit Card,0,0,95728.81
C105573,63.0,Male,Hyderabad,41,1774.54,78601.33,18.0,3,62.0,Annual,Debit Card,0,0,92505.59
C105574,57.0,Female,Pune,71,966.03,63834.42,11.0,3,86.0,Monthly,Debit Card,1,0,73190.33
C105575,46.0,Female,Bengaluru,63,2463.86,154877.17,24.0,1,100.0,Monthly,Credit Card,1,0,179133.52
C105576,24.0,Female,Mumbai,69,1809.91,117008.14,17.0,2,72.0,Annual,Credit Card,1,0,145160.47
C105577,57.0,Male,Bengaluru,29,683.16,21787.86,22.0,4,100.0,Annual,Credit Card,1,0,56223.54
C105578,30.0,Male,Other,44,2904.29,133259.11,30.0,0,72.0,Quarterly,Debit Card,0,0,157832.09
C105579,55.0,Male,Kolkata,57,1776.89,109955.71,26.0,2,85.0,Quarterly,Bank Transfer,0,0,132983.21
C105580,35.0,Female,Kolkata,24,2591.04,54734.02,13.0,3,61.0,Monthly,UPI,0,0,92853.94
C105581,19.0,Female,Hyderabad,19,1799.45,34313.37,24.0,1,100.0,Quarterly,Credit Card,1,0,78113.96
C105582,25.0,Male,Pune,17,1468.09,23651.06,32.0,3,89.0,Quarterly,Credit Card,1,0,74010.94
C105583,28.0,Male,Mumbai,69,1787.79,132730.53,29.0,3,100.0,Monthly,Credit Card,1,0,140278.68
C105584,50.0,Female,Delhi,61,2082.63,133081.66,6.0,3,62.0,Monthly,Debit Card,1,0,124333.39
C105585,55.0,Female,Hyderabad,4,1335.44,5266.15,11.0,1,50.0,Monthly,Bank Transfer,1,0,24552.12
C105586,65.0,Other,Delhi,22,620.8,14233.74,21.0,1,63.0,Monthly,Credit Card,0,0,56944.06
C105587,44.0,Male,Kolkata,6,586.34,3594.5,23.0,1,94.0,Annual,Debit Card,1,0,44557.8
C105588,37.0,Male,Bengaluru,30,1835.41,50145.08,20.0,3,54.0,Quarterly,Credit Card,0,0,64147.06
C105589,29.0,Male,Bengaluru,11,2036.83,23999.67,17.0,0,100.0,Monthly,Credit Card,1,0,77792.95
C105590,60.0,Male,Hyderabad,48,1938.88,91494.31,25.0,3,88.0,Annual,Credit Card,0,0,118592.61
C105591,48.0,Female,Bengaluru,46,1157.42,46915.99,13.0,1,45.0,Monthly,UPI,0,0,64131.37
C105592,44.0,Male,Mumbai,27,1711.05,43316.2,18.0,3,84.0,Annual,Credit Card,1,0,70600.87
C105593,49.0,Male,Pune,19,2094.94,36962.7,16.0,2,58.0,Annual,Credit Card,1,0,55887.69
C105594,27.0,Female,Bengaluru,59,2252.56,137844.31,8.0,2,34.0,Annual,UPI,0,0,138779.26
C105595,20.0,Male,Delhi,68,1741.38,118634.51,19.0,2,86.0,Monthly,UPI,1,0,137676.19
C105596,62.0,Female,Chennai,54,1353.85,77331.01,9.0,3,72.0,Monthly,Credit Card,0,0,87177.99
C105597,44.0,Male,Bengaluru,17,2676.98,45529.25,24.0,3,100.0,Monthly,Credit Card,0,0,99834.09
C105598,52.0,Female,Mumbai,50,1218.82,59114.3,9.0,2,77.0,Monthly,UPI,1,0,64715.44
C105599,48.0,Male,Hyderabad,40,1412.43,53520.2,8.0,1,53.0,Annual,Debit Card,0,0,67918.47
C105600,32.0,Female,Delhi,11,1570.85,18451.06,14.0,2,95.0,Monthly,Debit Card,0,0,56930.72
C105601,33.0,Male,Hyderabad,14,2565.01,33142.36,24.0,3,63.0,Monthly,Credit Card,0,0,73616.33
C105602,30.0,Male,Delhi,13,2235.02,28733.07,15.0,2,55.0,Quarterly,Credit Card,0,0,61294.26
C105603,66.0,Female,Hyderabad,28,1765.02,55348.84,14.0,2,68.0,Monthly,Debit Card,1,0,91496.5
C105604,52.0,Male,Other,44,1115.25,50125.46,19.0,4,43.0,Monthly,UPI,1,0,58595.91
C105605,69.0,Male,Pune,63,1479.19,86105.92,12.0,1,92.0,Annual,UPI,1,0,115666.24
C105606,28.0,Female,Bengaluru,61,1617.71,92104.94,1.0,3,59.0,Monthly,UPI,0,0,100578.3
C105607,38.0,Female,Chennai,17,1518.39,27088.42,15.0,2,71.0,Monthly,Debit Card,0,0,71426.46
C105608,68.0,Male,Bengaluru,50,1729.84,81728.94,13.0,0,100.0,Annual,UPI,0,0,98385.69
C105609,28.0,Male,Pune,26,2707.28,62696.54,12.0,2,82.0,Quarterly,UPI,1,0,105470.1
C105610,47.0,Male,Chennai,7,3799.91,28841.57,14.0,2,48.0,Quarterly,UPI,0,1,77847.55
C105611,65.0,Male,Pune,16,1554.1,23156.25,14.0,0,100.0,Annual,Credit Card,0,0,62696.31
C105612,70.0,Female,Hyderabad,17,2480.53,42754.83,10.0,4,73.0,Annual,Bank Transfer,1,0,74256.18
C105613,52.0,Female,Hyderabad,35,2390.37,77814.96,13.0,2,47.0,Monthly,Credit Card,0,0,103610.58
C105614,39.0,Male,Bengaluru,23,1459.52,30227.67,19.0,1,80.0,Monthly,Bank Transfer,1,0,69410.28
C105615,55.0,Other,Hyderabad,69,1292.0,99127.85,24.0,2,79.0,Quarterly,Debit Card,0,0,111102.07
C105616,48.0,Female,Mumbai,9,1449.98,11573.46,11.0,4,42.0,Annual,UPI,0,0,36392.73
C105617,31.0,Female,Hyderabad,18,2163.97,42086.55,23.0,1,85.0,Quarterly,Debit Card,1,0,84706.1
C105618,41.0,Male,Pune,48,2169.56,115051.96,18.0,2,85.0,Monthly,Debit Card,0,0,133656.59
C105619,67.0,Male,Pune,72,2512.14,181045.47,4.0,4,17.0,Quarterly,Bank Transfer,0,0,166700.11
C105620,66.0,Female,Hyderabad,66,3187.96,193767.18,18.0,0,73.0,Monthly,Debit Card,1,0,231145.54
C105621,49.0,Male,Mumbai,23,2399.67,50707.89,17.0,2,100.0,Annual,UPI,0,0,103315.87
C105622,53.0,Male,Chennai,10,1871.85,17264.22,19.0,2,65.0,Monthly,UPI,0,0,64412.62
C105623,49.0,Male,Delhi,38,1451.11,50595.55,10.0,0,78.0,Annual,Credit Card,0,0,82287.35
C105624,32.0,Male,Chennai,59,2306.61,148430.96,6.0,3,75.0,Quarterly,UPI,0,0,145966.37
C105625,60.0,Female,Hyderabad,68,399.0,28500.8,2.0,2,11.0,Quarterly,Wallet,0,0,16555.49
C105626,52.0,Female,Bengaluru,43,1536.98,63123.66,17.0,1,63.0,Monthly,Credit Card,1,0,89776.11
C105627,20.0,Male,Chennai,12,458.31,4935.18,22.0,3,98.0,Monthly,UPI,0,0,35884.62
C105628,33.0,Male,Other,53,1837.35,105096.39,19.0,3,86.0,Annual,Credit Card,0,0,118725.49
C105629,22.0,Female,Kolkata,14,2325.31,31641.84,20.0,1,98.0,Monthly,Wallet,0,0,86501.1
C105630,38.0,Male,Hyderabad,52,2935.21,166239.3,26.0,2,78.0,Monthly,Debit Card,0,0,184427.9
C105631,27.0,Female,Delhi,72,399.0,27445.23,19.0,1,100.0,Monthly,Wallet,0,0,53516.42
C105632,36.0,Female,Other,61,2604.03,158162.66,14.0,1,96.0,Monthly,Credit Card,0,0,161275.53
C105633,42.0,Male,Hyderabad,41,1620.66,61425.2,28.0,1,100.0,Monthly,Bank Transfer,1,0,106604.41
C105634,21.0,Female,Delhi,21,1782.21,35881.25,12.0,2,100.0,Monthly,Debit Card,0,0,82793.41
C105635,46.0,Female,Chennai,48,2359.48,118526.37,10.0,2,70.0,Quarterly,Debit Card,0,0,135731.52
C105636,36.0,Male,Delhi,56,1708.55,97609.01,24.0,2,39.0,Quarterly,UPI,0,0,105235.36
C105637,60.0,Male,Mumbai,35,1559.12,58399.29,2.0,3,50.0,Annual,UPI,1,0,64965.72
C105638,19.0,Female,Other,44,1427.2,56669.05,9.0,3,57.0,Monthly,Bank Transfer,1,0,76138.12
C105639,27.0,Male,Bengaluru,39,1251.13,54531.15,11.0,2,60.0,Monthly,Credit Card,1,0,69839.31
C105640,60.0,Female,Pune,15,1886.81,29810.47,7.0,5,51.0,Monthly,Wallet,0,0,50806.53
C105641,42.0,Female,Bengaluru,12,2868.82,30559.54,16.0,3,100.0,Annual,UPI,0,0,83413.39
C105642,37.0,Male,Chennai,8,2358.76,17965.01,29.0,1,83.0,Monthly,Debit Card,1,0,79721.1
C105643,65.0,Male,Other,67,1861.3,115875.15,12.0,4,75.0,Quarterly,Credit Card,1,0,135877.29
C105644,36.0,Female,Pune,1,1371.94,1329.85,4.0,1,59.0,Monthly,UPI,1,1,32395.5
C105645,40.0,Male,Bengaluru,42,1997.23,93722.58,5.0,3,48.0,Monthly,Bank Transfer,0,0,103467.42
C105646,41.0,Female,Mumbai,31,2970.96,84096.69,18.0,0,87.0,Monthly,Bank Transfer,1,0,138609.53
C105647,28.0,Female,Hyderabad,30,1445.13,47015.72,15.0,4,75.0,Annual,UPI,1,0,67952.5
C105648,63.0,Female,Bengaluru,43,2287.75,108375.35,21.0,3,100.0,Monthly,Wallet,1,0,131522.25
C105649,51.0,Male,Delhi,26,2327.59,59708.27,17.0,2,100.0,Annual,Bank Transfer,1,0,92600.68
C105650,45.0,Female,Mumbai,12,1579.77,19011.47,10.0,2,75.0,Annual,Bank Transfer,0,0,55628.29
C105651,22.0,Female,Chennai,59,1957.5,113543.8,8.0,1,72.0,Monthly,UPI,0,0,126443.79
C105652,22.0,Female,Delhi,69,1779.22,120624.46,9.0,0,60.0,Annual,Bank Transfer,1,0,129800.17
C105653,68.0,Male,Chennai,11,1236.03,15105.04,15.0,4,100.0,Monthly,Debit Card,0,0,56022.53
C105654,38.0,Female,Hyderabad,47,1166.61,50899.67,4.0,2,85.0,Monthly,UPI,0,0,56614.76
C105655,29.0,Female,Chennai,23,1331.42,34126.73,5.0,3,78.0,Monthly,Credit Card,0,0,60450.31
C105656,67.0,Male,Kolkata,43,1039.13,48345.59,13.0,1,68.0,Monthly,Credit Card,0,0,58056.0
C105657,21.0,Other,Pune,39,3069.7,125424.03,13.0,4,80.0,Monthly,UPI,1,0,140460.67
C105658,66.0,Male,Chennai,55,1180.37,57315.06,17.0,2,88.0,Monthly,Bank Transfer,1,0,86949.64
C105659,59.0,Male,Hyderabad,18,2814.09,52942.89,13.0,2,55.0,Monthly,Credit Card,0,0,75279.93
C105660,37.0,Female,Delhi,42,2048.73,79784.55,12.0,6,73.0,Quarterly,Credit Card,0,0,110144.12
C105661,55.0,Male,Pune,26,686.64,15778.11,17.0,0,54.0,Monthly,Credit Card,0,0,50980.98
C105662,42.0,Female,Bengaluru,18,1260.04,25327.14,16.0,1,65.0,Monthly,UPI,0,0,57149.52
C105663,31.0,Female,Chennai,41,2272.41,102430.21,16.0,3,84.0,Annual,Credit Card,1,0,122892.11
C105664,28.0,Male,Other,42,1364.63,56354.63,1.0,1,88.0,Quarterly,Credit Card,0,0,73564.4
C105665,49.0,Male,Mumbai,33,2175.23,75689.42,12.0,0,62.0,Annual,Credit Card,1,0,90877.38
C105666,28.0,Female,Bengaluru,43,837.16,39615.78,14.0,1,43.0,Annual,Credit Card,1,0,42785.71
C105667,35.0,Female,Delhi,14,1836.11,24093.7,18.0,5,75.0,Quarterly,UPI,1,0,50933.5
C105668,44.0,Female,Hyderabad,55,1970.29,119557.53,25.0,3,82.0,Annual,Credit Card,0,0,135926.63
C105669,35.0,Female,Hyderabad,58,3037.84,169999.18,8.0,2,49.0,Monthly,UPI,1,0,179506.12
C105670,40.0,Male,Kolkata,10,1362.67,14389.18,10.0,1,58.0,Monthly,Debit Card,0,0,45189.3
C105671,28.0,Male,Bengaluru,28,2262.62,56632.6,23.0,3,76.0,Monthly,Credit Card,1,0,105005.48
C105672,38.0,Female,Bengaluru,14,2646.0,36060.26,14.0,3,92.0,Monthly,UPI,0,0,80196.08
C105673,61.0,Female,Mumbai,26,2503.41,64643.48,16.0,2,46.0,Quarterly,Debit Card,1,0,90407.44
C105674,22.0,Male,Kolkata,17,2796.75,42091.09,8.0,4,64.0,Annual,Bank Transfer,0,0,81809.03
C105675,40.0,Female,Pune,34,1753.14,64086.89,11.0,1,100.0,Quarterly,Wallet,1,0,89924.64
C105676,58.0,Female,Hyderabad,14,2079.79,27134.1,13.0,2,58.0,Monthly,UPI,1,0,65350.8
C105677,42.0,Female,Delhi,26,1417.41,40307.61,28.0,2,93.0,Monthly,UPI,1,0,68070.86
C105678,58.0,Male,Mumbai,34,2184.55,79823.15,20.0,1,76.0,Quarterly,Debit Card,0,0,93042.01
C105679,27.0,Female,Chennai,24,1087.34,27772.17,12.0,2,84.0,Monthly,UPI,1,0,42284.14
C105680,39.0,Female,Delhi,70,1281.37,93754.1,14.0,2,72.0,Monthly,Credit Card,1,0,101524.98
C105681,36.0,Female,Hyderabad,20,3382.32,66520.12,15.0,3,80.0,Annual,UPI,1,0,105099.86
C105682,18.0,Female,Other,39,2666.69,92797.7,13.0,3,91.0,Annual,UPI,0,0,132620.61
C105683,24.0,Female,Delhi,45,1035.4,51596.36,15.0,2,87.0,Annual,Credit Card,0,0,80378.24
C105684,21.0,Female,Bengaluru,34,2033.4,69690.89,29.0,0,97.0,Monthly,UPI,0,0,123434.78
C105685,18.0,Female,Mumbai,22,1154.52,27028.79,23.0,1,96.0,Monthly,UPI,1,0,78211.18
C105686,32.0,Male,Hyderabad,71,2248.4,164921.51,14.0,1,66.0,Monthly,Debit Card,1,0,175835.93
C105687,57.0,Male,Delhi,33,2049.31,73258.35,23.0,3,55.0,Quarterly,UPI,0,0,92790.6
C105688,29.0,Female,Hyderabad,6,1935.9,12239.75,8.0,2,100.0,Monthly,Bank Transfer,0,1,46256.44
C105689,39.0,Male,Bengaluru,16,1384.37,21424.28,21.0,2,85.0,Monthly,Credit Card,1,0,65537.91
C105690,39.0,Male,Pune,72,2996.59,235354.28,6.0,3,92.0,Annual,Debit Card,1,0,216277.32
C105691,67.0,Male,Pune,23,1624.8,34688.9,1.0,2,16.0,Annual,Debit Card,1,0,47032.79
C105692,64.0,Male,Bengaluru,18,1953.26,34290.63,15.0,4,100.0,Quarterly,Credit Card,0,0,65441.45
C105693,34.0,Male,Mumbai,14,1911.2,26589.63,16.0,2,60.0,Annual,UPI,1,0,55553.04
C105694,46.0,Male,Mumbai,50,1146.12,63587.01,20.0,1,81.0,Annual,UPI,0,0,91884.22
C105695,63.0,Female,Chennai,61,1580.1,93070.9,19.0,3,66.0,Monthly,Debit Card,1,1,98294.82
C105696,31.0,Female,Bengaluru,36,697.42,25122.52,26.0,4,44.0,Quarterly,Credit Card,1,0,40597.68
C105697,67.0,Female,Delhi,15,2177.08,32055.88,14.0,1,77.0,Monthly,Debit Card,1,0,68217.16
C105698,37.0,Male,Bengaluru,5,1394.49,7462.2,15.0,1,100.0,Monthly,Bank Transfer,0,0,50907.47
C105699,67.0,Female,Kolkata,53,1575.97,74414.46,22.0,2,68.0,Monthly,UPI,0,0,96719.85
C105700,65.0,Female,Mumbai,48,2209.89,107096.74,6.0,5,55.0,Monthly,Credit Card,1,0,120197.28
C105701,50.0,Female,Kolkata,11,1656.29,18104.8,14.0,4,72.0,Annual,Bank Transfer,0,0,55953.43
C105702,60.0,Male,Bengaluru,2,630.14,1246.23,9.0,1,73.0,Annual,Credit Card,1,0,30058.76
C105703,32.0,Male,Pune,24,2030.79,49160.39,8.0,0,50.0,Monthly,Wallet,0,0,68528.38
C105704,29.0,Female,Hyderabad,68,1356.9,99575.25,19.0,0,62.0,Monthly,Bank Transfer,0,0,105461.37
C105705,57.0,Female,Pune,12,1584.04,18288.27,8.0,3,60.0,Monthly,Bank Transfer,0,0,47775.05
C105706,37.0,Female,Chennai,59,2160.0,126611.03,11.0,3,86.0,Monthly,UPI,0,0,136206.27
C105707,47.0,Female,Chennai,67,1151.26,84337.05,15.0,4,34.0,Monthly,UPI,0,0,79308.97
C105708,55.0,Male,Hyderabad,32,2275.74,80083.33,17.0,2,72.0,Annual,Credit Card,1,0,93717.98
C105709,20.0,Female,Hyderabad,36,1829.61,71253.29,24.0,2,81.0,Monthly,UPI,0,0,93504.76
C105710,45.0,Male,Delhi,21,1773.98,39153.53,21.0,1,88.0,Monthly,UPI,1,0,79398.85
C105711,43.0,Female,Mumbai,70,1632.02,126980.38,21.0,3,85.0,Quarterly,Debit Card,0,0,126248.16
C105712,47.0,Other,Delhi,66,2206.68,157939.51,9.0,2,61.0,Annual,Debit Card,0,0,143158.94
C105713,30.0,Female,Bengaluru,9,2462.03,24201.99,29.0,3,57.0,Annual,Wallet,0,0,64989.7
C105714,30.0,Male,Bengaluru,44,676.92,26847.21,13.0,2,82.0,Quarterly,Debit Card,1,0,45624.61
C105715,19.0,Male,Pune,59,2301.62,122339.58,10.0,3,92.0,Monthly,Debit Card,0,0,144846.44
C105716,54.0,Female,Pune,24,1573.66,39060.07,9.0,3,55.0,Quarterly,Credit Card,1,0,55086.47
C105717,66.0,Female,Bengaluru,63,942.9,64804.98,1.0,2,45.0,Annual,Debit Card,0,0,67089.63
C105718,55.0,Female,Delhi,41,1664.45,62712.09,18.0,6,72.0,Monthly,UPI,0,0,96084.52
C105719,19.0,Female,Pune,2,1387.41,2668.59,3.0,1,77.0,Annual,Credit Card,1,0,29077.71
C105720,53.0,Male,Kolkata,28,2503.09,77893.76,5.0,1,64.0,Monthly,UPI,1,0,87275.14
C105721,43.0,Female,Hyderabad,16,865.39,14353.62,27.0,2,100.0,Quarterly,UPI,1,0,37053.89
C105722,28.0,Female,Pune,59,1929.29,117634.9,26.0,2,90.0,Monthly,UPI,0,0,133772.56
C105723,25.0,Female,Bengaluru,1,2200.49,2260.35,7.0,2,71.0,Annual,Wallet,1,0,36105.86
C105724,61.0,Male,Delhi,1,2049.48,2137.53,7.0,4,27.0,Monthly,Debit Card,0,0,38598.17
C105725,57.0,Female,Bengaluru,31,2222.84,63149.53,20.0,2,99.0,Monthly,Credit Card,1,0,112785.63
C105726,60.0,Male,Mumbai,22,1720.22,39805.53,3.0,2,12.0,Annual,Bank Transfer,1,0,43761.74
C105727,39.0,Female,Delhi,59,1858.615,55240.4,12.0,2,25.0,Monthly,Credit Card,0,0,74233.07
C105728,37.0,Female,Chennai,28,679.26,17840.12,13.0,7,58.0,Annual,Bank Transfer,0,0,30641.99
C105729,25.0,Male,Mumbai,27,1901.15,54523.18,5.0,4,72.0,Monthly,Wallet,0,0,76597.6
C105730,46.0,Male,Delhi,1,1696.45,1706.77,7.0,4,69.0,Annual,Bank Transfer,1,0,20119.03
C105731,44.0,Female,Chennai,2,2560.96,4987.34,1.0,1,56.0,Monthly,Wallet,0,0,39872.08
C105732,43.0,Female,Hyderabad,66,2205.38,150988.35,18.0,0,75.0,Quarterly,Credit Card,0,0,153635.51
C105733,47.0,Male,Hyderabad,49,2955.77,161283.98,10.0,3,95.0,Annual,Credit Card,0,0,163357.85
C105734,34.0,Male,Delhi,19,836.53,14439.01,1.0,2,17.0,Monthly,Credit Card,0,1,32936.99
C105735,37.0,Female,Pune,28,1422.9,36287.96,21.0,6,77.0,Annual,Bank Transfer,0,0,67553.16
C105736,69.0,Female,Pune,70,2090.8,140570.99,20.0,1,59.0,Quarterly,Credit Card,1,0,150233.69
C105737,33.0,Male,Bengaluru,39,2667.69,112712.97,18.0,3,63.0,Monthly,UPI,1,0,133491.7
C105738,63.0,Female,Chennai,19,3373.07,66519.2,24.0,3,100.0,Monthly,Credit Card,1,0,125290.93
C105739,60.0,Male,Bengaluru,64,2330.29,157340.55,21.0,2,55.0,Annual,UPI,0,0,165772.59
C105740,24.0,Male,Other,58,2069.43,127845.81,19.0,0,58.0,Annual,Credit Card,0,0,135314.88
C105741,33.0,Male,Bengaluru,17,2356.4,39437.63,10.0,2,73.0,Quarterly,Debit Card,1,0,73338.71
C105742,62.0,Female,Chennai,70,1397.59,93078.49,21.0,4,61.0,Monthly,Wallet,1,0,99544.11
C105743,64.0,Male,Delhi,41,1285.54,55267.74,13.0,4,99.0,Monthly,UPI,1,1,74033.55
C105744,65.0,Female,Kolkata,5,2173.56,10793.61,8.0,4,81.0,Monthly,Credit Card,1,0,52483.28
C105745,44.0,Male,Hyderabad,23,2258.29,57940.48,16.0,0,61.0,Monthly,Bank Transfer,0,0,91050.54
C105746,70.0,Other,Bengaluru,69,1773.28,116006.12,15.0,2,100.0,Monthly,Debit Card,0,0,140336.42
C105747,40.0,Female,Mumbai,10,1502.49,14857.34,17.0,3,92.0,Annual,UPI,0,0,55550.61
C105748,41.0,Female,Mumbai,68,2455.86,151631.34,16.0,6,97.0,Monthly,UPI,1,0,181443.88
C105749,26.0,Female,Hyderabad,12,933.2,10609.6,9.0,1,50.0,Quarterly,UPI,0,0,26940.66
C105750,52.0,Female,Delhi,10,1872.51,18401.34,8.0,7,88.0,Monthly,Debit Card,0,0,54841.9
C105751,68.0,Female,Mumbai,60,2305.96,132559.02,20.0,1,50.0,Annual,UPI,0,0,147054.14
C105752,37.0,Male,Pune,30,1404.43,40343.24,15.0,4,85.0,Monthly,Credit Card,1,0,74151.98
C105753,54.0,Male,Bengaluru,24,2754.06,73625.9,4.0,0,38.0,Monthly,UPI,1,0,87323.1
C105754,59.0,Female,Hyderabad,69,1748.59,123740.56,8.0,2,41.0,Quarterly,Credit Card,0,0,105358.89
C105755,34.0,Male,Pune,13,1506.65,18334.63,4.0,4,61.0,Monthly,Debit Card,1,0,35858.18
C105756,64.0,Male,Delhi,9,406.85,3226.51,17.0,2,71.0,Monthly,Debit Card,0,0,19093.58
C105757,48.0,Female,Pune,18,4104.61,80850.79,17.0,3,74.0,Annual,Wallet,0,0,124740.91
C105758,25.0,Male,Pune,35,1703.97,61183.06,6.0,4,74.0,Monthly,Debit Card,0,0,87936.98
C105759,32.0,Female,Hyderabad,4,1026.75,3889.62,8.0,2,71.0,Annual,Bank Transfer,0,0,39321.99
C105760,48.0,Male,Bengaluru,41,1168.81,45519.22,17.0,4,100.0,Quarterly,Debit Card,1,0,68686.53
C105761,70.0,Female,Bengaluru,26,2529.85,62262.47,10.0,3,64.0,Monthly,UPI,0,0,98372.65
C105762,47.0,Female,Other,44,1139.86,46984.66,6.0,1,62.0,Monthly,Debit Card,0,0,67573.57
C105763,63.0,Female,Mumbai,42,2055.1,79196.47,19.0,4,49.0,Quarterly,UPI,1,0,102927.59
C105764,37.0,Male,Hyderabad,10,2189.84,19764.81,14.0,3,68.0,Quarterly,UPI,1,0,53600.96
C105765,56.0,Female,Bengaluru,1,1824.63,1733.21,1.0,2,36.0,Annual,Bank Transfer,1,0,27166.24
C105766,70.0,Female,Kolkata,54,1328.77,78136.73,13.0,3,55.0,Monthly,UPI,0,0,72519.07
C105767,29.0,Female,Pune,16,1944.07,28216.04,31.0,2,69.0,Quarterly,Debit Card,0,0,70383.13
C105768,66.0,Female,Kolkata,46,2414.37,104765.87,17.0,1,75.0,Annual,Debit Card,1,0,154000.88
C105769,34.0,Male,Chennai,13,759.53,9381.99,16.0,2,92.0,Monthly,Debit Card,0,0,46535.82
C105770,59.0,Female,Delhi,64,627.62,38336.93,16.0,4,52.0,Annual,Credit Card,0,0,56063.32
C105771,47.0,Female,Bengaluru,55,2533.47,130317.85,11.0,4,100.0,Monthly,Wallet,1,0,145513.59
C105772,46.0,Male,Hyderabad,63,2177.32,125822.53,10.0,1,80.0,Monthly,Credit Card,1,0,150821.45
C105773,36.0,Female,Hyderabad,18,2007.21,33904.58,3.0,1,46.0,Monthly,Credit Card,0,0,61034.24
C105774,63.0,Female,Bengaluru,61,1308.63,87429.47,6.0,3,93.0,Monthly,UPI,0,0,93844.58
C105775,28.0,Female,Mumbai,20,2529.44,50564.51,24.0,1,74.0,Monthly,Credit Card,1,0,84719.9
C105776,51.0,Male,Kolkata,65,2518.26,180341.51,13.0,1,67.0,Monthly,Bank Transfer,1,0,167033.71
C105777,67.0,Female,Hyderabad,64,1840.0,122783.01,21.0,1,72.0,Monthly,Bank Transfer,0,0,131912.18
C105778,24.0,Other,Kolkata,64,1607.07,102990.92,1.0,0,74.0,Monthly,Debit Card,0,0,118600.45
C105779,61.0,Female,Bengaluru,13,2048.82,26007.19,13.0,1,52.0,Monthly,Wallet,0,0,69225.57
C105780,51.0,Female,Chennai,68,1970.79,145989.53,29.0,2,62.0,Monthly,Debit Card,0,0,141569.95
C105781,37.0,Female,Bengaluru,70,1663.61,117255.96,14.0,2,33.0,Annual,Credit Card,0,0,125231.27
C105782,67.0,Female,Chennai,57,1021.07,55843.62,17.0,6,96.0,Annual,Wallet,0,0,79204.64
C105783,55.0,Female,Bengaluru,45,2207.29,87933.63,8.0,4,58.0,Annual,Credit Card,1,0,113224.3
C105784,41.0,Male,Delhi,38,1697.55,65151.22,12.0,1,100.0,Monthly,Debit Card,0,0,99734.18
C105785,27.0,Male,Pune,54,2258.21,125478.28,13.0,4,83.0,Monthly,UPI,0,0,136691.42
C105786,49.0,Male,Pune,36,2905.99,107573.22,12.0,1,90.0,Monthly,Debit Card,0,0,139230.7
C105787,69.0,Male,Bengaluru,67,985.41,71544.99,9.0,6,91.0,Monthly,Debit Card,0,0,88861.83
C105788,32.0,Male,Pune,11,2351.24,25970.06,17.0,1,77.0,Annual,UPI,1,0,68106.45
C105789,54.0,Male,Delhi,27,1116.23,32136.97,1.0,0,73.0,Annual,UPI,0,0,59426.4
C105790,37.0,Female,Other,17,2719.31,49114.12,28.0,2,100.0,Monthly,Bank Transfer,1,0,107551.36
C105791,20.0,Male,Chennai,33,1158.8,34524.39,13.0,1,83.0,Monthly,UPI,0,0,67628.2
C105792,54.0,Male,Other,5,1579.65,7806.79,7.0,1,51.0,Annual,Credit Card,0,0,37062.57
C105793,57.0,Male,Pune,62,1672.73,103333.24,11.0,1,57.0,Annual,Debit Card,1,0,109120.98
C105794,25.0,Female,Pune,65,1981.34,135808.15,8.0,1,72.0,Monthly,Bank Transfer,1,0,127296.15
C105795,57.0,Male,Hyderabad,71,1992.55,135854.69,8.0,2,42.0,Monthly,UPI,1,0,130844.34
C105796,61.0,Male,Mumbai,67,2191.04,157676.21,13.0,0,62.0,Monthly,Credit Card,0,0,156105.08
C105797,40.0,Male,Mumbai,44,2601.47,117205.55,21.0,3,68.0,Monthly,UPI,1,1,136914.39
C105798,57.0,Female,Hyderabad,14,1861.08,23509.76,23.0,1,50.0,Annual,Debit Card,0,0,60892.09
C105799,28.0,Female,Bengaluru,57,1367.3,77973.89,19.0,4,82.0,Monthly,Credit Card,0,0,93445.82
C105800,63.0,Female,Other,48,1190.19,61309.88,8.0,3,72.0,Monthly,UPI,0,0,93373.43
C105801,25.0,Male,Chennai,17,1895.7,35528.87,15.0,1,81.0,Monthly,Bank Transfer,1,0,75049.39
C105802,46.0,Female,Hyderabad,44,1797.38,70723.96,8.0,6,25.0,Monthly,Debit Card,0,0,87811.75
C105803,47.0,Female,Mumbai,4,900.66,3677.05,16.0,3,55.0,Quarterly,Wallet,0,1,22028.63
C105804,27.0,Male,Hyderabad,30,2268.89,72909.36,19.0,3,97.0,Monthly,Credit Card,1,0,98948.79
C105805,56.0,Male,Mumbai,55,1520.66,81276.37,22.0,3,91.0,Monthly,Debit Card,0,0,106682.97
C105806,45.0,Male,Mumbai,30,3047.95,89071.64,16.0,1,94.0,Annual,Credit Card,1,0,129797.1
C105807,66.0,Female,Bengaluru,18,1694.97,32643.63,12.0,3,57.0,Monthly,Credit Card,0,0,52463.87
C105808,53.0,Male,Pune,44,1099.88,42993.12,16.0,2,71.0,Monthly,Debit Card,1,0,75794.54
C105809,30.0,Male,Hyderabad,62,1979.12,114084.23,12.0,2,100.0,Monthly,UPI,0,0,144443.47
C105810,49.0,Male,Kolkata,31,2481.47,85680.94,13.0,1,50.0,Monthly,Credit Card,0,0,104312.73
C105811,53.0,Female,Other,16,2074.39,34105.24,20.0,2,74.0,Monthly,Credit Card,0,0,76363.06
C105812,54.0,Female,Hyderabad,23,2617.34,64788.86,18.0,3,72.0,Monthly,Debit Card,1,0,95635.71
C105813,43.0,Female,Pune,14,1296.17,19373.56,14.0,0,64.0,Quarterly,Credit Card,1,0,44556.34
C105814,39.0,Female,Mumbai,2,2216.86,4819.93,14.0,2,64.0,Monthly,UPI,1,0,38825.18
C105815,21.0,Female,Chennai,12,2596.99,31995.71,11.0,2,100.0,Quarterly,Wallet,1,0,89469.64
C105816,48.0,Male,Bengaluru,58,2277.86,121515.88,24.0,2,84.0,Annual,Bank Transfer,0,0,162435.72
C105817,35.0,Male,Chennai,56,2506.66,143295.37,23.0,4,72.0,Monthly,Credit Card,0,0,161771.47
C105818,55.0,Female,Other,24,1868.99,42985.76,23.0,2,100.0,Quarterly,Wallet,0,0,84952.2
C105819,41.0,Other,Hyderabad,37,2800.86,110564.67,14.0,3,53.0,Annual,UPI,0,0,131910.8
C105820,40.0,Female,Hyderabad,29,2503.02,75350.4,17.0,1,61.0,Annual,Credit Card,0,0,103214.4
C105821,39.0,Male,Bengaluru,42,1603.78,61389.07,18.0,1,41.0,Quarterly,UPI,0,0,95146.66
C105822,19.0,Male,Mumbai,18,1563.3,30347.26,19.0,2,65.0,Monthly,Wallet,0,0,65061.46
C105823,48.0,Male,Other,3,2184.51,6609.66,7.0,0,66.0,Monthly,Credit Card,1,0,53064.95
C105824,28.0,Female,Mumbai,13,1552.76,20898.57,29.0,4,84.0,Monthly,Credit Card,1,0,48045.55
C105825,45.0,Female,Bengaluru,29,2197.67,59699.4,1.0,2,69.0,Annual,Debit Card,0,0,95424.07
C105826,63.0,Female,Chennai,66,1815.53,122903.7,6.0,3,64.0,Monthly,Credit Card,1,0,119709.16
C105827,49.0,Female,Chennai,59,1236.08,68655.04,3.0,2,75.0,Quarterly,Debit Card,0,0,83763.56
C105828,22.0,Male,Hyderabad,48,1753.49,84465.71,14.0,1,81.0,Quarterly,UPI,0,0,114909.59
C105829,55.0,Male,Mumbai,4,1474.09,5883.32,16.0,4,55.0,Monthly,Debit Card,0,0,41533.31
C105830,27.0,Male,Hyderabad,51,1975.37,106331.41,15.0,2,88.0,Monthly,Debit Card,0,0,119051.06
C105831,57.0,Female,Pune,5,2180.92,9820.14,2.0,5,91.0,Annual,Debit Card,0,0,50049.82
C105832,63.0,Male,Mumbai,39,1881.91,66398.88,19.0,5,100.0,Annual,UPI,0,0,107217.69
C105833,44.0,Female,Pune,41,1702.56,70261.12,13.0,2,75.0,Monthly,Wallet,1,0,102098.33
C105834,52.0,Female,Other,5,905.34,4097.73,15.0,2,94.0,Monthly,UPI,0,0,43363.8
C105835,61.0,Male,Other,8,2297.05,19691.11,30.0,3,100.0,Monthly,UPI,1,0,71862.24
C105836,65.0,Male,Hyderabad,56,1482.95,90097.51,12.0,2,87.0,Monthly,Debit Card,0,0,107551.19
C105837,40.0,Male,Other,25,2451.01,58155.85,15.0,2,64.0,Monthly,Bank Transfer,0,0,95733.73
C105838,34.0,Female,Pune,52,1858.615,31136.58,9.0,4,82.0,Monthly,Debit Card,0,0,49514.26
C105839,18.0,Male,Pune,52,2293.07,115058.23,24.0,1,85.0,Monthly,Wallet,0,0,137588.51
C105840,48.0,Male,Hyderabad,7,1594.43,10235.01,23.0,1,100.0,Monthly,UPI,1,0,54566.73
C105841,48.0,Female,Hyderabad,61,2683.32,182492.02,17.0,1,84.0,Monthly,UPI,1,0,182678.38
C105842,59.0,Female,Other,47,2856.71,143513.18,12.0,5,73.0,Annual,Debit Card,1,0,148900.02
C105843,59.0,Female,Hyderabad,66,3563.99,263267.4,14.0,2,94.0,Annual,Bank Transfer,0,0,248404.44
C105844,70.0,Female,Hyderabad,59,2419.99,127492.0,28.0,0,95.0,Monthly,Credit Card,1,0,163968.55
C105845,51.0,Female,Bengaluru,5,1295.9,6120.98,19.0,7,100.0,Monthly,UPI,0,0,50569.35
C105846,26.0,Female,Kolkata,44,2674.6,106268.32,7.0,1,71.0,Annual,UPI,0,0,136130.1
C105847,39.0,Male,Chennai,42,2201.9,90606.47,17.0,1,100.0,Annual,Bank Transfer,0,0,127450.5
C105848,30.0,Male,Kolkata,61,1335.12,85021.37,15.0,2,85.0,Monthly,UPI,0,0,107459.49
C105849,42.0,Female,Bengaluru,63,2398.8,158177.28,16.0,3,85.0,Quarterly,Credit Card,0,0,162149.58
C105850,65.0,Female,Bengaluru,50,1849.48,102725.3,13.0,4,58.0,Monthly,Bank Transfer,0,0,92507.28
C105851,35.0,Female,Mumbai,38,3739.15,148646.94,17.0,2,52.0,Annual,UPI,0,0,168370.48
C105852,68.0,Female,Mumbai,54,2323.72,127394.59,14.0,2,100.0,Annual,Credit Card,1,0,144952.16
C105853,29.0,Female,Chennai,44,1659.26,66972.92,13.0,0,67.0,Quarterly,Bank Transfer,1,0,81992.54
C105854,57.0,Male,Bengaluru,24,703.06,18245.05,17.0,3,96.0,Annual,Wallet,0,0,53345.5
C105855,34.0,Male,Hyderabad,63,470.59,28260.71,16.0,2,44.0,Monthly,UPI,0,0,47408.55
C105856,32.0,Male,Bengaluru,39,1538.64,56551.9,26.0,3,77.0,Monthly,Credit Card,1,0,78728.2
C105857,59.0,Female,Delhi,12,2271.86,25645.85,13.0,1,96.0,Monthly,Bank Transfer,0,0,78528.01
C105858,32.0,Male,Bengaluru,63,2502.67,155993.8,6.0,2,87.0,Monthly,Credit Card,1,0,159028.22
C105859,32.0,Male,Hyderabad,9,2674.56,21249.72,20.0,1,85.0,Annual,UPI,0,0,79123.45
C105860,56.0,Male,Hyderabad,22,794.14,16614.34,21.0,0,65.0,Annual,Debit Card,0,0,39198.48
C105861,30.0,Male,Bengaluru,36,1614.32,59791.28,3.0,2,71.0,Annual,Wallet,0,0,75117.71
C105862,44.0,Male,Kolkata,28,1247.36,35074.75,16.0,2,66.0,Monthly,Bank Transfer,0,0,55252.61
C105863,49.0,Male,Bengaluru,56,2608.48,134771.23,13.0,2,73.0,Annual,Bank Transfer,0,0,162730.4
C105864,26.0,Female,Hyderabad,29,1587.84,48185.89,19.0,0,67.0,Monthly,Credit Card,0,0,79463.69
C105865,57.0,Male,Chennai,5,2610.46,14188.41,18.0,2,9.0,Monthly,UPI,1,1,51864.01
C105866,37.0,Male,Delhi,4,1830.53,7890.43,18.0,2,47.0,Quarterly,UPI,0,0,44327.69
C105867,43.0,Female,Mumbai,51,1587.75,90460.59,21.0,1,92.0,Monthly,Credit Card,0,0,115223.46
C105868,44.0,Female,Bengaluru,15,1951.38,32675.09,19.0,3,76.0,Annual,Bank Transfer,1,0,68234.73
C105869,38.0,Male,Delhi,60,898.69,58634.33,26.0,3,100.0,Monthly,Credit Card,1,0,70292.01
C105870,35.0,Male,Delhi,26,1462.39,38801.39,15.0,3,49.0,Monthly,UPI,0,0,53466.42
C105871,30.0,Female,Hyderabad,23,2385.81,59099.92,15.0,4,100.0,Annual,Debit Card,0,0,102108.43
C105872,33.0,Male,Hyderabad,29,1715.2,55535.79,12.0,0,83.0,Monthly,Bank Transfer,0,0,87697.74
C105873,26.0,Male,Mumbai,57,853.6,48765.84,12.0,5,36.0,Monthly,Debit Card,0,0,50337.72
C105874,29.0,Male,Delhi,62,399.0,23542.24,15.0,0,79.0,Monthly,UPI,0,0,52739.92
C105875,61.0,Male,Other,59,915.11,54575.06,21.0,1,89.0,Monthly,Debit Card,0,0,78980.91
C105876,55.0,Female,Chennai,48,1093.77,57137.79,14.0,1,71.0,Monthly,UPI,0,0,76937.04
C105877,36.0,Female,Pune,35,2644.87,89740.74,17.0,4,100.0,Annual,Credit Card,0,0,119302.0
C105878,24.0,Female,Hyderabad,46,1258.73,54015.26,25.0,1,76.0,Annual,Credit Card,1,0,80518.99
C105879,52.0,Female,Kolkata,33,1492.4,49372.09,22.0,0,42.0,Monthly,UPI,1,0,78068.99
C105880,65.0,Male,Delhi,71,999.67,77979.91,8.0,3,79.0,Monthly,Credit Card,0,0,89925.19
C105881,35.0,Female,Delhi,10,2279.93,21119.83,5.0,1,54.0,Annual,Credit Card,0,0,56833.49
C105882,33.0,Male,Hyderabad,48,2247.73,106237.45,1.0,4,64.0,Quarterly,Wallet,1,0,126094.34
C105883,56.0,Male,Hyderabad,44,2434.81,107714.26,21.0,5,71.0,Annual,Credit Card,1,0,131333.87
C105884,21.0,Female,Delhi,70,1746.33,120551.75,1.0,0,80.0,Quarterly,Debit Card,1,0,120677.98
C105885,42.0,Female,Hyderabad,63,2186.88,125635.61,11.0,2,42.0,Annual,UPI,0,0,142633.27
C105886,49.0,Male,Hyderabad,49,2657.78,117450.54,11.0,2,91.0,Annual,Debit Card,1,0,139707.91
C105887,57.0,Female,Hyderabad,72,1819.45,123200.94,16.0,5,82.0,Annual,UPI,0,0,148245.0
C105888,30.0,Male,Hyderabad,41,1681.99,66538.07,13.0,0,87.0,Monthly,Credit Card,1,0,95651.89
C105889,62.0,Male,Delhi,39,2464.6,86886.03,2.0,2,10.0,Monthly,UPI,1,0,106007.11
C105890,34.0,Male,Chennai,23,1737.8,39278.19,18.0,4,100.0,Quarterly,Credit Card,0,0,75954.74
C105891,66.0,Female,Bengaluru,13,1849.8,23517.39,18.0,3,49.0,Monthly,UPI,0,0,55458.48
C105892,54.0,Female,Chennai,53,2665.34,147663.88,13.0,6,94.0,Monthly,UPI,0,0,157720.8
C105893,23.0,Female,Pune,70,1806.98,125694.32,7.0,3,36.0,Annual,Bank Transfer,1,0,124313.47
C105894,36.0,Male,Kolkata,57,2312.42,140256.69,18.0,3,63.0,Monthly,Credit Card,1,0,155735.73
C105895,30.0,Male,Mumbai,67,2248.28,150982.65,14.0,4,80.0,Monthly,Debit Card,0,0,165798.34
C105896,43.0,Female,Mumbai,48,1945.02,102356.05,14.0,2,63.0,Monthly,Bank Transfer,1,0,104005.41
C105897,31.0,Male,Bengaluru,20,1892.7,39447.42,16.0,3,71.0,Monthly,Bank Transfer,1,0,67846.98
C105898,48.0,Male,Mumbai,62,1072.83,72639.7,3.0,4,29.0,Annual,Wallet,1,0,63990.33
C105899,21.0,Female,Pune,45,3263.67,131215.48,1.0,3,87.0,Annual,Credit Card,0,0,163166.21
C105900,56.0,Female,Mumbai,63,1913.55,133285.54,11.0,5,71.0,Annual,UPI,0,0,130041.3
C105901,25.0,Male,Bengaluru,8,2205.63,15692.82,24.0,0,100.0,Monthly,Credit Card,1,0,78385.04
C105902,42.0,Male,Mumbai,26,2443.73,70351.99,7.0,4,97.0,Monthly,Wallet,0,0,94890.33
C105903,30.0,Male,Other,38,2036.85,81886.48,23.0,2,60.0,Monthly,Credit Card,0,0,112073.64
C105904,49.0,Female,Kolkata,41,2620.33,114526.67,19.0,6,78.0,Monthly,Bank Transfer,1,0,140872.31
C105905,55.0,Female,Pune,2,2395.81,4452.92,31.0,2,95.0,Quarterly,UPI,0,0,65396.03
C105906,55.0,Female,Bengaluru,7,606.2,4424.94,16.0,4,77.0,Monthly,Wallet,0,0,37258.11
C105907,45.0,Male,Bengaluru,25,1786.24,45988.38,11.0,1,59.0,Monthly,Credit Card,0,0,70547.39
C105908,70.0,Male,Pune,51,416.32,20255.76,5.0,3,66.0,Monthly,Debit Card,1,0,30417.68
C105909,47.0,Female,Hyderabad,50,1614.54,79993.29,19.0,4,54.0,Monthly,Credit Card,0,0,98778.69
C105910,20.0,Other,Mumbai,64,1491.9,100594.16,13.0,1,84.0,Annual,Debit Card,0,0,110690.72
C105911,45.0,Female,Chennai,12,1190.64,14545.96,10.0,3,80.0,Monthly,Wallet,0,0,59363.41
C105912,20.0,Male,Chennai,53,1899.97,94688.56,12.0,3,41.0,Monthly,UPI,0,0,101979.75
C105913,62.0,Female,Chennai,10,2225.76,20285.6,10.0,0,100.0,Monthly,Debit Card,1,0,67047.98
C105914,51.0,Female,Kolkata,61,745.07,42064.7,9.0,3,74.0,Monthly,Debit Card,0,0,62020.53
C105915,33.0,Female,Hyderabad,55,3213.67,196613.33,11.0,0,56.0,Monthly,UPI,1,1,168491.9
C105916,39.0,Female,Pune,68,2096.42,130282.46,29.0,1,68.0,Quarterly,UPI,0,0,167298.28
C105917,49.0,Male,Pune,42,1757.11,72188.49,11.0,3,100.0,Quarterly,Debit Card,0,0,104484.97
C105918,55.0,Male,Other,66,1743.25,116691.48,16.0,2,37.0,Monthly,Credit Card,0,0,111412.2
C105919,25.0,Male,Chennai,44,679.55,29456.02,13.0,3,77.0,Monthly,UPI,1,0,29959.78
C105920,25.0,Female,Mumbai,28,1619.75,40783.85,7.0,3,98.0,Annual,Debit Card,0,0,77303.9
C105921,23.0,Female,Other,58,1357.94,81001.49,19.0,3,72.0,Annual,Wallet,0,0,86564.95
C105922,31.0,Female,Chennai,2,1346.15,2565.48,18.0,3,57.0,Monthly,Debit Card,1,1,37591.95
C105923,49.0,Male,Mumbai,55,2198.67,128909.24,12.0,3,70.0,Monthly,Debit Card,0,0,131370.55
C105924,52.0,Female,Bengaluru,34,1278.03,44743.83,19.0,1,81.0,Monthly,Bank Transfer,0,0,76788.51
C105925,27.0,Female,Hyderabad,20,2048.74,45356.25,14.0,3,89.0,Quarterly,Credit Card,0,0,74002.06
C105926,20.0,Male,Chennai,47,2440.28,104548.95,16.0,1,60.0,Annual,Credit Card,0,0,127524.79
C105927,29.0,Female,Delhi,26,1944.26,50894.28,21.0,3,76.0,Quarterly,Bank Transfer,0,0,80897.56
C105928,66.0,Male,Delhi,1,3092.34,3420.49,12.0,1,100.0,Monthly,UPI,1,0,61505.63
C105929,48.0,Male,Hyderabad,65,1989.3,128818.73,26.0,2,91.0,Quarterly,Credit Card,0,0,144531.76
C105930,46.0,Male,Pune,15,2992.41,42933.25,9.0,4,31.0,Annual,Debit Card,0,0,70660.15
C105931,22.0,Female,Mumbai,14,3015.76,45683.84,21.0,5,63.0,Monthly,Debit Card,0,0,102524.03
C105932,69.0,Female,Mumbai,55,1963.38,96642.93,15.0,6,25.0,Annual,UPI,1,0,116422.73
C105933,42.0,Male,Other,1,3750.54,3895.95,16.0,0,79.0,Quarterly,Debit Card,0,0,81193.14
C105934,58.0,Female,Bengaluru,33,2644.54,82290.59,20.0,2,57.0,Monthly,Debit Card,1,0,108070.78
C105935,48.0,Female,Pune,70,1132.92,72657.84,19.0,2,46.0,Monthly,Bank Transfer,1,0,80830.02
C105936,38.0,Female,Mumbai,56,2616.26,161921.11,7.0,2,37.0,Monthly,Credit Card,0,0,152162.86
C105937,37.0,Male,Delhi,23,1375.68,33484.94,11.0,7,100.0,Quarterly,UPI,1,0,57867.55
C105938,56.0,Female,Chennai,54,2140.14,125997.31,12.0,2,80.0,Quarterly,Debit Card,1,1,137665.91
C105939,39.0,Female,Bengaluru,3,2527.53,7640.99,14.0,3,47.0,Monthly,Debit Card,1,0,50127.89
C105940,21.0,Male,Mumbai,46,2363.71,102231.62,20.0,1,66.0,Monthly,Bank Transfer,1,0,135574.94
C105941,30.0,Male,Bengaluru,6,1638.35,10009.32,5.0,1,75.0,Annual,UPI,0,0,45319.61
C105942,62.0,Female,Bengaluru,25,1254.23,34885.38,18.0,2,64.0,Monthly,Credit Card,1,0,53290.12
C105943,59.0,Male,Pune,17,1112.32,17449.01,17.0,5,84.0,Monthly,UPI,0,0,41600.41
C105944,67.0,Female,Chennai,28,2826.21,86669.69,21.0,3,75.0,Monthly,Bank Transfer,0,0,118777.29
C105945,66.0,Male,Pune,32,2390.64,75422.54,6.0,1,80.0,Monthly,Wallet,0,0,97847.22
C105946,37.0,Female,Chennai,23,2858.12,64682.28,16.0,1,76.0,Annual,UPI,0,0,106102.48
C105947,69.0,Male,Mumbai,16,661.84,10527.19,16.0,3,64.0,Monthly,UPI,0,0,30152.88
C105948,30.0,Male,Other,26,2298.02,64771.28,4.0,3,72.0,Monthly,UPI,0,0,92390.84
C105949,34.0,Male,Other,33,1374.29,46175.86,12.0,2,53.0,Quarterly,Credit Card,0,1,63033.85
C105950,53.0,Female,Bengaluru,58,1076.04,66124.85,8.0,6,61.0,Quarterly,UPI,1,0,74356.78
C105951,50.0,Female,Kolkata,48,935.35,45904.3,10.0,1,72.0,Monthly,Bank Transfer,0,0,60266.02
C105952,18.0,Male,Chennai,55,1849.52,92116.55,23.0,3,72.0,Monthly,Debit Card,1,0,121365.19
C105953,32.0,Male,Hyderabad,41,1641.81,70052.48,22.0,4,98.0,Monthly,UPI,1,0,91112.95
C105954,30.0,Female,Mumbai,62,2389.68,140029.4,14.0,1,97.0,Annual,Bank Transfer,1,0,154276.67
C105955,34.0,Male,Other,17,1874.74,28685.58,26.0,1,52.0,Quarterly,Credit Card,0,0,67781.07
C105956,41.0,Female,Other,59,2487.65,135147.07,13.0,2,82.0,Annual,Debit Card,0,0,159803.67
C105957,25.0,Male,Hyderabad,14,1701.07,24558.27,8.0,2,81.0,Monthly,Credit Card,0,0,51166.49
C105958,67.0,Female,Pune,21,1281.71,28780.35,19.0,1,100.0,Monthly,UPI,0,0,70174.18
C105959,44.0,Female,Pune,63,2436.26,147152.94,18.0,2,100.0,Quarterly,Bank Transfer,1,0,169498.81
C105960,62.0,Other,Bengaluru,46,2166.13,98071.83,13.0,3,75.0,Monthly,Debit Card,0,0,122802.96
C105961,40.0,Female,Delhi,55,1797.1,96684.66,13.0,2,72.0,Quarterly,Credit Card,0,0,108282.99
C105962,63.0,Male,Mumbai,62,1812.51,111736.17,14.0,3,71.0,Monthly,Credit Card,0,0,133490.4
C105963,25.0,Male,Bengaluru,39,1527.08,59184.15,19.0,2,64.0,Monthly,Bank Transfer,0,0,83958.02
C105964,25.0,Female,Pune,42,2212.36,81848.63,19.0,2,86.0,Quarterly,UPI,0,0,122420.49
C105965,43.0,Female,Bengaluru,48,2211.01,114975.12,20.0,2,47.0,Monthly,Bank Transfer,0,0,117283.59
C105966,64.0,Female,Bengaluru,28,1402.31,38113.88,13.0,1,86.0,Annual,Bank Transfer,0,0,75297.79
C105967,30.0,Female,Hyderabad,6,3105.03,19529.45,14.0,2,75.0,Annual,Debit Card,1,0,63725.9
C105968,56.0,Female,Delhi,59,1679.93,88884.61,15.0,1,99.0,Quarterly,UPI,1,0,117099.15
C105969,54.0,Male,Chennai,70,1537.88,118060.3,9.0,6,54.0,Monthly,UPI,1,0,102500.92
C105970,66.0,Male,Chennai,39,2834.08,119114.72,7.0,2,57.0,Annual,UPI,1,0,132644.23
C105971,45.0,Male,Mumbai,57,2237.23,132466.24,23.0,1,100.0,Monthly,Debit Card,0,0,137303.14
C105972,42.0,Male,Hyderabad,54,2156.37,103127.78,15.0,2,17.0,Monthly,Debit Card,0,0,120052.82
C105973,33.0,Female,Kolkata,60,2212.67,144144.81,9.0,2,100.0,Monthly,UPI,0,0,156062.33
C105974,19.0,Male,Chennai,17,2573.43,46107.02,11.0,2,32.0,Quarterly,Bank Transfer,1,0,73926.38
C105975,35.0,Male,Bengaluru,40,1347.82,59692.7,11.0,3,100.0,Annual,Debit Card,1,0,69846.89
C105976,34.0,Male,Hyderabad,66,1655.57,117871.63,19.0,2,70.0,Annual,Debit Card,0,0,127994.35
C105977,47.0,Male,Hyderabad,54,3063.74,183400.57,15.0,0,71.0,Annual,Bank Transfer,0,0,187364.15
C105978,56.0,Male,Kolkata,71,1588.9,111674.44,12.0,0,100.0,Annual,UPI,0,0,127606.08
C105979,30.0,Female,Chennai,44,1095.36,52020.18,2.0,4,78.0,Monthly,Debit Card,1,0,60690.39
C105980,49.0,Male,Delhi,67,2061.24,139188.82,17.0,2,100.0,Monthly,UPI,1,0,160600.54
C105981,67.0,Female,Hyderabad,57,1523.7,96540.03,4.0,3,100.0,Monthly,Wallet,1,0,103168.66
C105982,46.0,Female,Delhi,36,2200.6,70358.88,12.0,1,49.0,Quarterly,UPI,0,0,104153.15
C105983,63.0,Female,Kolkata,57,1696.98,91535.59,25.0,2,88.0,Monthly,Credit Card,1,0,120576.63
C105984,47.0,Male,Bengaluru,43,1518.54,58229.47,5.0,0,65.0,Quarterly,Debit Card,1,0,91462.0
C105985,35.0,Male,Mumbai,44,1419.16,62029.91,11.0,2,70.0,Annual,Credit Card,0,0,81754.54
C105986,30.0,Male,Other,62,2127.67,140419.3,8.0,1,51.0,Monthly,Bank Transfer,1,0,132676.06
C105987,60.0,Male,Delhi,61,1653.01,103152.57,5.0,4,18.0,Monthly,UPI,0,0,89666.87
C105988,38.0,Female,Hyderabad,11,1911.46,22456.44,11.0,4,66.0,Monthly,Wallet,0,0,52345.47
C105989,47.0,Female,Bengaluru,33,1529.85,50740.98,13.0,2,82.0,Annual,Credit Card,0,0,79673.08
C105990,44.0,Female,Hyderabad,66,2085.13,122879.75,23.0,5,64.0,Monthly,Credit Card,1,0,143065.03
C105991,65.0,Male,Kolkata,23,2041.24,50840.51,11.0,4,100.0,Annual,UPI,0,0,81349.82
C105992,34.0,Female,Delhi,49,1997.2,98294.08,19.0,3,100.0,Annual,Credit Card,0,0,128106.93
C105993,57.0,Male,Other,20,2121.88,44692.13,26.0,2,76.0,Monthly,UPI,1,0,84853.79
C105994,36.0,Female,Hyderabad,15,702.72,10020.77,29.0,2,70.0,Annual,UPI,0,0,43392.06
C105995,69.0,Female,Chennai,66,1115.93,82435.4,10.0,4,100.0,Monthly,Debit Card,0,1,92719.83
C105996,32.0,Male,Hyderabad,30,1678.88,49038.87,26.0,2,90.0,Monthly,Wallet,1,0,82647.5
C105997,26.0,Male,Bengaluru,4,1887.6,8270.6,19.0,0,55.0,Monthly,UPI,1,1,42463.79
C105998,69.0,Female,Hyderabad,64,2278.23,134538.93,23.0,1,79.0,Annual,Debit Card,0,0,185596.92
C105999,27.0,Male,Bengaluru,65,1372.0,93082.84,8.0,2,90.0,Monthly,Debit Card,0,0,107919.51
C106000,61.0,Male,Pune,8,2001.46,15947.02,12.0,6,96.0,Monthly,UPI,0,0,54960.89
C106001,48.0,Male,Hyderabad,52,1538.62,89200.54,18.0,1,79.0,Quarterly,Debit Card,1,0,110689.72
C106002,70.0,Male,Chennai,14,1304.17,19024.84,4.0,4,66.0,Monthly,Debit Card,1,0,49130.3
C106003,40.0,Female,Kolkata,58,2173.95,117481.41,10.0,2,84.0,Monthly,UPI,0,0,138211.84
C106004,69.0,Female,Other,11,2541.13,26977.68,5.0,2,54.0,Annual,Credit Card,0,0,58794.88
C106005,47.0,Female,Bengaluru,59,2234.79,132468.04,12.0,1,100.0,Monthly,Wallet,0,0,151572.37
C106006,50.0,Male,Other,24,1918.97,50157.64,13.0,2,59.0,Monthly,Debit Card,0,0,83125.92
C106007,69.0,Female,Bengaluru,32,2025.58,64919.76,34.0,1,84.0,Monthly,Debit Card,1,0,107470.49
C106008,26.0,Female,Chennai,46,2274.09,94082.37,17.0,2,67.0,Annual,Credit Card,1,0,123901.18
C106009,64.0,Male,Kolkata,28,2399.18,61390.24,4.0,5,86.0,Monthly,UPI,1,0,92817.67
C106010,18.0,Male,Pune,16,2769.41,43843.99,17.0,2,100.0,Monthly,Credit Card,0,0,91114.63
C106011,61.0,Female,Pune,42,2743.93,105077.57,1.0,2,93.0,Annual,Bank Transfer,1,0,136598.66
C106012,52.0,Male,Pune,16,884.75,13874.26,20.0,1,67.0,Monthly,Debit Card,0,0,41599.81
C106013,28.0,Male,Bengaluru,12,1484.22,16978.58,21.0,3,87.0,Quarterly,Bank Transfer,1,0,53244.11
C106014,51.0,Male,Mumbai,62,3164.05,173872.53,5.0,1,79.0,Annual,Credit Card,0,0,201487.73
C106015,33.0,Male,Chennai,34,765.93,29013.29,18.0,2,74.0,Monthly,UPI,0,0,66594.02
C106016,26.0,Male,Chennai,38,1519.64,61279.07,13.0,1,54.0,Monthly,UPI,0,0,88831.12
C106017,49.0,Male,Hyderabad,47,3030.36,145999.2,9.0,1,100.0,Monthly,UPI,0,0,172696.88
C106018,32.0,Female,Bengaluru,22,1040.71,21756.99,26.0,2,100.0,Quarterly,UPI,0,0,65830.56
C106019,29.0,Male,Pune,3,1290.36,3553.68,12.0,3,100.0,Monthly,Bank Transfer,1,0,43905.82
C106020,50.0,Female,Kolkata,1,1734.88,1692.47,17.0,1,100.0,Quarterly,Debit Card,0,1,55897.49
C106021,62.0,Male,Mumbai,53,926.92,43376.14,12.0,4,100.0,Monthly,Debit Card,0,0,70852.27
C106022,31.0,Female,Mumbai,64,2351.88,152121.59,25.0,1,93.0,Monthly,UPI,0,0,167014.42
C106023,25.0,Female,Delhi,44,2145.32,83144.83,14.0,1,80.0,Monthly,Wallet,0,0,121288.79
C106024,25.0,Female,Mumbai,47,2545.26,113733.09,11.0,3,78.0,Monthly,UPI,0,0,145515.07
C106025,44.0,Female,Other,38,762.95,26680.42,15.0,4,71.0,Monthly,Credit Card,0,0,51533.1
C106026,29.0,Female,Hyderabad,63,2140.4,147308.57,6.0,3,100.0,Monthly,UPI,1,0,144082.11
C106027,18.0,Female,Chennai,41,2033.73,90629.32,29.0,7,62.0,Annual,UPI,0,0,95733.66
C106028,60.0,Male,Kolkata,21,775.81,17380.65,25.0,0,100.0,Monthly,Credit Card,1,0,57965.03
C106029,57.0,Male,Kolkata,45,3334.16,158140.69,13.0,3,52.0,Annual,Debit Card,0,0,162322.71
C106030,59.0,Female,Mumbai,13,1156.43,16065.21,9.0,4,34.0,Monthly,Credit Card,0,0,26866.15
C106031,68.0,Male,Hyderabad,66,2087.15,124881.15,11.0,0,38.0,Monthly,Credit Card,0,0,144586.41
C106032,28.0,Female,Pune,66,1824.84,127496.94,7.0,0,91.0,Annual,Bank Transfer,1,0,126306.19
C106033,56.0,Female,Mumbai,43,2176.94,101445.12,10.0,4,32.0,Monthly,Debit Card,1,0,90963.59
C106034,60.0,Male,Pune,62,1449.55,84598.24,10.0,2,53.0,Quarterly,Debit Card,0,0,108773.09
C106035,48.0,Female,Chennai,48,2368.54,116327.37,6.0,2,53.0,Monthly,Credit Card,0,0,124194.98
C106036,34.0,Male,Hyderabad,26,2807.48,74013.47,23.0,1,41.0,Monthly,Credit Card,0,0,110629.65
C106037,50.0,Male,Hyderabad,61,1881.48,107674.77,14.0,0,44.0,Quarterly,Wallet,1,0,128630.16
C106038,49.0,Female,Mumbai,62,740.36,40828.18,18.0,0,80.0,Monthly,Debit Card,1,0,74271.54
C106039,46.0,Male,Hyderabad,14,1007.04,15457.39,13.0,0,75.0,Quarterly,Credit Card,0,0,47152.92
C106040,38.0,Female,Hyderabad,54,2965.47,162807.77,7.0,0,78.0,Quarterly,Bank Transfer,1,0,185225.31
C106041,38.0,Female,Chennai,41,2175.63,88223.13,11.0,3,100.0,Monthly,UPI,1,0,104092.63
C106042,57.0,Male,Chennai,60,1923.14,125484.17,10.0,2,36.0,Annual,UPI,1,0,131356.74
C106043,40.0,Female,Bengaluru,9,2511.22,23789.59,22.0,0,100.0,Monthly,Debit Card,1,0,76572.0
C106044,23.0,Female,Hyderabad,44,1858.615,65041.19,25.0,3,65.0,Monthly,Debit Card,0,0,87097.38
C106045,39.0,Male,Other,56,2632.72,147334.06,6.0,2,72.0,Annual,Bank Transfer,0,0,161939.02
C106046,67.0,Male,Hyderabad,3,563.09,1746.4,13.0,3,61.0,Monthly,UPI,1,0,22523.72
C106047,55.0,Female,Bengaluru,59,1778.9,110189.37,14.0,5,63.0,Annual,Debit Card,1,0,110131.08
C106048,54.0,Female,Bengaluru,13,1252.8,16707.94,11.0,2,30.0,Quarterly,Credit Card,0,0,25898.92
C106049,62.0,Male,Kolkata,30,878.25,26219.2,12.0,2,65.0,Quarterly,Bank Transfer,1,0,38008.5
C106050,68.0,Male,Chennai,53,1349.26,63021.75,14.0,3,79.0,Quarterly,Wallet,0,0,97982.02
C106051,25.0,Female,Hyderabad,51,1692.75,83230.31,7.0,3,65.0,Monthly,UPI,0,0,94160.45
C106052,58.0,Female,Hyderabad,42,1414.65,60735.89,16.0,2,61.0,Quarterly,UPI,1,0,76526.85
C106053,66.0,Male,Delhi,26,2369.71,60987.77,17.0,1,83.0,Annual,UPI,0,0,99072.95
C106054,52.0,Female,Delhi,59,1864.81,97252.57,6.0,4,61.0,Monthly,Wallet,1,0,107728.91
C106055,68.0,Male,Chennai,69,1470.87,89929.18,24.0,1,100.0,Monthly,UPI,0,0,127732.63
C106056,28.0,Female,Hyderabad,3,2554.11,8482.76,15.0,2,82.0,Monthly,Credit Card,1,0,57964.98
C106057,41.0,Male,Bengaluru,41,2288.47,87757.34,24.0,1,92.0,Monthly,Credit Card,0,0,128372.06
C106058,66.0,Male,Mumbai,1,2035.89,2161.53,15.0,1,100.0,Quarterly,Wallet,1,0,54889.47
C106059,38.0,Male,Delhi,65,999.71,66773.2,15.0,0,76.0,Quarterly,Wallet,0,0,92406.25
C106060,68.0,Female,Hyderabad,70,2015.59,148588.78,21.0,4,78.0,Monthly,UPI,0,0,144186.65
C106061,19.0,Female,Mumbai,50,2207.02,97845.08,18.0,2,90.0,Quarterly,Credit Card,0,1,142681.68
C106062,57.0,Female,Bengaluru,59,2347.39,127638.03,6.0,3,71.0,Monthly,UPI,0,0,147598.7
C106063,36.0,Female,Mumbai,63,1512.8,98286.2,16.0,1,48.0,Monthly,UPI,0,0,103598.16
C106064,56.0,Male,Delhi,25,2845.61,64134.51,18.0,1,73.0,Annual,Credit Card,0,0,108319.28
C106065,45.0,Female,Kolkata,10,2516.85,26768.42,10.0,0,56.0,Monthly,Bank Transfer,0,0,72982.77
C106066,34.0,Male,Chennai,1,2812.05,3136.95,24.0,2,93.0,Monthly,Debit Card,0,0,72738.78
C106067,23.0,Female,Mumbai,14,948.2,13307.31,14.0,3,45.0,Monthly,Debit Card,1,1,26841.45
C106068,36.0,Male,Bengaluru,21,1545.82,31534.75,16.0,2,81.0,Quarterly,Debit Card,1,0,70205.82
C106069,55.0,Male,Bengaluru,58,940.17,48794.37,14.0,2,17.0,Monthly,UPI,0,0,53677.86
C106070,45.0,Female,Hyderabad,38,1522.91,53766.44,21.0,4,74.0,Annual,Credit Card,0,0,83345.76
C106071,19.0,Female,Bengaluru,1,1149.55,1284.95,21.0,2,98.0,Annual,UPI,0,0,32441.65
C106072,55.0,Female,Hyderabad,5,1105.97,5172.24,14.0,2,64.0,Monthly,Credit Card,1,0,32705.71
C106073,54.0,Female,Other,44,2220.14,88052.54,9.0,3,90.0,Monthly,Bank Transfer,1,0,110365.06
C106074,68.0,Male,Delhi,65,1766.74,126401.69,6.0,3,66.0,Annual,Bank Transfer,1,0,132577.46
C106075,69.0,Female,Hyderabad,57,1299.55,76092.17,11.0,3,100.0,Annual,Debit Card,0,0,103412.57
C106076,21.0,Male,Hyderabad,45,3103.92,125800.32,16.0,4,100.0,Quarterly,Credit Card,1,0,168495.11
C106077,39.0,Female,Bengaluru,60,2035.18,122823.16,14.0,1,100.0,Monthly,UPI,0,0,149450.11
C106078,43.0,Female,Bengaluru,66,1090.82,74431.2,13.0,1,69.0,Monthly,Debit Card,0,0,100011.36
C106079,66.0,Male,Bengaluru,47,1637.0,76905.13,9.0,5,69.0,Monthly,Bank Transfer,0,0,99130.15
C106080,60.0,Male,Chennai,26,1924.11,52229.56,4.0,2,45.0,Monthly,Debit Card,0,1,68065.84
C106081,53.0,Male,Kolkata,9,1603.86,13641.65,14.0,2,98.0,Monthly,Bank Transfer,1,0,42805.75
C106082,30.0,Male,Mumbai,51,1707.62,77245.16,8.0,1,99.0,Annual,Credit Card,0,0,115227.78
C106083,69.0,Male,Mumbai,8,1406.08,12488.38,14.0,2,59.0,Quarterly,UPI,0,0,51124.08
C106084,49.0,Male,Pune,5,2264.05,11751.3,17.0,2,83.0,Monthly,UPI,0,0,64273.63
C106085,34.0,Male,Hyderabad,39,2214.88,79562.35,24.0,2,58.0,Monthly,UPI,0,0,120117.09
C106086,58.0,Female,Hyderabad,68,1142.07,68566.7,11.0,4,29.0,Monthly,Bank Transfer,0,0,77679.2
C106087,53.0,Female,Mumbai,40,671.15,25035.83,5.0,0,100.0,Quarterly,Wallet,0,0,53087.97
C106088,63.0,Male,Delhi,36,1229.64,43460.57,12.0,3,38.0,Monthly,Bank Transfer,0,0,54344.92
C106089,36.0,Male,Mumbai,21,2618.43,61208.08,16.0,4,100.0,Monthly,UPI,1,0,93192.16
C106090,52.0,Male,Hyderabad,26,1611.95,44138.05,23.0,5,69.0,Monthly,UPI,0,0,78288.48
C106091,63.0,Female,Kolkata,56,1575.52,83670.86,22.0,2,72.0,Quarterly,Credit Card,0,0,114663.76
C106092,57.0,Female,Bengaluru,57,2116.98,130281.87,13.0,3,82.0,Monthly,Credit Card,0,0,126839.75
C106093,45.0,Female,Pune,59,983.0,60708.94,12.0,2,73.0,Monthly,UPI,1,0,62702.08
C106094,18.0,Female,Kolkata,7,2169.44,15244.5,7.0,2,81.0,Annual,Credit Card,0,0,57962.27
C106095,59.0,Female,Bengaluru,42,1554.16,58500.76,11.0,3,44.0,Quarterly,Credit Card,1,0,79580.11
C106096,35.0,Female,Pune,13,1466.7,19512.49,18.0,2,74.0,Monthly,Debit Card,1,0,43242.87
C106097,65.0,Male,Delhi,34,1465.95,45297.67,23.0,4,82.0,Annual,Credit Card,0,0,81646.45
C106098,57.0,Female,Kolkata,53,2589.36,148569.93,19.0,0,72.0,Monthly,UPI,1,0,147350.97
C106099,50.0,Female,Bengaluru,46,1901.43,80411.01,10.0,0,60.0,Monthly,UPI,0,0,111519.56
C106100,29.0,Female,Other,57,2367.87,127518.63,5.0,3,92.0,Annual,UPI,1,0,154892.22
C106101,25.0,Female,Hyderabad,61,1826.15,106610.34,17.0,5,80.0,Annual,UPI,0,0,132778.0
C106102,41.0,Male,Pune,56,2367.65,141283.17,12.0,1,57.0,Monthly,UPI,1,0,136276.22
C106103,33.0,Female,Chennai,29,2814.65,80418.03,19.0,2,58.0,Annual,Debit Card,0,0,109118.23
C106104,67.0,Male,Hyderabad,14,1749.59,26568.55,8.0,6,21.0,Monthly,Credit Card,0,1,49474.41
C106105,21.0,Male,Hyderabad,68,1332.02,87596.24,27.0,4,74.0,Annual,UPI,1,0,111187.65
C106106,55.0,Male,Chennai,71,2204.68,147464.83,11.0,3,71.0,Monthly,UPI,0,0,154882.68
C106107,61.0,Female,Chennai,13,767.57,10923.65,25.0,4,42.0,Monthly,Credit Card,0,0,29159.89
C106108,44.0,Female,Bengaluru,17,1489.62,27301.13,15.0,3,84.0,Monthly,UPI,0,0,58348.67
C106109,26.0,Female,Hyderabad,29,2173.97,66333.05,19.0,5,59.0,Annual,Bank Transfer,1,0,82486.69
C106110,64.0,Female,Chennai,2,2031.05,3728.56,7.0,4,45.0,Annual,UPI,1,0,34084.28
C106111,33.0,Male,Chennai,62,3499.49,203171.82,15.0,2,50.0,Annual,Credit Card,1,0,208091.39
C106112,29.0,Female,Chennai,20,2081.96,46139.76,14.0,0,63.0,Monthly,Debit Card,1,0,72470.02
C106113,48.0,Female,Kolkata,56,2125.64,115608.01,6.0,2,25.0,Monthly,Credit Card,1,0,107825.45
C106114,41.0,Female,Mumbai,52,2029.95,109722.67,22.0,1,85.0,Monthly,Debit Card,0,0,135966.57
C106115,31.0,Male,Hyderabad,25,1757.98,41961.36,22.0,4,93.0,Monthly,Credit Card,0,0,92443.61
C106116,62.0,Female,Mumbai,62,2108.31,126308.64,17.0,3,86.0,Monthly,UPI,1,0,153847.51
C106117,42.0,Female,Pune,17,2107.79,34239.36,11.0,4,48.0,Annual,Debit Card,0,0,60092.99
C106118,51.0,Female,Hyderabad,39,1614.79,59919.04,21.0,6,67.0,Annual,UPI,1,0,82088.0
C106119,20.0,Female,Chennai,10,2832.2,31445.36,15.0,2,53.0,Monthly,Debit Card,0,0,76885.73
C106120,41.0,Female,Chennai,59,1667.9,107169.93,9.0,1,100.0,Quarterly,Credit Card,1,0,112860.45
C106121,59.0,Female,Other,25,1033.35,27311.46,13.0,4,58.0,Annual,Credit Card,1,0,44411.84
C106122,26.0,Female,Chennai,28,449.97,12792.74,15.0,3,100.0,Monthly,UPI,0,0,34226.46
C106123,43.0,Female,Pune,61,1450.12,97548.53,18.0,4,55.0,Quarterly,Debit Card,0,0,99560.85
C106124,37.0,Male,Bengaluru,58,1980.69,122706.73,23.0,3,81.0,Monthly,Credit Card,0,0,137656.32
C106125,57.0,Female,Pune,44,2268.25,108409.26,2.0,5,65.0,Annual,Credit Card,1,0,111343.21
C106126,27.0,Female,Bengaluru,23,399.0,9728.68,28.0,3,82.0,Monthly,Debit Card,0,0,43526.48
C106127,36.0,Female,Chennai,17,2663.74,49785.64,16.0,3,93.0,Monthly,UPI,0,0,95046.63
C106128,20.0,Female,Chennai,38,1978.9,76918.2,18.0,2,66.0,Monthly,UPI,0,0,102079.92
C106129,41.0,Male,Kolkata,30,2122.72,64799.89,18.0,2,100.0,Annual,UPI,0,0,111776.42
C106130,22.0,Male,Hyderabad,19,2332.93,44721.88,17.0,1,59.0,Monthly,Bank Transfer,0,0,85572.11
C106131,20.0,Female,Hyderabad,32,2245.3,76667.43,20.0,4,58.0,Monthly,Bank Transfer,0,0,97169.86
C106132,44.0,Female,Delhi,20,2460.83,44369.72,35.0,0,65.0,Quarterly,Credit Card,1,0,90420.12
C106133,33.0,Male,Mumbai,64,1336.64,91881.87,28.0,2,61.0,Monthly,UPI,0,0,96602.52
C106134,66.0,Male,Bengaluru,36,2200.32,76316.8,13.0,4,90.0,Monthly,Credit Card,0,0,108170.62
C106135,32.0,Male,Bengaluru,65,2480.55,175343.75,27.0,0,86.0,Monthly,Debit Card,0,0,193577.18
C106136,52.0,Male,Bengaluru,43,1860.44,79950.58,20.0,2,92.0,Monthly,UPI,0,0,114882.35
C106137,29.0,Male,Chennai,26,1883.44,49291.98,7.0,2,30.0,Annual,UPI,1,0,83184.35
C106138,58.0,Male,Pune,7,1914.5,14395.29,6.0,2,83.0,Quarterly,Credit Card,1,0,50900.13
C106139,70.0,Male,Hyderabad,34,2461.51,83733.15,14.0,4,100.0,Annual,UPI,1,0,116492.72
C106140,61.0,Male,Kolkata,36,2418.52,83492.18,22.0,3,77.0,Monthly,Bank Transfer,0,0,111058.27
C106141,43.0,Male,Chennai,6,503.39,2717.45,15.0,4,52.0,Monthly,Credit Card,0,0,19883.38
C106142,64.0,Female,Bengaluru,37,1792.01,73270.1,22.0,2,63.0,Monthly,UPI,0,0,81621.09
C106143,51.0,Male,Mumbai,62,1943.72,127311.74,21.0,5,56.0,Monthly,Wallet,0,0,137361.25
C106144,40.0,Male,Delhi,60,1980.56,122372.42,18.0,1,54.0,Annual,Credit Card,0,0,132356.36
C106145,48.0,Male,Hyderabad,64,1865.61,126446.09,13.0,2,100.0,Quarterly,Credit Card,0,0,129678.14
C106146,67.0,Male,Delhi,50,1706.19,89907.33,11.0,1,100.0,Monthly,UPI,1,0,107716.03
C106147,37.0,Male,Pune,52,1671.23,78022.05,12.0,2,64.0,Annual,Debit Card,1,0,98248.45
C106148,29.0,Male,Hyderabad,17,1539.63,23741.66,21.0,3,75.0,Monthly,Wallet,0,0,65152.51
C106149,40.0,Female,Hyderabad,60,1493.5,90831.04,16.0,5,67.0,Annual,UPI,0,0,115352.67
C106150,21.0,Female,Hyderabad,54,1512.82,86401.03,16.0,1,38.0,Monthly,UPI,0,0,89623.02
C106151,40.0,Female,Pune,10,3184.92,30326.65,10.0,0,58.0,Annual,Debit Card,1,0,75891.9
C106152,65.0,Female,Bengaluru,25,2507.85,69102.46,22.0,1,75.0,Annual,Credit Card,0,0,97516.07
C106153,65.0,Male,Pune,18,1590.92,26392.81,20.0,2,24.0,Monthly,UPI,1,0,55669.69
C106154,18.0,Female,Mumbai,64,1484.8,101522.5,35.0,3,51.0,Quarterly,UPI,1,0,103725.24
C106155,42.0,Male,Pune,59,2134.28,115123.84,16.0,3,88.0,Annual,Debit Card,1,0,140142.56
C106156,19.0,Female,Mumbai,27,1397.58,35263.12,28.0,1,99.0,Monthly,Bank Transfer,0,0,89715.37
C106157,47.0,Male,Bengaluru,58,2776.76,157997.07,12.0,2,80.0,Monthly,UPI,0,0,183254.98
C106158,20.0,Female,Kolkata,61,2326.31,141425.32,5.0,0,57.0,Annual,Credit Card,0,0,144442.22
C106159,38.0,Female,Delhi,71,829.83,55831.71,9.0,4,53.0,Monthly,Wallet,0,0,67292.58
C106160,42.0,Male,Mumbai,43,861.93,34335.44,21.0,4,60.0,Monthly,UPI,0,0,57384.97
C106161,37.0,Female,Delhi,11,1148.59,14056.77,6.0,2,60.0,Monthly,Bank Transfer,1,0,38890.04
C106162,66.0,Male,Mumbai,5,1633.74,8895.6,13.0,6,43.0,Monthly,Credit Card,0,0,51060.02
C106163,69.0,Female,Bengaluru,58,1023.77,60873.99,17.0,3,85.0,Annual,Credit Card,0,0,81557.79
C106164,39.0,Female,Chennai,39,1977.7,81912.47,21.0,5,96.0,Monthly,UPI,1,0,95538.74
C106165,38.0,Male,Bengaluru,48,1883.18,88581.09,8.0,1,95.0,Annual,Debit Card,0,0,117638.11
C106166,50.0,Male,Other,20,1372.6,28921.85,20.0,3,100.0,Quarterly,Bank Transfer,1,0,50094.11
C106167,69.0,Male,Mumbai,19,2139.7,38439.57,12.0,4,7.0,Annual,Credit Card,1,0,52607.77
C106168,55.0,Female,Hyderabad,60,3205.92,176585.23,21.0,2,100.0,Monthly,Credit Card,1,0,202741.6
C106169,32.0,Male,Mumbai,26,1333.97,36626.7,20.0,3,83.0,Monthly,UPI,0,0,69601.78
C106170,63.0,Female,Hyderabad,25,2982.98,81129.03,11.0,0,48.0,Monthly,Credit Card,0,0,107943.81
C106171,69.0,Female,Bengaluru,15,1548.71,21701.74,7.0,6,52.0,Monthly,Credit Card,0,0,42833.28
C106172,32.0,Male,Chennai,21,1414.13,31583.48,22.0,1,69.0,Quarterly,Credit Card,0,0,70507.97
C106173,63.0,Other,Mumbai,47,1379.21,66571.4,7.0,1,43.0,Quarterly,Credit Card,0,0,79048.11
C106174,42.0,Female,Other,35,2465.58,95043.55,15.0,2,65.0,Monthly,Debit Card,1,0,113363.73
C106175,38.0,Male,Other,44,1782.12,87326.96,13.0,4,63.0,Monthly,Bank Transfer,0,0,91359.75
C106176,41.0,Male,Hyderabad,6,1553.59,9651.85,8.0,2,33.0,Monthly,UPI,0,0,28339.4
C106177,22.0,Female,Mumbai,23,399.0,9508.08,11.0,2,76.0,Monthly,UPI,0,0,35620.53
C106178,23.0,Male,Pune,39,876.7,36793.12,14.0,1,99.0,Quarterly,Debit Card,1,0,52231.97
C106179,66.0,Male,Bengaluru,18,2462.45,49016.56,12.0,2,65.0,Monthly,Debit Card,0,0,90330.42
C106180,60.0,Male,Pune,40,2883.16,106691.37,15.0,3,76.0,Annual,Bank Transfer,1,0,137614.13
C106181,65.0,Female,Kolkata,36,2704.34,92868.13,12.0,2,60.0,Quarterly,UPI,0,0,124142.39
C106182,61.0,Female,Delhi,28,1379.7,37381.88,22.0,2,90.0,Annual,Credit Card,1,0,70165.28
C106183,64.0,Female,Bengaluru,64,2180.04,125618.3,23.0,3,98.0,Monthly,Wallet,0,0,161643.0
C106184,40.0,Male,Kolkata,58,1502.61,81676.65,9.0,1,61.0,Annual,UPI,0,0,98716.18
C106185,21.0,Female,Kolkata,38,2631.24,94215.58,15.0,2,72.0,Quarterly,Credit Card,1,0,118703.43
C106186,44.0,Female,Delhi,44,2329.55,108169.11,16.0,1,91.0,Monthly,UPI,0,0,130553.2
C106187,35.0,Male,Bengaluru,2,1907.61,3608.23,11.0,2,66.0,Monthly,UPI,1,0,42545.76
C106188,38.0,Male,Pune,35,1401.36,48766.99,13.0,2,27.0,Annual,Credit Card,0,0,57043.62
C106189,45.0,Female,Bengaluru,1,2613.61,2913.32,14.0,4,67.0,Monthly,Debit Card,0,0,46098.58
C106190,52.0,Female,Bengaluru,46,1912.51,91170.44,8.0,3,67.0,Monthly,UPI,1,0,91200.07
C106191,39.0,Female,Mumbai,60,2232.8,127566.1,12.0,1,55.0,Monthly,Bank Transfer,1,0,137388.63
C106192,57.0,Female,Other,63,847.03,55171.36,6.0,1,65.0,Monthly,Wallet,1,0,69038.23
C106193,40.0,Female,Pune,45,1034.49,43642.36,15.0,3,96.0,Monthly,Credit Card,1,0,65987.52
C106194,20.0,Male,Delhi,57,1504.65,79589.27,33.0,1,70.0,Quarterly,UPI,0,0,104850.73
C106195,57.0,Female,Chennai,37,3704.78,133431.71,10.0,5,56.0,Monthly,Bank Transfer,0,0,155453.82
C106196,67.0,Female,Bengaluru,7,961.9,6159.1,7.0,0,72.0,Quarterly,UPI,0,0,31721.09
C106197,27.0,Other,Pune,16,1486.3,23232.31,2.0,3,66.0,Monthly,UPI,0,0,50144.37
C106198,42.0,Male,Mumbai,50,1598.95,86864.8,13.0,1,65.0,Monthly,Credit Card,0,0,103243.64
C106199,69.0,Female,Pune,14,2695.14,37351.14,11.0,2,50.0,Monthly,Bank Transfer,1,0,65082.51
C106200,66.0,Female,Mumbai,6,2251.37,12483.1,11.0,5,55.0,Annual,UPI,0,1,45754.9
C106201,25.0,Male,Pune,61,790.33,45533.83,27.0,3,100.0,Monthly,Credit Card,1,0,82440.7
C106202,28.0,Male,Kolkata,21,1792.76,37040.08,16.0,3,47.0,Annual,Wallet,1,0,78256.54
C106203,22.0,Female,Chennai,10,1482.25,14854.81,24.0,2,64.0,Monthly,Wallet,0,1,42856.92
C106204,62.0,Male,Hyderabad,32,816.96,27195.55,21.0,3,87.0,Quarterly,UPI,1,0,50773.75
C106205,70.0,Female,Bengaluru,6,1805.93,11764.33,6.0,4,100.0,Quarterly,UPI,1,0,48728.33
C106206,54.0,Female,Kolkata,2,1974.53,3675.73,21.0,2,76.0,Monthly,UPI,0,0,47444.24
C106207,62.0,Male,Delhi,39,2494.3,103550.42,14.0,2,77.0,Quarterly,Debit Card,1,0,126357.78
C106208,55.0,Other,Delhi,49,2126.89,108135.34,5.0,2,39.0,Monthly,Debit Card,1,0,118183.32
C106209,46.0,Female,Bengaluru,27,1032.88,27124.56,10.0,0,46.0,Quarterly,Wallet,0,0,56475.44
C106210,22.0,Female,Delhi,56,1940.67,100157.46,24.0,2,81.0,Annual,Debit Card,0,0,135348.27
C106211,26.0,Male,Delhi,14,2941.94,43713.35,14.0,2,86.0,Monthly,UPI,1,0,88470.07
C106212,65.0,Female,Hyderabad,23,2055.41,44142.29,11.0,3,56.0,Quarterly,Credit Card,0,0,81315.71
C106213,19.0,Male,Other,51,2104.19,107114.52,22.0,2,61.0,Monthly,Credit Card,0,0,108286.49
C106214,18.0,Male,Bengaluru,25,1257.05,30890.04,25.0,3,46.0,Monthly,Debit Card,0,0,55175.73
C106215,57.0,Male,Bengaluru,53,1400.4,78053.72,17.0,2,95.0,Monthly,Bank Transfer,1,0,91401.87
C106216,68.0,Male,Bengaluru,11,1258.37,14173.07,12.0,0,80.0,Monthly,Debit Card,1,0,41236.52
C106217,47.0,Male,Hyderabad,35,1821.04,59893.65,23.0,3,100.0,Monthly,UPI,1,0,96829.14
C106218,28.0,Other,Delhi,55,1908.16,111234.59,2.0,2,64.0,Quarterly,UPI,1,0,108368.81
C106219,45.0,Female,Bengaluru,58,1883.91,114066.45,16.0,1,91.0,Monthly,UPI,1,0,140781.47
C106220,61.0,Male,Pune,68,2758.84,192045.38,22.0,2,69.0,Annual,Bank Transfer,0,0,196401.24
C106221,29.0,Male,Chennai,37,1920.94,63476.55,24.0,1,66.0,Quarterly,Bank Transfer,0,0,96166.15
C106222,56.0,Female,Chennai,9,499.2,4979.53,27.0,4,72.0,Quarterly,Credit Card,1,1,32387.18
C106223,43.0,Male,Delhi,28,1511.55,37566.32,24.0,2,67.0,Monthly,Bank Transfer,0,0,72444.48
C106224,30.0,Female,Pune,55,1718.13,101258.14,18.0,2,87.0,Monthly,UPI,0,0,134296.35
C106225,25.0,Female,Bengaluru,46,1701.27,72865.04,9.0,4,34.0,Annual,Bank Transfer,1,0,88423.93
C106226,45.0,Female,Other,70,1659.86,102294.89,13.0,3,70.0,Monthly,Bank Transfer,0,0,117148.53
C106227,47.0,Male,Delhi,27,1369.25,32844.12,13.0,6,33.0,Monthly,Debit Card,0,0,42503.77
C106228,26.0,Male,Hyderabad,10,2616.49,23446.56,10.0,4,96.0,Monthly,UPI,0,0,77782.14
C106229,56.0,Male,Chennai,23,929.22,23353.59,1.0,2,76.0,Monthly,Bank Transfer,0,0,37947.09
C106230,48.0,Male,Chennai,21,1183.54,26348.01,15.0,3,54.0,Annual,Debit Card,0,0,48974.56
C106231,38.0,Male,Pune,45,798.19,35890.23,8.0,1,74.0,Quarterly,Credit Card,1,0,51119.33
C106232,64.0,Female,Bengaluru,3,2303.25,7588.64,16.0,2,82.0,Monthly,Debit Card,1,0,55900.16
C106233,51.0,Female,Bengaluru,59,1054.28,62860.8,6.0,4,33.0,Annual,Debit Card,0,0,63655.08
C106234,48.0,Female,Hyderabad,43,2154.69,88828.23,5.0,0,68.0,Quarterly,Bank Transfer,0,0,107360.48
C106235,69.0,Female,Bengaluru,7,1712.51,10566.56,10.0,3,81.0,Quarterly,Debit Card,1,0,49121.96
C106236,42.0,Male,Delhi,27,1626.32,47057.54,21.0,0,85.0,Monthly,Bank Transfer,0,0,76572.76
C106237,29.0,Female,Delhi,62,2058.77,141934.65,17.0,3,91.0,Monthly,UPI,0,0,128114.66
C106238,18.0,Male,Hyderabad,42,2913.25,112113.0,20.0,2,58.0,Monthly,UPI,0,0,146998.67
C106239,39.0,Male,Hyderabad,4,1005.67,4479.48,8.0,4,83.0,Quarterly,Bank Transfer,0,0,34648.27
C106240,57.0,Female,Bengaluru,62,1334.44,77378.47,15.0,9,100.0,Monthly,Credit Card,0,0,104256.38
C106241,54.0,Female,Pune,8,1024.61,8337.1,8.0,4,66.0,Annual,Credit Card,0,0,39039.48
C106242,64.0,Female,Pune,17,1925.39,30272.66,23.0,1,74.0,Monthly,Credit Card,0,0,86685.2
C106243,18.0,Male,Hyderabad,5,1468.9,6951.7,24.0,1,80.0,Monthly,Credit Card,0,0,43486.54
C106244,18.0,Male,Bengaluru,63,1333.18,93831.91,12.0,1,47.0,Annual,UPI,1,0,95772.7
C106245,59.0,Male,Chennai,9,1858.615,13182.1,25.0,0,92.0,Monthly,Credit Card,1,0,51616.36
C106246,59.0,Male,Kolkata,8,1133.21,8683.4,13.0,2,63.0,Monthly,Bank Transfer,0,0,29352.65
C106247,38.0,Male,Mumbai,7,2573.47,18461.87,26.0,1,90.0,Annual,Bank Transfer,0,0,68019.66
C106248,32.0,Female,Bengaluru,37,510.75,16876.23,7.0,1,90.0,Monthly,Debit Card,0,0,39100.79
C106249,34.0,Female,Chennai,55,2727.48,139190.62,7.0,1,66.0,Monthly,Credit Card,0,0,167142.64
C106250,39.0,Male,Chennai,67,2687.59,199251.62,19.0,2,72.0,Monthly,UPI,0,0,198591.2
C106251,55.0,Female,Delhi,8,1242.97,10819.96,9.0,3,42.0,Quarterly,Bank Transfer,0,0,38921.73
C106252,52.0,Male,Hyderabad,69,1991.36,136621.99,17.0,1,70.0,Monthly,UPI,0,0,157193.61
C106253,62.0,Female,Chennai,5,3617.86,19199.7,7.0,2,77.0,Annual,Credit Card,0,0,80051.35
C106254,33.0,Male,Delhi,17,1951.61,31841.53,7.0,2,40.0,Monthly,Credit Card,0,0,44767.38
C106255,25.0,Female,Bengaluru,58,1141.59,70786.21,22.0,1,100.0,Monthly,Credit Card,0,0,107180.44
C106256,64.0,Female,Mumbai,63,2410.76,155076.01,29.0,1,100.0,Monthly,Debit Card,1,0,171585.07
C106257,34.0,Female,Bengaluru,27,2173.97,52798.73,14.0,1,59.0,Monthly,UPI,0,0,83168.35
C106258,34.0,Male,Pune,68,1114.36,77319.98,20.0,1,76.0,Monthly,Bank Transfer,1,0,93768.97
C106259,43.0,Female,Hyderabad,28,1466.45,40190.72,14.0,3,71.0,Annual,Credit Card,0,0,53658.92
C106260,30.0,Male,Kolkata,58,1659.96,93847.11,20.0,2,67.0,Monthly,Credit Card,0,0,114087.96
C106261,34.0,Male,Hyderabad,50,2870.41,147866.81,1.0,2,25.0,Monthly,Bank Transfer,0,0,150309.55
C106262,55.0,Male,Hyderabad,67,1308.45,82346.39,10.0,3,55.0,Annual,Bank Transfer,1,0,86549.87
C106263,34.0,Female,Pune,31,1594.29,51232.03,29.0,1,98.0,Monthly,UPI,0,0,92331.6
C106264,65.0,Female,Kolkata,12,2882.97,37628.91,17.0,2,76.0,Monthly,Bank Transfer,0,0,77056.29
C106265,31.0,Male,Hyderabad,55,1484.65,88069.1,15.0,1,92.0,Monthly,Debit Card,0,0,101612.55
C106266,62.0,Female,Kolkata,4,2488.02,10073.4,18.0,3,53.0,Monthly,Wallet,1,0,67132.29
C106267,23.0,Female,Bengaluru,42,1708.73,74548.35,22.0,3,96.0,Monthly,Bank Transfer,0,0,100015.12
C106268,52.0,Female,Mumbai,54,2816.79,138467.0,1.0,4,77.0,Monthly,Bank Transfer,0,0,156545.57
C106269,63.0,Male,Hyderabad,22,2477.63,52454.41,12.0,2,56.0,Monthly,Credit Card,1,1,81361.24
C106270,31.0,Male,Chennai,1,1909.5,1739.9,6.0,0,69.0,Monthly,UPI,0,0,39066.88
C106271,64.0,Female,Chennai,48,1744.42,89940.87,29.0,1,68.0,Monthly,Credit Card,0,0,108239.21
C106272,25.0,Male,Mumbai,43,1208.11,54532.67,5.0,2,77.0,Monthly,UPI,0,0,70271.73
C106273,32.0,Female,Mumbai,20,921.29,17628.62,14.0,2,100.0,Annual,Credit Card,0,0,41849.55
C106274,44.0,Male,Chennai,18,1787.64,34750.54,19.0,0,80.0,Quarterly,UPI,1,0,63395.4
C106275,30.0,Male,Other,70,2082.89,152265.19,20.0,1,57.0,Monthly,Credit Card,1,0,154523.92
C106276,66.0,Male,Hyderabad,49,2321.12,111706.54,7.0,2,60.0,Monthly,UPI,1,0,118769.07
C106277,48.0,Male,Hyderabad,17,3263.9,57487.2,8.0,4,100.0,Quarterly,UPI,0,1,103577.97
C106278,70.0,Female,Delhi,53,912.07,50188.86,9.0,3,40.0,Quarterly,Credit Card,1,0,56709.51
C106279,52.0,Male,Hyderabad,22,1708.45,33521.54,11.0,3,55.0,Quarterly,Bank Transfer,1,0,60316.47
C106280,23.0,Female,Mumbai,10,2105.13,22586.38,12.0,2,73.0,Monthly,Credit Card,1,1,64251.31
C106281,22.0,Male,Mumbai,24,1146.78,28897.94,20.0,3,100.0,Monthly,Credit Card,0,0,56804.94
C106282,39.0,Female,Bengaluru,12,2419.1,26523.22,11.0,1,39.0,Annual,UPI,1,0,54160.89
C106283,66.0,Female,Other,4,2245.16,9492.72,16.0,8,54.0,Annual,UPI,0,0,61661.92
C106284,40.0,Female,Bengaluru,42,1550.62,71612.51,10.0,2,27.0,Monthly,Credit Card,0,0,77814.39
C106285,42.0,Female,Bengaluru,5,1066.21,5498.65,18.0,0,66.0,Annual,Debit Card,1,0,41265.9
C106286,51.0,Female,Bengaluru,26,1757.07,50748.92,17.0,5,50.0,Monthly,Debit Card,1,1,70539.61
C106287,43.0,Male,Hyderabad,59,2330.97,134245.01,13.0,1,94.0,Annual,Wallet,1,0,146981.25
C106288,64.0,Female,Bengaluru,62,627.91,39376.62,8.0,1,35.0,Monthly,Credit Card,0,0,40126.18
C106289,22.0,Female,Delhi,5,1575.98,8585.5,12.0,1,100.0,Quarterly,Credit Card,0,0,46925.48
C106290,43.0,Female,Pune,26,1584.5,39926.55,9.0,2,99.0,Quarterly,UPI,1,0,80141.23
C106291,37.0,Female,Pune,6,2394.89,12665.3,15.0,0,64.0,Monthly,UPI,1,0,66471.67
C106292,23.0,Female,Hyderabad,24,1072.1,22979.57,21.0,2,21.0,Monthly,Credit Card,0,0,45822.13
C106293,23.0,Male,Hyderabad,53,2110.84,117116.76,19.0,2,86.0,Monthly,Credit Card,0,0,127237.53
C106294,67.0,Female,Other,7,2211.43,16036.04,20.0,3,100.0,Monthly,Debit Card,1,0,61262.87
C106295,35.0,Male,Hyderabad,10,1909.73,20481.35,8.0,1,39.0,Monthly,UPI,0,1,40328.89
C106296,21.0,Male,Other,39,2378.25,83739.53,15.0,5,57.0,Monthly,Credit Card,0,0,112349.6
C106297,34.0,Female,Pune,28,3120.28,92926.36,10.0,2,74.0,Monthly,Debit Card,0,0,113077.13
C106298,31.0,Male,Kolkata,42,2419.59,108310.61,16.0,2,61.0,Quarterly,Credit Card,1,0,129025.83
C106299,31.0,Male,Chennai,62,1508.15,100406.78,20.0,2,100.0,Monthly,UPI,1,0,108676.57
C106300,30.0,Female,Hyderabad,52,2184.02,101224.53,12.0,1,70.0,Monthly,Debit Card,0,0,135195.27
C106301,24.0,Female,Mumbai,22,2553.81,60719.6,4.0,3,75.0,Quarterly,Bank Transfer,0,0,82557.41
C106302,61.0,Female,Pune,57,1298.58,80705.93,7.0,2,87.0,Monthly,UPI,0,0,87936.33
C106303,32.0,Female,Hyderabad,11,2199.03,24655.95,1.0,4,24.0,Monthly,UPI,1,1,44183.81
C106304,36.0,Female,Pune,14,1952.1,30359.23,15.0,3,79.0,Monthly,UPI,1,0,57513.59
C106305,60.0,Male,Hyderabad,31,2180.52,67838.82,11.0,2,58.0,Quarterly,UPI,1,0,103631.06
C106306,64.0,Female,Mumbai,4,901.78,3879.0,10.0,0,54.0,Monthly,Credit Card,0,0,17827.08
C106307,61.0,Male,Pune,22,1955.81,39699.18,4.0,2,55.0,Annual,Bank Transfer,0,0,56930.32
C106308,52.0,Male,Hyderabad,64,1637.14,101995.82,11.0,1,67.0,Annual,Bank Transfer,1,0,116304.33
C106309,34.0,Female,Bengaluru,61,1987.1,118718.99,14.0,1,58.0,Monthly,UPI,0,0,134532.24
C106310,52.0,Female,Hyderabad,6,2528.17,14643.82,13.0,3,71.0,Annual,Credit Card,0,0,53447.42
C106311,36.0,Male,Hyderabad,68,631.8,38954.87,21.0,3,53.0,Monthly,UPI,0,0,62169.83
C106312,37.0,Male,Hyderabad,6,2042.68,11968.36,9.0,2,90.0,Monthly,Debit Card,0,0,49008.66
C106313,53.0,Female,Hyderabad,66,2770.41,202632.13,14.0,5,66.0,Monthly,Credit Card,0,0,195984.27
C106314,44.0,Female,Bengaluru,36,2785.08,101999.46,22.0,2,97.0,Monthly,Bank Transfer,0,0,144846.01
C106315,49.0,Female,Pune,15,3082.55,51372.81,22.0,2,100.0,Annual,UPI,1,0,103865.28
C106316,65.0,Male,Kolkata,40,2348.99,98408.59,21.0,1,100.0,Quarterly,Bank Transfer,0,0,128560.64
C106317,61.0,Female,Chennai,41,2658.48,106648.63,13.0,3,69.0,Monthly,Bank Transfer,0,0,145266.78
C106318,57.0,Male,Hyderabad,7,1557.7,10428.17,14.0,4,28.0,Monthly,Debit Card,0,0,33535.27
C106319,41.0,Male,Bengaluru,22,2022.36,40208.1,13.0,2,79.0,Annual,UPI,1,0,83280.6
C106320,34.0,Female,Delhi,72,817.52,58322.86,20.0,0,77.0,Monthly,Credit Card,0,0,72060.68
C106321,44.0,Female,Delhi,11,1475.86,17523.77,9.0,5,65.0,Monthly,UPI,1,0,37525.57
C106322,60.0,Male,Other,2,2382.28,4348.76,19.0,0,84.0,Monthly,UPI,1,0,53267.68
C106323,67.0,Male,Hyderabad,30,2403.78,79502.68,8.0,1,83.0,Annual,UPI,0,0,111494.48
C106324,18.0,Female,Pune,68,399.0,28378.17,20.0,2,78.0,Monthly,Debit Card,1,0,47888.49
C106325,52.0,Male,Mumbai,53,1865.73,104004.38,19.0,3,70.0,Monthly,UPI,0,0,121366.01
C106326,49.0,Male,Kolkata,21,1500.21,32364.06,21.0,4,95.0,Monthly,UPI,1,0,70223.39
C106327,53.0,Male,Mumbai,25,1882.98,44023.97,19.0,3,100.0,Annual,UPI,1,0,91459.52
C106328,30.0,Male,Chennai,72,2757.28,188209.59,18.0,2,100.0,Monthly,Credit Card,1,0,206509.82
C106329,23.0,Male,Delhi,5,1110.39,6138.32,31.0,4,100.0,Quarterly,UPI,0,0,50711.38
C106330,31.0,Female,Pune,66,1201.51,80077.54,6.0,3,50.0,Monthly,Bank Transfer,0,0,88037.75
C106331,54.0,Female,Bengaluru,49,2939.57,138076.05,24.0,2,100.0,Quarterly,Credit Card,0,0,167842.51
C106332,65.0,Female,Hyderabad,8,1685.87,11939.51,27.0,3,64.0,Quarterly,Wallet,0,0,60286.74
C106333,32.0,Female,Chennai,27,2467.76,65091.54,13.0,1,73.0,Quarterly,Credit Card,1,0,101556.37
C106334,64.0,Female,Hyderabad,2,1915.34,3461.79,21.0,1,100.0,Quarterly,Wallet,1,0,57653.57
C106335,21.0,Female,Chennai,28,1866.28,48552.75,28.0,3,87.0,Monthly,Bank Transfer,0,0,95214.04
C106336,57.0,Female,Other,11,1481.99,17136.29,14.0,3,100.0,Annual,UPI,0,0,51595.64
C106337,33.0,Male,Mumbai,46,2532.64,104292.2,14.0,3,65.0,Quarterly,Credit Card,0,0,128932.67
C106338,45.0,Female,Delhi,21,2319.71,42963.1,9.0,3,56.0,Monthly,Credit Card,0,0,67742.74
C106339,33.0,Male,Delhi,42,1537.11,65591.69,31.0,1,93.0,Monthly,Credit Card,0,0,102680.03
C106340,21.0,Female,Pune,32,2055.77,67530.11,24.0,3,64.0,Annual,Bank Transfer,1,0,101311.76
C106341,62.0,Female,Other,32,2206.12,65595.73,8.0,2,97.0,Monthly,Credit Card,0,0,99778.75
C106342,43.0,Female,Delhi,71,1261.48,99424.53,20.0,4,61.0,Monthly,UPI,0,0,105298.07
C106343,45.0,Female,Chennai,22,966.81,22849.86,13.0,2,86.0,Annual,UPI,1,0,55208.73
C106344,49.0,Male,Bengaluru,21,1876.19,37161.2,4.0,5,78.0,Monthly,Debit Card,0,0,67830.32
C106345,62.0,Male,Bengaluru,22,1305.58,31965.74,35.0,2,100.0,Monthly,Bank Transfer,0,0,69681.9
C106346,19.0,Male,Bengaluru,34,2375.25,78459.83,10.0,4,92.0,Quarterly,UPI,0,0,109300.22
C106347,48.0,Male,Bengaluru,10,1868.77,16877.31,12.0,2,57.0,Annual,UPI,0,0,53359.49
C106348,20.0,Male,Delhi,65,946.57,61745.4,14.0,4,76.0,Monthly,UPI,0,0,74466.9
C106349,25.0,Male,Mumbai,65,1923.09,135739.61,12.0,1,65.0,Quarterly,Bank Transfer,0,0,132694.98
C106350,41.0,Male,Hyderabad,67,989.17,62112.8,15.0,1,100.0,Monthly,Credit Card,0,0,87066.95
C106351,32.0,Female,Other,43,2096.51,93991.96,23.0,2,88.0,Monthly,Debit Card,0,0,119726.01
C106352,60.0,Male,Chennai,41,681.06,28912.32,13.0,1,100.0,Annual,Wallet,1,0,53218.95
C106353,48.0,Male,Mumbai,13,2065.58,26490.2,19.0,1,100.0,Annual,Credit Card,1,0,70261.67
C106354,26.0,Male,Delhi,4,1858.615,9180.7,17.0,2,49.0,Annual,Credit Card,0,0,47582.87
C106355,56.0,Female,Mumbai,23,1269.53,29350.64,6.0,2,65.0,Annual,UPI,1,0,61768.15
C106356,62.0,Male,Bengaluru,70,2625.29,165598.33,18.0,1,80.0,Quarterly,Bank Transfer,0,0,189399.1
C106357,19.0,Female,Pune,34,795.12,25579.59,15.0,1,70.0,Monthly,Credit Card,1,0,49478.01
C106358,25.0,Male,Hyderabad,41,1999.01,75429.03,3.0,6,52.0,Monthly,Credit Card,0,0,102845.45
C106359,24.0,Female,Mumbai,18,768.76,13357.77,7.0,1,63.0,Quarterly,UPI,0,1,33654.99
C106360,61.0,Female,Bengaluru,33,1099.69,39239.73,20.0,2,90.0,Quarterly,UPI,1,0,55384.96
C106361,68.0,Male,Mumbai,25,2013.09,50744.63,32.0,3,100.0,Monthly,Credit Card,0,0,92028.65
C106362,56.0,Male,Hyderabad,52,1858.615,106733.06,16.0,3,52.0,Quarterly,Wallet,1,0,116735.41
C106363,59.0,Male,Pune,17,1897.79,34591.29,1.0,4,31.0,Quarterly,UPI,0,0,61021.81
C106364,33.0,Female,Bengaluru,51,2531.08,130604.38,18.0,1,49.0,Annual,UPI,0,0,131873.07
C106365,52.0,Male,Kolkata,3,1229.65,3464.84,4.0,1,64.0,Annual,Debit Card,1,0,24279.27
C106366,47.0,Female,Kolkata,55,808.52,41189.41,12.0,0,75.0,Monthly,Bank Transfer,0,0,70271.6
C106367,27.0,Female,Bengaluru,56,2216.19,138572.52,29.0,0,88.0,Monthly,Credit Card,0,0,150199.02
C106368,55.0,Female,Chennai,35,663.99,20990.5,10.0,1,62.0,Quarterly,UPI,0,0,38465.26
C106369,35.0,Male,Delhi,68,1010.82,75725.36,19.0,1,71.0,Monthly,Credit Card,0,0,79157.14
C106370,67.0,Male,Hyderabad,59,1970.19,121506.35,14.0,5,39.0,Annual,UPI,0,0,117800.75
C106371,22.0,Female,Hyderabad,59,1993.63,110145.97,17.0,5,68.0,Monthly,UPI,0,0,132266.65
C106372,70.0,Female,Hyderabad,13,1985.5,25302.7,2.0,0,79.0,Quarterly,Credit Card,1,0,64859.55
C106373,46.0,Female,Mumbai,62,1182.38,79223.63,17.0,2,69.0,Annual,Debit Card,0,0,96238.1
C106374,56.0,Female,Hyderabad,47,1814.61,83285.41,23.0,1,42.0,Quarterly,Credit Card,0,0,110417.22
C106375,51.0,Female,Bengaluru,3,1103.72,3151.05,6.0,4,100.0,Quarterly,Bank Transfer,0,0,34386.81
C106376,60.0,Female,Delhi,21,2285.31,44266.26,23.0,4,59.0,Annual,UPI,0,0,90864.61
C106377,62.0,Female,Hyderabad,65,2149.24,125460.29,8.0,1,72.0,Annual,Debit Card,1,0,144300.67
C106378,40.0,Male,Hyderabad,18,2615.97,52071.36,22.0,0,86.0,Annual,UPI,0,0,94410.35
C106379,22.0,Female,Kolkata,13,1647.54,22270.55,10.0,0,100.0,Quarterly,Debit Card,0,0,64077.75
C106380,47.0,Male,Delhi,71,1496.77,99228.79,7.0,2,65.0,Quarterly,Debit Card,1,0,114630.48
C106381,23.0,Male,Bengaluru,45,3173.44,144450.1,20.0,1,84.0,Annual,UPI,0,0,173230.27
C106382,63.0,Female,Hyderabad,62,599.93,40609.95,17.0,2,63.0,Monthly,Credit Card,0,1,46631.01
C106383,61.0,Male,Mumbai,30,3253.63,98226.03,4.0,2,55.0,Annual,Credit Card,1,0,124775.28
C106384,21.0,Male,Bengaluru,14,1907.16,25352.17,23.0,4,75.0,Annual,Wallet,0,0,67216.3
C106385,46.0,Male,Other,53,903.5,45381.44,6.0,6,91.0,Quarterly,Credit Card,0,0,72627.54
C106386,40.0,Female,Delhi,10,1400.06,12430.37,12.0,4,91.0,Monthly,UPI,0,0,60215.31
C106387,23.0,Female,Other,72,2326.73,148307.78,17.0,1,59.0,Monthly,UPI,0,0,178695.01
C106388,49.0,Female,Pune,31,2306.07,70650.48,9.0,5,77.0,Monthly,UPI,0,0,99111.8
C106389,59.0,Male,Mumbai,6,3133.17,18637.68,20.0,3,81.0,Monthly,UPI,0,0,72857.81
C106390,35.0,Male,Delhi,19,1907.01,38123.58,19.0,2,72.0,Monthly,Credit Card,0,0,67210.15
C106391,32.0,Male,Pune,12,2232.62,29876.36,15.0,3,44.0,Annual,Debit Card,0,0,53069.16
C106392,57.0,Male,Mumbai,64,2627.52,152235.02,1.0,1,69.0,Annual,UPI,0,0,176376.69
C106393,49.0,Female,Hyderabad,55,503.16,24366.68,23.0,1,88.0,Monthly,Credit Card,0,0,63743.86
C106394,26.0,Male,Chennai,67,1970.04,118158.22,16.0,2,68.0,Annual,UPI,1,0,142480.59
C106395,54.0,Male,Hyderabad,9,1920.21,16772.26,11.0,1,63.0,Quarterly,UPI,1,0,54990.21
C106396,27.0,Male,Delhi,6,812.68,5229.06,16.0,4,100.0,Monthly,Bank Transfer,1,0,26995.81
C106397,37.0,Male,Delhi,1,1959.48,1839.74,22.0,1,69.0,Annual,Credit Card,0,0,36478.38
C106398,23.0,Male,Other,42,1381.75,53035.22,18.0,3,97.0,Monthly,Wallet,0,0,78963.33
C106399,65.0,Female,Delhi,55,1972.77,95695.84,16.0,4,68.0,Annual,Wallet,1,0,124747.76
C106400,20.0,Female,Pune,49,2872.78,143963.16,4.0,2,67.0,Quarterly,Credit Card,0,0,149454.94
C106401,59.0,Female,Bengaluru,30,3145.26,94240.06,3.0,0,59.0,Quarterly,Debit Card,0,0,122673.91
C106402,28.0,Female,Bengaluru,35,1973.96,72138.32,14.0,3,71.0,Annual,Credit Card,1,0,81842.47
C106403,60.0,Male,Kolkata,63,2124.69,138739.32,19.0,0,51.0,Monthly,Debit Card,1,0,141724.08
C106404,44.0,Female,Pune,22,2756.18,63059.97,23.0,1,96.0,Annual,UPI,1,0,107475.67
C106405,49.0,Female,Delhi,43,2053.55,91463.62,25.0,2,68.0,Quarterly,UPI,0,0,116584.8
C106406,21.0,Male,Bengaluru,28,1055.93,27391.24,31.0,1,56.0,Annual,Credit Card,1,0,62033.99
C106407,21.0,Female,Delhi,18,1820.5,32141.5,14.0,0,94.0,Quarterly,UPI,1,0,86541.97
C106408,34.0,Female,Kolkata,32,1412.38,41930.58,18.0,1,100.0,Monthly,Bank Transfer,0,0,83780.6
C106409,58.0,Male,Bengaluru,69,2579.61,194606.16,16.0,2,74.0,Annual,UPI,0,0,181688.12
C106410,36.0,Female,Delhi,54,1858.615,76792.89,11.0,2,77.0,Monthly,Debit Card,0,0,81059.79
C106411,22.0,Female,Chennai,34,2091.49,75924.07,24.0,2,100.0,Annual,Credit Card,0,0,111801.34
C106412,49.0,Female,Hyderabad,31,2242.36,65735.42,21.0,2,58.0,Annual,UPI,1,0,101790.24
C106413,39.0,Female,Pune,4,1231.13,5311.44,14.0,3,77.0,Quarterly,UPI,1,0,31316.97
C106414,23.0,Male,Hyderabad,14,1318.34,16895.89,9.0,3,98.0,Annual,UPI,0,0,53577.13
C106415,52.0,Male,Bengaluru,15,1004.87,13275.46,6.0,4,68.0,Monthly,Credit Card,0,0,33714.25
C106416,39.0,Female,Pune,60,2881.47,192986.88,10.0,2,63.0,Monthly,UPI,1,0,176712.66
C106417,44.0,Female,Pune,20,2209.9,39313.51,18.0,2,77.0,Quarterly,Debit Card,0,0,85364.31
C106418,37.0,Female,Bengaluru,20,2042.49,38796.82,11.0,3,52.0,Annual,UPI,0,0,66011.79
C106419,39.0,Male,Other,49,2404.26,110362.8,16.0,3,100.0,Monthly,UPI,0,0,152163.88
C106420,65.0,Male,Hyderabad,68,2855.83,183031.17,12.0,7,92.0,Annual,Wallet,1,0,189085.3
C106421,28.0,Male,Other,18,1780.77,29920.84,14.0,3,85.0,Quarterly,Bank Transfer,0,0,75274.05
C106422,30.0,Male,Delhi,24,2056.4,44876.27,18.0,5,78.0,Monthly,UPI,1,0,82655.56
C106423,59.0,Male,Chennai,27,1355.25,38985.55,13.0,1,68.0,Monthly,Wallet,0,0,57711.96
C106424,20.0,Male,Hyderabad,33,2908.1,101814.96,8.0,1,54.0,Monthly,Credit Card,0,0,125065.97
C106425,26.0,Male,Bengaluru,64,1828.56,123199.29,12.0,0,51.0,Monthly,Credit Card,1,0,120995.26
C106426,29.0,Male,Hyderabad,25,1858.615,72502.18,20.0,2,100.0,Annual,Credit Card,0,0,109318.27
C106427,40.0,Male,Delhi,69,2605.35,179315.69,17.0,2,94.0,Monthly,Debit Card,0,0,174747.75
C106428,31.0,Other,Bengaluru,18,1905.36,34991.6,16.0,2,52.0,Monthly,UPI,0,0,69984.65
C106429,50.0,Female,Bengaluru,45,2538.75,101379.93,13.0,2,67.0,Quarterly,Debit Card,0,0,136804.03
C106430,35.0,Male,Pune,20,1205.73,23985.78,9.0,4,63.0,Annual,Bank Transfer,0,0,49050.65
C106431,66.0,Female,Bengaluru,35,1541.96,58533.99,4.0,2,79.0,Quarterly,UPI,0,0,77142.82
C106432,58.0,Female,Mumbai,6,2361.11,13183.96,17.0,4,96.0,Monthly,Bank Transfer,1,0,62465.58
C106433,26.0,Female,Hyderabad,9,1813.34,17134.39,14.0,2,53.0,Annual,Credit Card,0,0,63584.01
C106434,40.0,Male,Delhi,52,2584.11,121315.76,17.0,1,58.0,Monthly,UPI,0,0,146583.48
C106435,27.0,Male,Delhi,28,2068.84,52051.4,22.0,0,66.0,Monthly,UPI,0,0,86118.83
C106436,36.0,Female,Pune,19,3206.7,64422.7,8.0,5,63.0,Monthly,Debit Card,1,0,95277.35
C106437,64.0,Male,Hyderabad,63,1988.67,119504.93,1.0,4,20.0,Annual,Bank Transfer,1,0,109226.6
C106438,22.0,Female,Hyderabad,7,1800.1,12095.97,19.0,2,27.0,Quarterly,UPI,1,0,48932.05
C106439,64.0,Female,Hyderabad,37,2239.11,83878.17,24.0,3,82.0,Annual,Credit Card,0,0,121596.56
C106440,69.0,Other,Hyderabad,36,2329.48,89431.74,13.0,4,76.0,Monthly,Credit Card,0,0,109412.11
C106441,40.0,Male,Hyderabad,17,964.01,18120.15,14.0,3,71.0,Monthly,Credit Card,0,0,37533.82
C106442,47.0,Male,Mumbai,37,1812.24,63128.59,12.0,1,96.0,Monthly,Bank Transfer,1,0,98645.15
C106443,42.0,Male,Mumbai,60,1935.34,116450.48,19.0,1,39.0,Monthly,Credit Card,0,0,121401.75
C106444,45.0,Female,Pune,49,1872.71,91257.77,6.0,2,100.0,Annual,UPI,0,0,118568.8
C106445,51.0,Male,Chennai,56,1939.06,103770.97,24.0,0,76.0,Monthly,Credit Card,0,0,134956.44
C106446,62.0,Female,Mumbai,34,1361.34,49436.27,15.0,1,73.0,Monthly,UPI,0,0,73674.87
C106447,65.0,Male,Other,30,740.16,21821.12,13.0,1,79.0,Quarterly,Credit Card,1,0,47587.41
C106448,64.0,Male,Mumbai,27,1633.08,43529.77,10.0,0,47.0,Monthly,UPI,0,0,61017.0
C106449,42.0,Male,Mumbai,51,639.1,28905.23,21.0,0,67.0,Monthly,Debit Card,1,0,59724.49
C106450,27.0,Female,Other,9,1820.86,16459.26,14.0,1,100.0,Monthly,UPI,0,0,61500.97
C106451,31.0,Female,Other,20,1246.22,26989.13,26.0,1,90.0,Annual,Debit Card,0,0,65525.58
C106452,59.0,Male,Chennai,47,2389.91,106676.16,20.0,2,74.0,Monthly,Bank Transfer,0,0,134979.59
C106453,63.0,Female,Delhi,19,1672.68,35190.82,24.0,0,48.0,Annual,UPI,1,0,53295.68
C106454,47.0,Female,Mumbai,68,2633.23,181195.0,13.0,3,42.0,Quarterly,Bank Transfer,0,0,170101.8
C106455,58.0,Female,Delhi,12,1486.21,17647.39,18.0,5,64.0,Monthly,Credit Card,0,0,37987.18
C106456,42.0,Female,Other,5,2245.18,11243.55,16.0,1,75.0,Monthly,Credit Card,0,0,67592.93
C106457,31.0,Male,Bengaluru,69,2202.03,145168.29,13.0,1,94.0,Annual,UPI,0,0,171270.47
C106458,52.0,Male,Pune,25,2362.83,61836.77,7.0,4,86.0,Quarterly,Bank Transfer,0,0,96132.19
C106459,69.0,Female,Delhi,31,1834.91,60809.97,30.0,5,100.0,Monthly,Credit Card,1,0,109069.18
C106460,65.0,Male,Bengaluru,46,2644.2,107731.13,11.0,4,64.0,Monthly,Credit Card,1,0,138242.35
C106461,51.0,Male,Pune,34,1867.38,68783.52,19.0,1,49.0,Monthly,UPI,0,0,92273.11
C106462,27.0,Male,Chennai,41,2180.55,79271.92,23.0,5,63.0,Quarterly,Debit Card,0,0,109152.43
C106463,52.0,Female,Hyderabad,68,1226.06,88131.75,10.0,6,71.0,Monthly,UPI,1,0,85793.21
C106464,28.0,Male,Other,38,1858.615,102326.93,6.0,2,75.0,Annual,UPI,1,0,114774.58
C106465,44.0,Female,Chennai,46,3251.51,155355.6,18.0,1,53.0,Annual,Debit Card,1,0,172388.87
C106466,38.0,Male,Mumbai,69,1845.41,129951.58,12.0,2,61.0,Monthly,UPI,0,0,126759.29
C106467,38.0,Other,Pune,27,1295.18,38941.45,10.0,1,49.0,Monthly,Bank Transfer,1,0,57057.63
C106468,39.0,Male,Other,43,1367.27,52141.64,11.0,2,100.0,Annual,Bank Transfer,1,0,81553.03
C106469,62.0,Female,Kolkata,71,901.55,67775.34,17.0,3,91.0,Quarterly,Credit Card,0,0,81389.01
C106470,24.0,Female,Mumbai,45,1222.71,53527.81,5.0,3,60.0,Annual,UPI,1,0,58135.01
C106471,34.0,Female,Mumbai,18,1568.6,28693.2,14.0,1,63.0,Annual,Credit Card,0,0,71042.47
C106472,19.0,Male,Bengaluru,32,795.59,26247.48,7.0,2,100.0,Monthly,Bank Transfer,0,0,51750.08
C106473,29.0,Female,Chennai,2,2019.23,3696.16,25.0,3,59.0,Monthly,Debit Card,0,0,42926.03
C106474,44.0,Male,Other,41,1302.85,48531.94,13.0,1,69.0,Monthly,Bank Transfer,1,0,71970.63
C106475,35.0,Male,Delhi,20,2280.41,42275.9,23.0,3,61.0,Monthly,Credit Card,1,0,74137.02
C106476,28.0,Female,Hyderabad,58,2525.2,138546.08,22.0,2,63.0,Quarterly,Credit Card,0,0,161677.65
C106477,33.0,Female,Hyderabad,38,2048.98,75169.3,16.0,0,83.0,Quarterly,Bank Transfer,1,0,99155.85
C106478,66.0,Female,Kolkata,1,2345.02,2108.2,19.0,2,27.0,Monthly,Wallet,1,0,39872.48
C106479,68.0,Female,Pune,69,1639.55,110586.92,18.0,4,100.0,Annual,UPI,1,0,131255.71
C106480,35.0,Male,Mumbai,54,786.76,46782.74,22.0,2,92.0,Monthly,Credit Card,1,0,68696.62
C106481,52.0,Female,Mumbai,14,717.71,10632.05,14.0,2,68.0,Monthly,Credit Card,0,0,29635.28
C106482,70.0,Male,Bengaluru,25,1515.54,39990.31,16.0,2,49.0,Monthly,UPI,0,0,61410.69
C106483,43.0,Female,Pune,9,1809.84,15754.79,8.0,2,20.0,Quarterly,UPI,1,0,35931.46
C106484,33.0,Female,Mumbai,61,1734.78,108345.7,9.0,1,64.0,Quarterly,Bank Transfer,0,0,112744.53
C106485,23.0,Female,Delhi,52,1958.82,96318.81,20.0,4,64.0,Monthly,Credit Card,0,0,119286.78
C106486,61.0,Male,Bengaluru,8,2393.12,18621.0,18.0,1,69.0,Quarterly,Debit Card,1,0,58439.83
C106487,60.0,Female,Chennai,16,2828.66,43950.52,8.0,2,68.0,Monthly,UPI,0,0,94743.08
C106488,64.0,Male,Hyderabad,8,2186.68,18651.96,15.0,1,91.0,Monthly,Credit Card,0,0,55814.21
C106489,64.0,Male,Other,23,2026.95,46863.11,5.0,0,81.0,Quarterly,Debit Card,0,0,70973.19
C106490,65.0,Male,Other,34,1532.19,50804.21,4.0,3,72.0,Monthly,UPI,0,0,78544.68
C106491,59.0,Female,Pune,18,1858.615,13876.69,16.0,4,100.0,Monthly,UPI,0,0,43202.14
C106492,29.0,Male,Other,44,1415.51,68565.35,11.0,4,66.0,Monthly,Debit Card,0,0,83547.2
C106493,30.0,Male,Delhi,15,1642.02,23779.2,17.0,2,77.0,Monthly,Bank Transfer,1,0,59961.65
C106494,21.0,Male,Bengaluru,15,835.48,12034.6,12.0,0,100.0,Annual,Debit Card,0,0,44130.19
C106495,56.0,Male,Pune,23,1629.13,36252.89,10.0,2,100.0,Annual,Credit Card,1,0,72394.25
C106496,19.0,Female,Bengaluru,65,2829.31,173171.55,15.0,1,82.0,Annual,Credit Card,1,0,207377.07
C106497,43.0,Female,Chennai,71,1760.37,135050.15,20.0,3,71.0,Monthly,Wallet,1,0,154875.06
C106498,44.0,Male,Bengaluru,32,2279.46,76355.93,11.0,3,99.0,Annual,UPI,1,0,99383.88
C106499,44.0,Female,Chennai,32,1858.615,89220.3,24.0,2,79.0,Monthly,UPI,1,0,121424.94
C106500,32.0,Female,Delhi,33,2116.23,69973.67,8.0,4,61.0,Annual,Bank Transfer,0,0,86744.65
C106501,25.0,Female,Hyderabad,43,2088.58,83595.81,8.0,3,65.0,Annual,UPI,0,0,113583.65
C106502,24.0,Female,Hyderabad,13,2119.06,27176.27,9.0,2,91.0,Monthly,Credit Card,0,0,60586.66
C106503,64.0,Male,Delhi,9,3612.95,35234.23,10.0,1,69.0,Monthly,Credit Card,0,0,81883.24
C106504,63.0,Male,Pune,62,1858.615,118173.08,8.0,3,64.0,Quarterly,Wallet,0,0,113709.78
C106505,57.0,Male,Mumbai,57,1723.12,98963.56,13.0,5,53.0,Monthly,UPI,0,0,105509.66
C106506,29.0,Male,Hyderabad,48,2164.8,111581.94,15.0,2,72.0,Monthly,Debit Card,0,0,109892.35
C106507,30.0,Female,Chennai,43,2241.9,95194.14,11.0,3,83.0,Monthly,Wallet,0,0,120616.96
C106508,44.0,Female,Pune,67,1708.02,122715.86,14.0,1,88.0,Quarterly,Debit Card,1,0,126625.72
C106509,34.0,Male,Delhi,32,1828.21,59234.12,21.0,0,46.0,Monthly,UPI,0,0,82856.15
C106510,34.0,Male,Hyderabad,60,1967.79,112090.15,18.0,3,80.0,Annual,UPI,1,0,140924.18
C106511,53.0,Female,Other,1,2293.25,2354.21,23.0,1,100.0,Monthly,UPI,0,0,65160.48
C106512,38.0,Female,Bengaluru,57,545.04,32589.97,14.0,6,26.0,Monthly,UPI,0,0,30967.48
C106513,25.0,Female,Bengaluru,69,2677.8,193209.02,14.0,3,82.0,Monthly,Credit Card,0,0,195461.34
C106514,22.0,Male,Chennai,69,2149.34,156391.31,26.0,2,98.0,Annual,Bank Transfer,1,0,172279.43
C106515,43.0,Female,Bengaluru,68,399.0,29686.81,21.0,6,100.0,Quarterly,Bank Transfer,1,0,43277.29
C106516,33.0,Male,Other,61,399.0,22343.94,22.0,3,95.0,Monthly,Debit Card,0,0,51731.37
C106517,53.0,Male,Hyderabad,8,1746.44,14659.51,29.0,5,73.0,Quarterly,UPI,1,0,47282.91
C106518,45.0,Male,Bengaluru,7,512.0,3893.5,8.0,2,41.0,Monthly,Debit Card,0,0,32076.66
C106519,46.0,Female,Chennai,37,3006.88,107852.67,3.0,5,70.0,Annual,Bank Transfer,0,0,133915.26
C106520,64.0,Female,Mumbai,42,3241.36,132921.01,17.0,2,85.0,Monthly,UPI,0,0,167887.88
C106521,29.0,Female,Hyderabad,32,899.36,26606.17,16.0,2,59.0,Monthly,UPI,0,0,50054.34
C106522,54.0,Female,Hyderabad,17,1155.52,19981.92,8.0,3,72.0,Quarterly,UPI,0,0,49928.35
C106523,47.0,Male,Bengaluru,28,1441.97,44693.96,17.0,3,64.0,Monthly,Credit Card,0,0,57486.08
C106524,40.0,Male,Mumbai,70,1813.21,117905.46,14.0,1,80.0,Quarterly,Credit Card,1,0,146029.45
C106525,33.0,Male,Pune,48,1951.04,100638.55,17.0,2,70.0,Quarterly,Debit Card,1,0,116488.57
C106526,31.0,Female,Delhi,54,1407.32,70816.82,20.0,0,43.0,Annual,UPI,1,0,94672.01
C106527,27.0,Female,Mumbai,42,2923.41,112307.1,21.0,0,83.0,Annual,Debit Card,0,0,154696.52
C106528,24.0,Other,Chennai,36,2258.88,83124.95,20.0,2,95.0,Quarterly,Credit Card,0,0,107483.06
C106529,62.0,Female,Kolkata,66,2580.27,175847.75,1.0,1,86.0,Monthly,Credit Card,0,0,189425.67
C106530,69.0,Female,Chennai,31,2050.07,67721.58,19.0,3,69.0,Annual,Credit Card,0,0,85172.08
C106531,54.0,Female,Bengaluru,65,2976.22,196013.04,8.0,3,78.0,Annual,Credit Card,0,0,209847.83
C106532,46.0,Female,Delhi,3,1978.18,5802.32,14.0,2,44.0,Annual,Wallet,0,0,49512.24
C106533,20.0,Female,Delhi,13,1144.76,13620.8,18.0,7,100.0,Annual,UPI,0,0,56800.74
C106534,32.0,Female,Chennai,31,2782.84,85287.89,22.0,0,42.0,Annual,Credit Card,0,0,113495.07
C106535,53.0,Female,Hyderabad,29,1858.615,33702.53,12.0,4,23.0,Monthly,Debit Card,1,0,35445.91
C106536,64.0,Female,Hyderabad,57,1542.29,97034.37,15.0,5,98.0,Monthly,UPI,1,0,106154.76
C106537,63.0,Male,Pune,33,1243.22,42801.24,12.0,3,97.0,Monthly,Wallet,0,0,80593.39
C106538,69.0,Male,Hyderabad,53,2954.49,168286.73,14.0,3,72.0,Annual,Credit Card,0,0,183368.75
C106539,36.0,Male,Mumbai,10,1494.21,15623.34,14.0,3,72.0,Monthly,Credit Card,1,0,52805.14
C106540,30.0,Male,Hyderabad,63,1993.13,117608.68,20.0,0,94.0,Quarterly,UPI,0,0,148628.76
C106541,59.0,Female,Bengaluru,65,2759.05,194176.37,24.0,2,65.0,Annual,Bank Transfer,0,0,199059.24
C106542,38.0,Male,Bengaluru,2,1626.08,3453.4,5.0,0,81.0,Annual,Credit Card,1,0,42495.91
C106543,54.0,Male,Hyderabad,2,2063.59,3843.39,22.0,1,53.0,Quarterly,Credit Card,1,0,39669.08
C106544,44.0,Male,Hyderabad,69,1588.82,109777.73,22.0,3,64.0,Monthly,Credit Card,0,0,130300.17
C106545,69.0,Female,Delhi,37,1940.21,79267.7,17.0,1,100.0,Monthly,Debit Card,1,0,103476.18
C106546,46.0,Male,Mumbai,2,2058.0,4294.01,35.0,3,85.0,Annual,Debit Card,0,0,62153.89
C106547,37.0,Male,Pune,61,2698.69,180450.04,13.0,3,67.0,Annual,Bank Transfer,0,0,177209.8
C106548,42.0,Male,Hyderabad,40,1974.09,74414.28,11.0,6,82.0,Annual,Wallet,0,0,102162.09
C106549,23.0,Male,Kolkata,63,2040.81,138662.54,33.0,3,100.0,Annual,Debit Card,0,0,156059.82
C106550,53.0,Female,Other,25,2992.1,69047.53,2.0,4,100.0,Monthly,Bank Transfer,0,0,102459.52
C106551,19.0,Male,Hyderabad,38,900.58,36480.29,5.0,1,63.0,Quarterly,Credit Card,0,0,56296.79
C106552,39.0,Female,Other,37,2248.83,86412.17,21.0,0,50.0,Monthly,UPI,0,0,96367.14
C106553,49.0,Female,Bengaluru,27,3260.66,94577.65,17.0,3,94.0,Annual,Bank Transfer,0,0,131352.65
C106554,33.0,Female,Delhi,50,1724.8,91533.83,6.0,4,35.0,Monthly,Debit Card,0,0,94674.45
C106555,35.0,Male,Bengaluru,34,942.88,31810.66,21.0,1,76.0,Monthly,Credit Card,0,0,73805.13
C106556,22.0,Male,Mumbai,44,1651.74,79759.8,13.0,1,50.0,Annual,Debit Card,1,0,81861.05
C106557,53.0,Male,Mumbai,72,1627.94,114141.39,1.0,2,66.0,Quarterly,UPI,1,0,119403.4
C106558,47.0,Male,Bengaluru,4,3024.25,11905.13,19.0,2,54.0,Annual,Bank Transfer,1,0,66473.19
C106559,62.0,Female,Delhi,52,793.15,43825.46,21.0,2,63.0,Quarterly,UPI,1,0,62460.15
C106560,36.0,Male,Mumbai,55,2075.46,122593.45,6.0,2,49.0,Monthly,Credit Card,0,0,111845.48
C106561,40.0,Male,Mumbai,12,847.47,9768.29,5.0,6,6.0,Monthly,UPI,1,1,13248.04
C106562,51.0,Female,Other,14,1710.67,24169.78,1.0,5,49.0,Annual,Bank Transfer,0,0,37848.48
C106563,30.0,Female,Other,35,2566.83,83257.12,15.0,2,100.0,Quarterly,UPI,0,0,141540.53
C106564,60.0,Male,Other,6,2442.13,13134.06,11.0,2,88.0,Annual,Credit Card,1,0,61851.75
C106565,46.0,Male,Kolkata,47,1858.615,93827.33,10.0,0,83.0,Monthly,Bank Transfer,1,0,113302.67
C106566,53.0,Male,Bengaluru,23,2454.51,62476.0,22.0,3,44.0,Monthly,Bank Transfer,1,0,81727.76
C106567,39.0,Female,Bengaluru,68,2047.73,131484.23,11.0,2,57.0,Annual,Debit Card,1,0,144343.01
C106568,69.0,Female,Bengaluru,65,1902.95,110049.66,5.0,1,68.0,Monthly,Debit Card,0,0,132726.91
C106569,69.0,Female,Other,59,1725.63,105366.01,13.0,5,100.0,Monthly,UPI,0,0,122000.9
C106570,64.0,Female,Hyderabad,9,2089.55,18260.85,16.0,4,25.0,Monthly,Wallet,0,0,65375.2
C106571,53.0,Female,Bengaluru,58,2060.11,126384.22,7.0,2,67.0,Quarterly,Bank Transfer,1,0,133407.75
C106572,26.0,Male,Hyderabad,48,2850.8,128927.57,7.0,2,31.0,Monthly,Bank Transfer,0,0,152591.75
C106573,56.0,Male,Bengaluru,63,801.62,53009.09,22.0,2,81.0,Quarterly,Credit Card,0,0,71181.14
C106574,68.0,Female,Bengaluru,9,1965.87,19227.44,3.0,4,71.0,Annual,Bank Transfer,0,0,42501.22
C106575,36.0,Female,Delhi,44,1667.09,73306.04,8.0,3,66.0,Monthly,UPI,0,0,92627.17
C106576,55.0,Male,Hyderabad,46,2658.13,135620.53,8.0,5,100.0,Monthly,Bank Transfer,0,0,147385.37
C106577,23.0,Female,Mumbai,15,1215.75,19563.64,15.0,6,19.0,Monthly,UPI,0,0,45605.2
C106578,69.0,Female,Pune,53,1600.68,83614.71,18.0,1,55.0,Monthly,Bank Transfer,0,0,113723.26
C106579,64.0,Male,Pune,48,1821.73,83966.62,16.0,1,64.0,Monthly,Credit Card,0,0,112161.09
C106580,32.0,Female,Hyderabad,72,2102.93,169330.79,15.0,2,55.0,Quarterly,UPI,0,0,157871.56
C106581,37.0,Male,Kolkata,42,1686.24,78165.11,29.0,1,53.0,Monthly,Credit Card,0,0,91205.14
C106582,26.0,Male,Pune,17,1442.39,25882.29,13.0,4,33.0,Monthly,Credit Card,0,0,34213.35
C106583,49.0,Male,Hyderabad,35,1365.05,46108.49,4.0,0,75.0,Quarterly,UPI,1,0,61888.78
C106584,21.0,Female,Delhi,31,1338.72,37456.92,19.0,3,87.0,Annual,UPI,0,0,80662.44
C106585,67.0,Female,Delhi,4,1209.5,4411.35,14.0,2,29.0,Monthly,UPI,1,0,42600.06
C106586,35.0,Male,Mumbai,48,1562.6,79672.81,14.0,2,100.0,Quarterly,Credit Card,0,0,104974.1
C106587,22.0,Female,Hyderabad,14,1320.65,19164.7,13.0,0,66.0,Monthly,Credit Card,1,0,51651.97
C106588,37.0,Female,Mumbai,25,3083.15,72672.8,17.0,4,56.0,Monthly,Credit Card,1,0,103844.44
C106589,40.0,Female,Pune,46,2088.66,86477.87,25.0,4,88.0,Quarterly,Debit Card,0,0,123909.03
C106590,28.0,Male,Bengaluru,48,1132.33,60709.54,26.0,2,65.0,Quarterly,UPI,0,0,67634.79
C106591,54.0,Female,Delhi,40,2082.76,87107.66,29.0,0,100.0,Quarterly,Debit Card,1,0,119200.74
C106592,39.0,Male,Bengaluru,50,784.14,34582.92,20.0,1,83.0,Monthly,Wallet,1,0,73201.52
C106593,21.0,Male,Mumbai,7,2871.17,18455.03,26.0,1,93.0,Annual,Credit Card,1,0,77163.11
C106594,46.0,Male,Chennai,60,1494.82,92407.86,19.0,2,54.0,Monthly,Credit Card,1,0,97843.36
C106595,61.0,Male,Bengaluru,35,2513.85,80186.07,12.0,2,95.0,Monthly,UPI,0,0,127048.99
C106596,51.0,Female,Pune,63,1842.83,112473.95,28.0,2,100.0,Quarterly,Bank Transfer,1,0,140989.59
C106597,30.0,Male,Pune,20,1977.76,41134.69,12.0,1,55.0,Monthly,Credit Card,1,0,62934.04
C106598,59.0,Male,Bengaluru,16,1879.49,26488.78,12.0,3,54.0,Monthly,Bank Transfer,0,0,54452.79
C106599,26.0,Female,Chennai,22,399.0,7730.21,19.0,2,29.0,Monthly,UPI,0,0,24578.77
C106600,59.0,Female,Delhi,36,2145.43,74789.92,15.0,2,33.0,Quarterly,Bank Transfer,0,0,99988.01
C106601,48.0,Female,Pune,19,1178.61,24993.01,7.0,3,78.0,Monthly,Wallet,1,0,50831.81
C106602,24.0,Male,Delhi,2,1811.59,3361.06,24.0,3,61.0,Quarterly,Credit Card,0,0,40949.29
C106603,21.0,Female,Mumbai,68,2408.7,161624.8,12.0,4,91.0,Annual,UPI,0,0,180121.9
C106604,36.0,Male,Other,7,2968.78,21676.15,23.0,5,100.0,Annual,Bank Transfer,1,0,65394.18
C106605,59.0,Other,Pune,47,2511.03,114687.78,15.0,0,64.0,Monthly,Bank Transfer,0,0,133411.57
C106606,47.0,Female,Hyderabad,49,1109.98,55673.88,15.0,3,97.0,Quarterly,UPI,0,0,85639.82
C106607,48.0,Female,Mumbai,43,924.77,35401.17,11.0,3,79.0,Monthly,Wallet,0,0,65955.58
C106608,52.0,Male,Chennai,32,2142.29,68804.79,19.0,1,72.0,Annual,UPI,1,0,103081.82
C106609,38.0,Male,Pune,17,2417.29,39031.06,12.0,6,25.0,Annual,UPI,0,1,53957.27
C106610,48.0,Male,Hyderabad,14,2264.43,34945.76,35.0,2,83.0,Monthly,Credit Card,0,0,86448.91
C106611,36.0,Male,Chennai,32,2378.58,76630.88,22.0,3,100.0,Quarterly,UPI,1,0,116717.02
C106612,48.0,Male,Bengaluru,60,1712.67,98594.64,22.0,4,47.0,Annual,Debit Card,1,0,113871.95
C106613,70.0,Female,Hyderabad,60,1882.8,106551.48,6.0,1,85.0,Monthly,Debit Card,0,0,136557.87
C106614,49.0,Male,Bengaluru,52,997.94,46778.7,21.0,2,83.0,Quarterly,Wallet,0,0,75487.15
C106615,19.0,Female,Delhi,66,2891.38,195041.27,19.0,2,99.0,Annual,Bank Transfer,1,0,208418.11
C106616,69.0,Male,Bengaluru,4,2814.65,10399.62,10.0,0,64.0,Annual,Debit Card,1,0,52594.35
C106617,27.0,Male,Mumbai,63,1732.6,119709.01,30.0,2,90.0,Monthly,Debit Card,1,0,133799.85
C106618,19.0,Female,Mumbai,33,1568.65,57252.53,7.0,2,31.0,Annual,UPI,0,0,81014.36
C106619,19.0,Female,Mumbai,1,1092.36,1082.96,10.0,5,87.0,Quarterly,Bank Transfer,0,0,21251.73
C106620,41.0,Male,Mumbai,64,1954.72,121237.87,15.0,1,79.0,Monthly,Credit Card,0,0,143232.02
C106621,34.0,Male,Hyderabad,37,1106.19,40164.43,25.0,2,60.0,Quarterly,UPI,0,0,55003.79
C106622,49.0,Female,Hyderabad,70,2247.77,150645.31,11.0,2,51.0,Monthly,Bank Transfer,0,0,164092.42
C106623,33.0,Male,Pune,7,1844.27,14214.18,7.0,4,21.0,Monthly,UPI,0,0,33295.13
C106624,33.0,Male,Mumbai,24,1871.06,49715.22,11.0,1,64.0,Annual,UPI,0,0,66029.37
C106625,63.0,Female,Delhi,68,2561.03,169537.34,10.0,3,84.0,Annual,UPI,0,0,186430.8
C106626,56.0,Male,Mumbai,55,873.76,52375.64,16.0,2,62.0,Annual,UPI,1,0,69002.33
C106627,70.0,Male,Hyderabad,3,2086.97,6452.43,10.0,1,82.0,Monthly,Wallet,0,0,44721.58
C106628,48.0,Female,Pune,23,1785.46,44389.32,11.0,0,43.0,Monthly,Bank Transfer,0,0,73321.69
C106629,60.0,Female,Hyderabad,36,1903.72,68879.95,13.0,1,72.0,Annual,Debit Card,0,0,85843.69
C106630,41.0,Male,Other,57,2512.44,130044.13,6.0,5,67.0,Annual,Credit Card,0,0,155502.7
C106631,18.0,Female,Hyderabad,48,2912.04,137542.02,23.0,3,91.0,Annual,Debit Card,0,0,175129.35
C106632,28.0,Male,Mumbai,13,1938.73,25246.42,14.0,4,100.0,Monthly,Credit Card,0,0,61912.78
C106633,38.0,Female,Hyderabad,61,2368.74,151665.98,10.0,4,67.0,Annual,Credit Card,0,0,155293.92
C106634,21.0,Female,Kolkata,24,1770.35,45383.02,15.0,2,66.0,Annual,Bank Transfer,0,0,71322.87
C106635,24.0,Male,Other,43,1369.77,53456.31,18.0,2,61.0,Monthly,UPI,0,0,91325.82
C106636,43.0,Male,Hyderabad,33,1975.61,67566.56,13.0,0,87.0,Monthly,Credit Card,0,0,89014.82
C106637,64.0,Male,Bengaluru,24,1826.78,43834.82,10.0,3,100.0,Annual,Bank Transfer,0,0,77155.77
C106638,67.0,Female,Hyderabad,22,1566.47,34878.88,16.0,2,64.0,Monthly,Bank Transfer,0,0,56176.67
C106639,29.0,Female,Pune,52,2784.28,133615.1,3.0,5,53.0,Monthly,Wallet,1,0,151383.3
C106640,48.0,Male,Bengaluru,6,2644.15,14339.78,16.0,0,74.0,Monthly,Bank Transfer,0,0,75169.89
C106641,34.0,Male,Mumbai,19,992.07,17982.63,14.0,2,73.0,Monthly,Credit Card,1,0,39784.46
C106642,50.0,Male,Hyderabad,29,2421.76,66712.37,20.0,4,57.0,Monthly,UPI,0,0,103704.19
C106643,28.0,Male,Delhi,64,2284.6,139442.94,15.0,3,100.0,Monthly,Credit Card,1,0,166241.92
C106644,45.0,Male,Mumbai,14,1929.44,30230.06,19.0,1,47.0,Monthly,UPI,0,0,67884.84
C106645,49.0,Female,Delhi,30,2757.98,83500.17,6.0,2,33.0,Annual,Credit Card,1,0,86068.83
C106646,18.0,Female,Pune,71,2811.05,218890.29,28.0,2,49.0,Monthly,Wallet,1,0,203290.91
C106647,64.0,Female,Hyderabad,21,2299.91,50232.0,17.0,2,73.0,Monthly,Wallet,1,0,85204.99
C106648,45.0,Female,Mumbai,65,1561.92,91523.83,5.0,2,69.0,Monthly,UPI,1,0,113539.62
C106649,70.0,Female,Delhi,4,1858.615,6937.77,5.0,0,42.0,Annual,UPI,1,0,35335.59
C106650,59.0,Female,Mumbai,46,1460.67,68351.27,14.0,2,100.0,Monthly,Bank Transfer,0,0,98155.26
C106651,24.0,Female,Hyderabad,8,2045.7,17306.24,15.0,2,59.0,Monthly,Debit Card,0,0,53561.72
C106652,19.0,Male,Pune,18,2610.44,48630.49,26.0,2,26.0,Monthly,UPI,0,0,83851.54
C106653,59.0,Male,Other,60,1238.52,80220.19,19.0,2,72.0,Annual,Credit Card,1,0,93945.18
C106654,41.0,Male,Other,45,2386.15,112240.28,14.0,4,92.0,Quarterly,Wallet,1,0,135436.8
C106655,21.0,Female,Pune,72,2731.2,174024.68,10.0,2,29.0,Monthly,Bank Transfer,0,0,190660.9
C106656,61.0,Female,Chennai,31,1003.83,27968.38,9.0,6,87.0,Annual,UPI,1,0,43613.23
C106657,36.0,Male,Bengaluru,28,1550.7,45267.95,10.0,2,56.0,Monthly,UPI,1,0,57337.79
C106658,43.0,Female,Hyderabad,64,1025.23,66745.11,10.0,1,82.0,Monthly,Debit Card,0,0,65104.54
C106659,28.0,Female,Chennai,37,2078.64,71576.02,6.0,2,92.0,Quarterly,Credit Card,0,0,104248.81
C106660,57.0,Male,Hyderabad,67,1256.18,79637.72,11.0,3,100.0,Monthly,Credit Card,1,0,100290.15
C106661,67.0,Male,Bengaluru,68,1152.38,75891.53,26.0,1,45.0,Quarterly,Credit Card,0,0,92470.98
C106662,60.0,Male,Kolkata,35,2640.92,93245.61,13.0,0,100.0,Monthly,Debit Card,1,0,134993.38
C106663,28.0,Male,Other,36,1439.17,58014.41,12.0,1,93.0,Annual,Credit Card,0,0,79970.34
C106664,62.0,Female,Other,57,1993.93,126135.45,13.0,0,43.0,Monthly,UPI,0,0,122530.26
C106665,20.0,Female,Hyderabad,70,1776.55,123353.09,14.0,6,31.0,Monthly,UPI,0,0,127300.15
C106666,29.0,Female,Kolkata,4,1451.91,6120.53,17.0,2,58.0,Quarterly,Bank Transfer,0,0,45001.6
C106667,20.0,Female,Hyderabad,49,1982.97,89694.18,22.0,4,100.0,Annual,UPI,1,0,119551.16
C106668,59.0,Female,Mumbai,39,1670.94,62730.52,9.0,2,75.0,Monthly,UPI,1,0,95896.19
C106669,44.0,Female,Delhi,18,2514.12,49707.21,11.0,2,51.0,Quarterly,Bank Transfer,0,1,75819.82
C106670,66.0,Female,Chennai,60,2455.91,134396.11,7.0,4,71.0,Quarterly,Bank Transfer,0,0,154330.55
C106671,19.0,Female,Other,10,2319.6,25161.68,23.0,2,100.0,Annual,Credit Card,0,0,84171.0
C106672,66.0,Female,Bengaluru,23,2757.4,56641.57,27.0,3,81.0,Monthly,UPI,0,0,105157.08
C106673,33.0,Male,Mumbai,68,2233.66,144482.68,15.0,4,58.0,Quarterly,Debit Card,0,0,154681.26
C106674,19.0,Female,Hyderabad,59,1313.19,73167.45,15.0,2,71.0,Quarterly,UPI,0,0,91818.99
C106675,47.0,Male,Pune,7,1398.9,10016.11,16.0,2,48.0,Monthly,Bank Transfer,0,0,47029.75
C106676,37.0,Female,Chennai,13,3129.23,38017.25,10.0,1,53.0,Monthly,Credit Card,0,0,86119.46
C106677,55.0,Male,Delhi,3,2332.57,6494.45,11.0,2,72.0,Monthly,Credit Card,0,0,47030.38
C106678,45.0,Male,Delhi,40,2161.69,88836.48,16.0,4,76.0,Annual,Credit Card,1,0,114627.84
C106679,42.0,Female,Delhi,11,2179.19,26493.16,20.0,2,64.0,Annual,Bank Transfer,0,0,63311.61
C106680,49.0,Male,Mumbai,51,1843.18,82803.69,11.0,2,44.0,Monthly,Debit Card,1,0,106600.23
C106681,27.0,Male,Bengaluru,23,3336.42,84897.06,29.0,2,88.0,Monthly,Debit Card,0,0,134406.96
C106682,59.0,Male,Delhi,32,1282.84,39324.45,9.0,0,69.0,Quarterly,Debit Card,0,0,73160.24
C106683,57.0,Female,Other,41,2364.87,89968.56,12.0,4,32.0,Quarterly,Credit Card,0,0,111776.42
C106684,50.0,Female,Pune,42,2599.41,107310.08,18.0,1,45.0,Monthly,Credit Card,0,0,135829.89
C106685,30.0,Female,Hyderabad,38,1358.21,57772.19,5.0,3,66.0,Monthly,Bank Transfer,0,0,77535.86
C106686,58.0,Female,Hyderabad,67,1561.43,106358.42,9.0,0,100.0,Annual,Credit Card,1,0,128108.43
C106687,59.0,Male,Mumbai,72,851.8,67434.13,12.0,0,43.0,Monthly,Bank Transfer,1,0,57902.52
C106688,64.0,Male,Pune,72,1171.16,88226.47,16.0,2,20.0,Monthly,Wallet,0,0,87934.01
C106689,54.0,Male,Bengaluru,42,2331.87,100740.24,27.0,0,81.0,Quarterly,UPI,1,0,137070.23
C106690,33.0,Female,Delhi,43,1977.08,77947.0,16.0,1,100.0,Annual,Debit Card,0,0,126005.62
C106691,62.0,Female,Other,33,2219.29,72016.92,13.0,0,52.0,Quarterly,UPI,0,0,100495.69
C106692,39.0,Male,Chennai,37,2340.71,86990.76,18.0,5,71.0,Monthly,Credit Card,0,0,101762.97
C106693,37.0,Male,Bengaluru,57,2042.19,125199.55,19.0,4,100.0,Annual,Bank Transfer,1,0,145971.31
C106694,67.0,Male,Kolkata,64,1210.35,82822.86,13.0,4,100.0,Monthly,Debit Card,0,0,84997.4
C106695,60.0,Female,Chennai,64,2205.24,154169.15,18.0,4,30.0,Monthly,Debit Card,1,0,135568.57
C106696,44.0,Male,Chennai,60,399.0,25834.03,17.0,1,73.0,Monthly,Credit Card,1,0,37750.13
C106697,58.0,Male,Bengaluru,52,2593.63,146378.69,11.0,2,80.0,Monthly,Wallet,0,0,147194.23
C106698,33.0,Male,Chennai,72,399.0,25306.54,13.0,3,44.0,Quarterly,Bank Transfer,0,0,44935.33
C106699,51.0,Female,Delhi,68,987.84,61991.57,19.0,5,91.0,Monthly,UPI,0,0,78216.25
C106700,49.0,Female,Chennai,27,1543.86,37708.67,21.0,1,100.0,Monthly,Wallet,1,0,80977.85
C106701,43.0,Male,Bengaluru,59,1043.63,55834.05,8.0,3,74.0,Monthly,Wallet,1,0,84492.25
C106702,42.0,Female,Pune,19,856.47,14733.39,20.0,1,79.0,Annual,Credit Card,1,0,42392.05
C106703,19.0,Female,Hyderabad,3,2116.83,6296.26,19.0,3,41.0,Annual,Bank Transfer,0,0,46799.6
C106704,29.0,Female,Hyderabad,39,1488.85,57035.64,11.0,5,42.0,Monthly,UPI,0,0,69851.87
C106705,57.0,Male,Delhi,66,1716.8,110834.6,25.0,3,99.0,Annual,UPI,0,0,122294.75
C106706,26.0,Female,Kolkata,56,1897.24,98887.59,25.0,1,100.0,Annual,Credit Card,0,0,141377.26
C106707,29.0,Female,Bengaluru,6,919.22,5424.66,13.0,5,68.0,Monthly,Wallet,0,1,22954.6
C106708,43.0,Male,Hyderabad,28,2490.0,63528.35,11.0,1,37.0,Annual,Debit Card,1,0,89252.21
C106709,26.0,Female,Delhi,48,1211.0,62072.45,13.0,1,75.0,Quarterly,UPI,0,0,71927.3
C106710,27.0,Male,Delhi,48,2357.41,121506.11,16.0,3,88.0,Annual,Credit Card,0,0,137564.06
C106711,49.0,Male,Chennai,67,1935.0,140308.57,4.0,1,44.0,Annual,Debit Card,0,0,135004.54
C106712,51.0,Male,Hyderabad,54,1937.01,116997.83,10.0,1,36.0,Annual,UPI,0,1,107251.45
C106713,65.0,Male,Hyderabad,16,1540.04,21897.92,15.0,4,78.0,Monthly,Debit Card,0,0,66041.21
C106714,37.0,Male,Pune,35,2366.33,84204.24,22.0,2,67.0,Quarterly,Debit Card,0,0,109894.55
C106715,56.0,Male,Chennai,30,2530.51,71224.86,9.0,5,77.0,Monthly,Credit Card,0,0,110623.95
C106716,19.0,Female,Pune,48,2470.33,115799.59,7.0,0,72.0,Monthly,Debit Card,0,0,135228.68
C106717,18.0,Female,Mumbai,69,1656.29,123425.97,16.0,3,98.0,Monthly,UPI,1,0,120644.34
C106718,68.0,Male,Mumbai,8,1810.82,13555.88,9.0,3,79.0,Monthly,Wallet,1,0,53465.85
C106719,53.0,Female,Other,51,1540.3,85785.73,18.0,0,52.0,Annual,Debit Card,1,0,87337.53
C106720,41.0,Female,Hyderabad,10,1719.11,18247.92,14.0,3,74.0,Annual,UPI,0,0,55246.8
C106721,44.0,Male,Mumbai,28,1263.62,33985.38,9.0,1,60.0,Annual,Wallet,0,0,54574.19
C106722,19.0,Male,Hyderabad,36,1413.01,48544.73,16.0,1,70.0,Monthly,UPI,0,0,71481.58
C106723,48.0,Female,Bengaluru,60,1992.09,113336.23,24.0,0,100.0,Quarterly,Credit Card,1,1,152007.21
C106724,31.0,Female,Hyderabad,10,1738.41,15517.16,8.0,3,60.0,Quarterly,Wallet,0,0,48671.32
C106725,19.0,Male,Hyderabad,14,1445.08,18016.01,17.0,5,65.0,Monthly,Bank Transfer,0,0,54035.16
C106726,46.0,Male,Other,63,2408.02,140500.59,11.0,1,63.0,Monthly,Credit Card,0,0,157177.67
C106727,32.0,Female,Mumbai,47,1169.76,58119.56,13.0,1,47.0,Monthly,Credit Card,1,0,72308.15
C106728,29.0,Other,Kolkata,69,2066.24,151134.11,12.0,0,58.0,Annual,Bank Transfer,1,0,156771.7
C106729,54.0,Male,Chennai,56,3599.49,208889.18,5.0,3,46.0,Annual,UPI,0,0,196112.66
C106730,45.0,Other,Mumbai,6,3030.46,18612.29,23.0,6,73.0,Annual,Credit Card,0,0,70393.61
C106731,37.0,Male,Hyderabad,19,1455.66,24858.05,22.0,3,72.0,Monthly,UPI,0,0,63444.5
C106732,56.0,Male,Chennai,52,2592.47,121798.32,2.0,2,5.0,Monthly,UPI,0,0,133189.3
C106733,41.0,Male,Mumbai,62,1638.88,104394.6,12.0,3,90.0,Annual,Debit Card,0,0,106580.42
C106734,38.0,Female,Hyderabad,49,2081.34,107449.75,13.0,2,91.0,Monthly,UPI,0,0,123410.23
C106735,27.0,Male,Pune,11,2954.38,29627.47,25.0,1,65.0,Monthly,UPI,1,0,79073.01
C106736,63.0,Male,Bengaluru,46,1597.41,68946.92,3.0,0,71.0,Monthly,UPI,1,0,86868.88
C106737,31.0,Female,Chennai,69,2561.25,177013.85,18.0,0,70.0,Annual,UPI,0,0,171111.98
C106738,54.0,Other,Mumbai,45,1697.68,70646.64,8.0,1,92.0,Monthly,Credit Card,0,0,103486.03
C106739,35.0,Male,Other,58,1434.55,75567.3,22.0,5,100.0,Monthly,Credit Card,1,0,116229.56
C106740,41.0,Male,Hyderabad,32,2476.65,86334.32,17.0,4,100.0,Annual,Debit Card,0,0,110369.76
C106741,31.0,Female,Mumbai,10,2145.18,20034.77,9.0,3,59.0,Monthly,Credit Card,0,0,47843.98
C106742,51.0,Female,Mumbai,13,1186.58,13772.86,12.0,4,56.0,Annual,UPI,0,0,40522.68
C106743,29.0,Male,Hyderabad,13,1596.36,22773.92,15.0,4,86.0,Monthly,Bank Transfer,0,0,62846.54
C106744,39.0,Female,Delhi,36,1287.49,41429.49,5.0,2,36.0,Annual,Bank Transfer,1,0,55592.1
C106745,23.0,Male,Bengaluru,19,714.87,14363.56,23.0,1,97.0,Quarterly,Debit Card,0,0,57126.9
C106746,53.0,Female,Hyderabad,7,1691.99,12930.83,8.0,0,91.0,Quarterly,UPI,1,0,52529.49
C106747,62.0,Male,Hyderabad,15,2266.77,33054.46,14.0,6,95.0,Annual,Credit Card,0,0,82787.15
C106748,53.0,Female,Pune,46,2435.19,107918.01,11.0,3,40.0,Monthly,Credit Card,1,0,115448.41
C106749,39.0,Male,Hyderabad,48,798.72,35530.53,9.0,3,62.0,Monthly,Credit Card,0,0,42700.05
C106750,31.0,Female,Chennai,66,1056.53,67689.27,12.0,1,77.0,Monthly,Wallet,0,0,79960.51
C106751,33.0,Female,Hyderabad,4,2750.91,10861.17,20.0,0,95.0,Monthly,UPI,1,1,53954.15
C106752,53.0,Male,Hyderabad,3,1556.89,4252.04,8.0,2,53.0,Annual,Credit Card,1,1,33035.24
C106753,42.0,Female,Hyderabad,3,870.52,2433.66,11.0,1,59.0,Monthly,UPI,0,0,25290.92
C106754,49.0,Male,Mumbai,69,2909.17,194646.67,26.0,2,64.0,Monthly,UPI,0,0,208748.91
C106755,50.0,Female,Bengaluru,28,1711.95,46404.23,9.0,3,81.0,Monthly,Debit Card,0,0,76376.55
C106756,62.0,Female,Hyderabad,23,1495.52,31416.1,15.0,0,67.0,Quarterly,Bank Transfer,0,0,70377.15
C106757,53.0,Female,Pune,30,1347.05,44996.32,19.0,2,71.0,Monthly,UPI,0,0,64841.68
C106758,37.0,Female,Mumbai,62,1426.29,96587.42,16.0,6,88.0,Annual,UPI,1,0,97598.09
C106759,35.0,Female,Hyderabad,51,1710.54,95401.64,2.0,4,93.0,Monthly,Credit Card,1,0,108427.09
C106760,55.0,Male,Chennai,41,2269.56,85120.1,17.0,3,47.0,Annual,Credit Card,1,0,112140.03
C106761,20.0,Male,Hyderabad,64,2334.5,148911.49,10.0,4,63.0,Annual,UPI,1,0,163423.16
C106762,40.0,Female,Mumbai,43,630.78,28330.19,18.0,3,100.0,Monthly,Credit Card,0,0,53580.98
C106763,49.0,Female,Bengaluru,58,3037.43,156864.61,14.0,2,88.0,Annual,Debit Card,0,0,191998.15
C106764,62.0,Female,Hyderabad,59,1691.8,88373.1,12.0,2,53.0,Quarterly,UPI,0,0,96486.93
C106765,33.0,Female,Hyderabad,40,2280.66,84487.72,30.0,1,58.0,Annual,Debit Card,0,0,111718.25
C106766,22.0,Male,Bengaluru,46,2303.06,102590.26,14.0,3,59.0,Monthly,Credit Card,0,0,121731.48
C106767,21.0,Male,Pune,62,1560.1,88198.14,14.0,2,46.0,Monthly,UPI,0,0,105630.03
C106768,38.0,Male,Hyderabad,49,2370.54,107006.06,17.0,3,72.0,Annual,Bank Transfer,0,0,137581.73
C106769,57.0,Female,Hyderabad,23,2139.82,52958.6,5.0,6,29.0,Annual,Credit Card,0,0,68307.87
C106770,68.0,Male,Mumbai,44,1614.87,76122.61,12.0,4,67.0,Monthly,Bank Transfer,0,0,83325.98
C106771,31.0,Male,Mumbai,44,2107.49,98868.98,15.0,2,78.0,Annual,Bank Transfer,1,0,109835.16
C106772,56.0,Female,Hyderabad,19,1687.35,30062.74,16.0,2,34.0,Annual,UPI,1,0,51595.21
C106773,48.0,Female,Bengaluru,44,1262.82,51809.27,12.0,2,44.0,Monthly,UPI,0,0,76153.21
C106774,31.0,Female,Bengaluru,11,1893.06,22760.41,7.0,2,100.0,Monthly,UPI,1,0,58349.46
C106775,23.0,Female,Hyderabad,60,1903.3,124264.13,20.0,2,86.0,Quarterly,UPI,0,0,131897.5
C106776,29.0,Female,Bengaluru,38,2221.12,81721.61,22.0,2,88.0,Annual,Bank Transfer,0,0,105020.26
C106777,33.0,Male,Hyderabad,3,2727.98,8335.25,10.0,4,58.0,Monthly,Debit Card,0,0,43962.69
C106778,34.0,Female,Delhi,16,2000.05,33656.88,23.0,5,79.0,Quarterly,UPI,0,0,83054.1
C106779,62.0,Male,Other,9,1567.58,15576.6,14.0,3,95.0,Quarterly,Credit Card,1,0,60426.83
C106780,40.0,Female,Delhi,41,1937.91,71059.27,8.0,3,43.0,Monthly,Credit Card,0,0,97488.66
C106781,31.0,Female,Bengaluru,38,3265.12,126202.6,15.0,3,54.0,Monthly,Bank Transfer,1,0,143009.05
C106782,24.0,Female,Delhi,69,1077.85,81813.46,7.0,0,63.0,Monthly,Credit Card,1,0,79336.44
C106783,63.0,Male,Mumbai,65,2917.59,178798.72,19.0,2,57.0,Quarterly,Bank Transfer,1,0,191275.73
C106784,49.0,Male,Pune,35,2072.09,65143.91,17.0,5,54.0,Monthly,UPI,1,1,97598.37
C106785,32.0,Female,Delhi,35,1851.38,58949.86,8.0,2,100.0,Monthly,Bank Transfer,0,0,100305.74
C106786,61.0,Male,Delhi,48,1865.01,80819.6,6.0,4,72.0,Annual,Bank Transfer,1,0,112475.72
C106787,34.0,Female,Bengaluru,8,1531.27,10997.86,1.0,3,64.0,Monthly,Bank Transfer,0,0,45183.72
C106788,58.0,Female,Chennai,27,699.9,17398.58,12.0,3,83.0,Quarterly,UPI,0,0,44087.41
C106789,64.0,Female,Bengaluru,9,2159.79,20270.0,10.0,2,34.0,Annual,Bank Transfer,0,0,48985.73
C106790,61.0,Female,Hyderabad,30,2378.08,63213.77,12.0,1,79.0,Monthly,Debit Card,1,0,105760.3
C106791,51.0,Female,Bengaluru,14,1705.23,22836.55,10.0,1,46.0,Monthly,Credit Card,1,0,38667.45
C106792,22.0,Male,Mumbai,23,1510.68,34584.8,23.0,1,87.0,Monthly,UPI,0,0,75575.97
C106793,62.0,Male,Mumbai,29,1314.99,35216.28,9.0,1,45.0,Monthly,UPI,0,0,61667.18
C106794,44.0,Female,Other,26,2096.86,49647.61,24.0,3,89.0,Annual,Credit Card,0,0,95807.27
C106795,69.0,Female,Bengaluru,15,2425.01,32525.02,11.0,5,81.0,Annual,Bank Transfer,0,0,66029.49
C106796,40.0,Female,Hyderabad,67,2717.35,203847.8,10.0,0,67.0,Annual,Credit Card,1,0,182484.51
C106797,57.0,Female,Kolkata,16,830.43,12162.78,11.0,1,68.0,Annual,Debit Card,0,0,34534.34
C106798,31.0,Male,Other,13,1491.45,20238.75,13.0,2,94.0,Monthly,UPI,0,1,68048.51
C106799,32.0,Male,Mumbai,24,2270.71,56692.0,31.0,5,89.0,Monthly,Credit Card,0,0,87911.78
C106800,60.0,Male,Hyderabad,62,1034.9,65756.82,2.0,3,70.0,Monthly,Credit Card,1,0,59123.65
C106801,50.0,Female,Mumbai,57,1682.49,102104.38,23.0,4,76.0,Monthly,Debit Card,0,0,118070.46
C106802,70.0,Male,Hyderabad,36,2293.11,79824.08,17.0,1,46.0,Monthly,Debit Card,0,0,109895.1
C106803,48.0,Male,Kolkata,60,1741.75,106619.01,13.0,1,100.0,Monthly,Bank Transfer,1,0,128636.28
C106804,52.0,Female,Delhi,22,1842.11,37294.07,6.0,2,76.0,Quarterly,Debit Card,1,0,69317.29
C106805,34.0,Male,Bengaluru,3,1054.24,3068.22,25.0,1,66.0,Monthly,Credit Card,0,0,24536.83
C106806,45.0,Female,Kolkata,36,1450.37,58154.65,5.0,2,63.0,Quarterly,Credit Card,0,0,80568.86
C106807,36.0,Male,Delhi,36,1992.11,73924.43,17.0,2,75.0,Monthly,UPI,1,0,95660.39
C106808,63.0,Male,Other,10,2302.33,21218.23,8.0,4,32.0,Monthly,Wallet,0,0,58072.62
C106809,40.0,Male,Other,21,1564.46,36184.81,23.0,3,94.0,Monthly,Bank Transfer,0,0,66378.87
C106810,49.0,Female,Hyderabad,49,2565.78,123355.04,9.0,3,100.0,Monthly,Credit Card,0,0,147863.49
C106811,57.0,Male,Hyderabad,9,1816.21,15796.54,18.0,2,88.0,Monthly,Credit Card,1,0,56512.52
C106812,30.0,Male,Mumbai,52,1793.21,91368.01,13.0,1,42.0,Monthly,Credit Card,1,0,108036.65
C106813,37.0,Male,Other,48,2717.26,129530.06,9.0,4,40.0,Monthly,UPI,0,0,137001.39
C106814,52.0,Male,Other,60,459.41,26556.95,4.0,2,48.0,Monthly,UPI,1,0,34851.02
C106815,22.0,Female,Mumbai,50,449.54,20773.14,22.0,3,100.0,Annual,Credit Card,1,0,53386.84
C106816,26.0,Male,Hyderabad,39,1858.615,84693.84,19.0,4,100.0,Monthly,Credit Card,0,0,118440.01
C106817,46.0,Female,Hyderabad,16,1873.73,30202.4,10.0,6,32.0,Annual,Wallet,1,0,52940.85
C106818,23.0,Male,Pune,28,2098.02,55004.93,13.0,2,67.0,Monthly,Wallet,0,0,93373.92
C106819,42.0,Female,Mumbai,6,1813.2,11890.47,6.0,4,54.0,Monthly,Credit Card,1,0,42844.0
C106820,48.0,Female,Mumbai,61,2356.64,157853.46,8.0,3,59.0,Annual,Credit Card,1,0,142511.33
C106821,39.0,Female,Chennai,6,2247.27,12945.77,15.0,2,28.0,Quarterly,Bank Transfer,1,1,54995.58
C106822,19.0,Female,Delhi,66,2485.05,151184.68,8.0,2,67.0,Monthly,UPI,1,0,173919.37
C106823,62.0,Male,Pune,40,2078.39,88629.31,14.0,2,53.0,Monthly,Wallet,0,0,94247.43
C106824,22.0,Female,Bengaluru,71,2794.53,179407.15,20.0,0,68.0,Annual,UPI,1,0,208470.56
C106825,44.0,Male,Bengaluru,62,1458.12,98821.23,16.0,4,76.0,Monthly,UPI,0,0,117704.19
C106826,42.0,Male,Delhi,28,2081.96,56726.78,5.0,1,80.0,Quarterly,Credit Card,0,0,88185.97
C106827,25.0,Female,Kolkata,47,1138.36,50092.59,15.0,4,30.0,Annual,Bank Transfer,0,0,59574.67
C106828,18.0,Male,Bengaluru,9,1353.73,13217.07,27.0,3,50.0,Monthly,Bank Transfer,1,0,36168.3
C106829,37.0,Female,Bengaluru,52,2253.36,121204.86,25.0,5,87.0,Monthly,Debit Card,0,0,135573.48
C106830,61.0,Male,Bengaluru,15,2304.41,30630.19,12.0,0,65.0,Monthly,UPI,1,0,63583.23
C106831,40.0,Female,Bengaluru,34,1680.94,63594.26,12.0,4,45.0,Monthly,Debit Card,1,0,79237.28
C106832,49.0,Female,Hyderabad,20,2576.94,57478.66,20.0,1,67.0,Quarterly,Debit Card,0,0,87918.28
C106833,28.0,Female,Mumbai,60,731.65,47522.93,12.0,3,76.0,Quarterly,Bank Transfer,0,0,74343.78
C106834,56.0,Female,Bengaluru,58,2461.77,154185.47,4.0,2,75.0,Monthly,Debit Card,0,0,151918.09
C106835,64.0,Female,Mumbai,67,1683.89,102287.76,18.0,4,49.0,Monthly,Bank Transfer,0,0,110096.3
C106836,41.0,Female,Hyderabad,2,578.07,1044.53,9.0,2,64.0,Monthly,Wallet,0,0,20136.37
C106837,28.0,Male,Hyderabad,50,1391.59,62247.03,12.0,1,57.0,Annual,Debit Card,0,0,83265.21
C106838,46.0,Female,Mumbai,14,1487.61,19931.4,15.0,6,100.0,Monthly,Bank Transfer,1,0,54001.51
C106839,43.0,Male,Mumbai,56,1122.97,58556.74,11.0,6,46.0,Monthly,Debit Card,0,0,72741.5
C106840,33.0,Male,Bengaluru,69,1156.16,76349.34,20.0,3,61.0,Monthly,Credit Card,1,0,93166.31
C106841,52.0,Male,Pune,44,2136.74,97566.77,20.0,6,70.0,Monthly,Credit Card,0,0,110374.86
C106842,37.0,Male,Hyderabad,46,1683.46,73126.39,20.0,1,72.0,Annual,UPI,1,0,98239.32
C106843,63.0,Female,Bengaluru,6,399.0,2385.79,23.0,4,54.0,Monthly,Credit Card,1,0,14153.82
C106844,20.0,Female,Mumbai,8,1986.08,16578.77,15.0,2,88.0,Quarterly,Wallet,0,0,54821.77
C106845,18.0,Female,Kolkata,39,1391.77,49763.72,10.0,2,72.0,Monthly,Bank Transfer,0,0,82584.34
C106846,70.0,Female,Chennai,44,2686.0,132121.61,7.0,2,100.0,Quarterly,UPI,1,0,138463.21
C106847,64.0,Male,Chennai,27,1558.97,45811.55,7.0,2,78.0,Annual,UPI,1,0,71396.33
C106848,18.0,Male,Mumbai,16,666.8,11272.98,5.0,1,70.0,Monthly,UPI,1,0,26181.63
C106849,34.0,Male,Bengaluru,39,1630.59,71053.08,8.0,1,43.0,Monthly,UPI,0,0,72653.44
C106850,19.0,Female,Delhi,1,1101.36,991.6,19.0,3,74.0,Monthly,UPI,0,0,37733.74
C106851,46.0,Male,Bengaluru,51,1158.58,52738.46,14.0,2,86.0,Monthly,Debit Card,0,0,79822.35
C106852,37.0,Female,Pune,63,1595.41,94645.22,20.0,4,80.0,Monthly,Bank Transfer,0,0,122071.73
C106853,23.0,Female,Bengaluru,33,1944.75,61652.93,6.0,4,85.0,Annual,Credit Card,1,0,96654.86
C106854,25.0,Female,Other,50,1594.64,82893.93,12.0,3,80.0,Monthly,Debit Card,1,0,102292.98
C106855,46.0,Female,Bengaluru,54,1903.58,115066.78,35.0,6,100.0,Annual,UPI,1,0,128187.74
C106856,65.0,Female,Kolkata,27,2189.17,64897.83,24.0,1,58.0,Monthly,Bank Transfer,0,0,95535.15
C106857,68.0,Male,Chennai,19,1665.42,32786.87,31.0,2,88.0,Monthly,Credit Card,0,0,73199.64
C106858,50.0,Male,Bengaluru,28,1955.55,50891.39,28.0,0,67.0,Quarterly,UPI,1,1,88374.69
C106859,20.0,Female,Bengaluru,23,1858.615,60077.54,15.0,1,64.0,Annual,UPI,0,0,82250.73
C106860,52.0,Female,Pune,64,1411.7,95823.8,16.0,4,26.0,Monthly,UPI,0,0,93351.58
C106861,22.0,Female,Bengaluru,39,1797.94,75029.41,16.0,1,100.0,Monthly,Debit Card,1,0,86798.55
C106862,44.0,Male,Bengaluru,49,1857.22,101699.76,11.0,2,33.0,Quarterly,UPI,0,0,101961.79
C106863,61.0,Female,Hyderabad,59,1140.62,60276.6,26.0,5,68.0,Annual,Credit Card,0,0,87938.65
C106864,29.0,Male,Other,20,646.71,14307.41,23.0,2,71.0,Annual,UPI,0,0,45718.99
C106865,37.0,Male,Bengaluru,61,1828.83,102598.44,24.0,4,100.0,Monthly,UPI,0,0,129746.53
C106866,62.0,Male,Bengaluru,9,1117.37,10382.91,6.0,3,45.0,Quarterly,Wallet,1,0,18256.54
C106867,37.0,Male,Other,23,2848.33,68206.32,10.0,1,49.0,Monthly,Credit Card,0,0,101760.4
C106868,26.0,Male,Kolkata,7,2258.13,14941.0,17.0,1,94.0,Monthly,UPI,1,0,62757.33
C106869,56.0,Male,Bengaluru,31,1132.99,32230.05,6.0,1,55.0,Monthly,Debit Card,0,0,53653.61
C106870,21.0,Female,Kolkata,60,630.35,36108.96,15.0,2,44.0,Monthly,Debit Card,0,0,45091.22
C106871,68.0,Female,Bengaluru,61,1241.44,72023.15,5.0,2,50.0,Annual,Debit Card,1,0,91755.63
C106872,36.0,Female,Hyderabad,26,1867.05,51944.84,6.0,3,87.0,Monthly,Debit Card,1,0,87536.0
C106873,55.0,Male,Pune,54,1603.06,80557.02,26.0,3,92.0,Monthly,Credit Card,1,0,106039.52
C106874,44.0,Female,Pune,31,2508.02,82018.94,32.0,3,96.0,Annual,UPI,0,0,123937.97
C106875,62.0,Male,Bengaluru,41,1107.74,41595.08,21.0,2,96.0,Quarterly,UPI,1,0,69105.44
C106876,60.0,Male,Hyderabad,28,2108.23,57651.07,10.0,1,84.0,Monthly,Credit Card,1,0,85379.18
C106877,30.0,Female,Hyderabad,6,2011.14,11109.1,14.0,0,71.0,Monthly,UPI,1,0,44788.08
C106878,30.0,Male,Pune,34,2618.62,98167.61,19.0,6,99.0,Monthly,Debit Card,0,0,114935.12
C106879,39.0,Female,Other,9,1919.7,18541.92,20.0,1,62.0,Monthly,Wallet,0,0,65813.72
C106880,45.0,Female,Bengaluru,12,1484.0,15746.05,15.0,3,87.0,Annual,Debit Card,0,0,50666.24
C106881,69.0,Female,Pune,16,2659.22,41097.7,20.0,6,50.0,Monthly,Credit Card,1,0,70880.74
C106882,64.0,Female,Bengaluru,71,1874.34,128248.75,16.0,4,85.0,Annual,Debit Card,0,0,146666.36
C106883,70.0,Female,Delhi,31,1531.86,47234.28,8.0,2,85.0,Quarterly,Debit Card,0,0,68044.26
C106884,62.0,Male,Hyderabad,33,1878.32,57787.14,18.0,3,68.0,Quarterly,Credit Card,1,0,74323.29
C106885,39.0,Female,Mumbai,7,2583.99,18234.68,23.0,3,100.0,Monthly,UPI,0,0,71952.66
C106886,60.0,Male,Bengaluru,3,2488.4,7141.51,17.0,0,67.0,Monthly,Bank Transfer,1,0,65974.17
C106887,36.0,Female,Kolkata,20,2172.37,42549.28,9.0,2,82.0,Quarterly,Bank Transfer,0,0,77890.59
C106888,25.0,Female,Bengaluru,5,2376.64,11641.9,16.0,2,100.0,Monthly,UPI,0,0,64985.04
C106889,69.0,Male,Chennai,67,2070.53,148666.48,10.0,1,99.0,Quarterly,Debit Card,0,0,146336.93
C106890,25.0,Female,Pune,38,1198.94,46736.86,8.0,9,87.0,Monthly,Credit Card,0,0,58138.24
C106891,59.0,Male,Chennai,56,2665.05,143361.51,7.0,6,49.0,Annual,Debit Card,1,0,141454.67
C106892,43.0,Male,Bengaluru,23,445.95,11035.0,9.0,0,60.0,Annual,Credit Card,0,0,30880.49
C106893,65.0,Female,Mumbai,2,1783.89,3367.49,16.0,2,45.0,Quarterly,Credit Card,1,1,39967.49
C106894,68.0,Male,Pune,21,1829.96,35450.42,24.0,6,74.0,Monthly,UPI,0,0,72231.43
C106895,43.0,Male,Chennai,14,3209.46,40654.05,22.0,3,96.0,Quarterly,Bank Transfer,0,0,94891.74
C106896,40.0,Male,Hyderabad,62,1166.49,75448.59,18.0,1,82.0,Quarterly,Credit Card,1,0,93837.45
C106897,60.0,Female,Chennai,11,2698.85,28128.22,20.0,1,50.0,Annual,Debit Card,0,1,80967.83
C106898,30.0,Male,Other,4,1939.95,7592.32,24.0,4,100.0,Monthly,Credit Card,0,0,59511.66
C106899,45.0,Male,Hyderabad,47,1827.31,94512.31,24.0,3,77.0,Annual,Debit Card,1,0,106370.01
C106900,26.0,Female,Chennai,20,582.07,11536.34,15.0,3,65.0,Monthly,Bank Transfer,0,0,25642.73
C106901,37.0,Male,Delhi,52,2187.86,106414.41,11.0,1,67.0,Annual,Credit Card,0,0,141078.62
C106902,36.0,Male,Hyderabad,16,2197.92,37051.92,29.0,3,100.0,Annual,UPI,0,0,82005.5
C106903,65.0,Female,Bengaluru,45,1884.7,89874.8,19.0,2,61.0,Annual,Credit Card,0,0,112381.73
C106904,56.0,Female,Other,8,2868.65,25650.02,22.0,1,90.0,Quarterly,Debit Card,0,0,74427.09
C106905,68.0,Female,Hyderabad,62,2539.8,142932.26,6.0,1,85.0,Monthly,Debit Card,0,0,164602.58
C106906,29.0,Male,Pune,21,1938.16,38545.85,26.0,1,100.0,Annual,Debit Card,1,0,76972.84
C106907,32.0,Female,Pune,64,2520.0,149742.64,10.0,0,37.0,Monthly,UPI,0,0,168416.07
C106908,48.0,Female,Bengaluru,30,2647.46,80487.03,11.0,2,60.0,Monthly,Wallet,0,0,110138.39
C106909,31.0,Male,Hyderabad,36,1623.88,64543.92,9.0,0,55.0,Annual,Credit Card,0,0,81532.03
C106910,28.0,Male,Kolkata,5,1131.69,5747.42,15.0,3,68.0,Monthly,UPI,1,0,38454.4
C106911,43.0,Other,Pune,38,1012.43,36143.61,15.0,4,70.0,Quarterly,Debit Card,1,1,57465.8
C106912,59.0,Male,Hyderabad,19,2459.35,45562.91,13.0,3,69.0,Monthly,Wallet,0,0,82231.59
C106913,44.0,Female,Hyderabad,27,1579.99,45455.42,15.0,2,87.0,Monthly,Wallet,0,0,78090.21
C106914,28.0,Female,Delhi,13,1332.35,17360.47,8.0,2,61.0,Quarterly,Credit Card,0,0,46812.72
C106915,55.0,Female,Chennai,9,2425.79,20306.86,19.0,1,85.0,Quarterly,Wallet,0,0,67530.3
C106916,51.0,Female,Mumbai,17,1596.51,28419.87,28.0,3,97.0,Monthly,UPI,1,0,57697.68
C106917,60.0,Male,Other,44,1123.53,51781.59,9.0,2,82.0,Monthly,Wallet,1,0,59820.22
C106918,36.0,Male,Chennai,45,2773.13,138585.36,9.0,0,71.0,Monthly,UPI,0,0,153501.64
C106919,23.0,Female,Kolkata,42,2737.7,124743.91,14.0,3,89.0,Annual,Credit Card,0,0,132788.83
C106920,63.0,Female,Delhi,51,1385.44,76553.17,12.0,4,51.0,Monthly,UPI,0,0,97365.22
C106921,69.0,Female,Hyderabad,58,1554.43,98856.21,6.0,1,53.0,Annual,UPI,1,0,104688.41
C106922,55.0,Other,Pune,58,1685.64,100697.78,4.0,2,54.0,Monthly,Credit Card,1,0,114126.61
C106923,66.0,Female,Mumbai,30,2477.93,73942.24,23.0,3,89.0,Annual,UPI,1,0,100029.78
C106924,59.0,Male,Bengaluru,5,2540.19,11322.84,2.0,3,72.0,Quarterly,UPI,0,0,49193.35
C106925,45.0,Female,Bengaluru,8,1858.615,8554.86,15.0,4,96.0,Monthly,Wallet,0,0,50544.71
C106926,18.0,Male,Mumbai,37,742.44,27470.03,8.0,2,51.0,Monthly,UPI,0,0,48081.92
C106927,52.0,Male,Mumbai,47,1915.83,99628.87,23.0,1,100.0,Annual,Debit Card,0,0,118188.11
C106928,57.0,Male,Other,45,1350.04,61385.67,5.0,1,67.0,Annual,Wallet,0,0,75002.0
C106929,25.0,Female,Pune,5,1871.56,9571.4,10.0,0,58.0,Annual,UPI,1,0,54550.04
C106930,69.0,Female,Hyderabad,63,1408.16,91547.16,5.0,0,89.0,Monthly,Debit Card,0,0,103593.58
C106931,64.0,Male,Pune,47,740.66,38331.64,9.0,0,83.0,Monthly,Credit Card,0,0,52284.04
C106932,24.0,Male,Hyderabad,25,2903.34,70742.52,8.0,3,66.0,Monthly,UPI,0,0,108208.63
C106933,28.0,Female,Hyderabad,50,1882.15,103477.93,19.0,3,67.0,Monthly,Credit Card,0,0,115354.89
C106934,56.0,Female,Hyderabad,45,2367.03,108592.96,18.0,0,67.0,Monthly,Bank Transfer,0,0,146049.0
C106935,21.0,Female,Mumbai,30,399.0,10693.98,35.0,2,91.0,Monthly,Wallet,0,0,50990.54
C106936,42.0,Female,Hyderabad,48,1319.95,61889.8,1.0,4,64.0,Quarterly,Credit Card,0,0,66738.87
C106937,29.0,Female,Bengaluru,51,1359.37,62456.23,21.0,4,46.0,Quarterly,Credit Card,0,0,82169.04
C106938,43.0,Male,Bengaluru,55,2448.99,125321.33,12.0,2,64.0,Monthly,UPI,1,0,144487.59
C106939,55.0,Male,Bengaluru,55,2907.61,154615.31,20.0,3,92.0,Monthly,Credit Card,1,0,185097.08
C106940,63.0,Male,Other,46,1027.54,52502.83,13.0,5,58.0,Monthly,UPI,0,0,62216.62
C106941,29.0,Female,Other,31,2154.7,68199.85,22.0,2,58.0,Annual,Debit Card,0,0,101968.9
C106942,60.0,Male,Delhi,34,2888.47,109598.3,28.0,4,96.0,Annual,Bank Transfer,0,0,132778.51
C106943,68.0,Female,Mumbai,68,1355.88,87922.63,9.0,3,100.0,Monthly,Wallet,0,0,120779.13
C106944,70.0,Male,Delhi,33,1296.82,44526.56,7.0,1,79.0,Monthly,Debit Card,0,0,70792.42
C106945,54.0,Male,Pune,56,2136.01,120978.74,6.0,4,32.0,Monthly,UPI,0,0,128835.32
C106946,63.0,Male,Delhi,58,760.06,42929.57,4.0,3,63.0,Monthly,Debit Card,1,0,59411.4
C106947,70.0,Male,Hyderabad,57,472.27,29556.14,9.0,5,90.0,Monthly,Bank Transfer,1,0,50037.88
C106948,41.0,Male,Bengaluru,17,399.0,6734.52,11.0,3,47.0,Monthly,Credit Card,0,0,27862.23
C106949,33.0,Female,Bengaluru,11,2246.22,24074.02,16.0,1,100.0,Monthly,UPI,1,0,74463.01
C106950,30.0,Male,Bengaluru,71,2689.26,179097.86,12.0,3,86.0,Quarterly,Credit Card,1,0,195760.71
C106951,42.0,Female,Bengaluru,17,1804.87,32468.75,11.0,0,79.0,Monthly,Credit Card,1,0,69659.28
C106952,69.0,Male,Pune,10,2457.22,25235.27,15.0,2,29.0,Monthly,UPI,0,0,53178.19
C106953,21.0,Female,Pune,26,403.69,9846.59,14.0,1,97.0,Quarterly,Debit Card,0,0,32996.61
C106954,28.0,Female,Hyderabad,6,2438.04,15753.75,24.0,3,79.0,Annual,Debit Card,0,0,54530.07
C106955,49.0,Female,Bengaluru,16,1893.67,33560.5,23.0,4,61.0,Monthly,Debit Card,1,0,58187.15
C106956,66.0,Male,Delhi,4,1234.95,5164.04,10.0,3,56.0,Monthly,Debit Card,0,0,42782.72
C106957,24.0,Male,Hyderabad,62,2286.74,139119.33,6.0,1,48.0,Annual,Debit Card,0,0,141345.46
C106958,63.0,Female,Hyderabad,64,2965.49,203072.06,12.0,3,79.0,Monthly,Bank Transfer,1,0,210472.4
C106959,28.0,Male,Pune,56,2393.53,135780.62,13.0,2,74.0,Monthly,UPI,0,0,147586.73
C106960,45.0,Female,Chennai,23,1405.08,28655.23,29.0,1,72.0,Monthly,Credit Card,0,0,63379.61
C106961,58.0,Male,Pune,33,1657.97,56743.6,14.0,1,86.0,Annual,Credit Card,1,0,77233.92
C106962,40.0,Female,Pune,31,2073.67,68293.94,13.0,0,73.0,Monthly,Credit Card,0,1,81810.72
C106963,62.0,Male,Kolkata,7,2186.99,14534.81,1.0,1,55.0,Quarterly,Debit Card,0,0,58883.23
C106964,40.0,Female,Hyderabad,5,1283.41,6105.37,20.0,4,26.0,Monthly,Debit Card,0,0,33867.95
C106965,67.0,Female,Hyderabad,37,2960.48,105043.47,12.0,0,100.0,Monthly,Credit Card,0,0,154780.27
C106966,45.0,Male,Bengaluru,1,1762.65,1838.44,21.0,2,100.0,Quarterly,UPI,1,0,37592.98
C106967,60.0,Male,Hyderabad,70,2540.2,166002.17,25.0,0,65.0,Quarterly,Bank Transfer,0,0,187515.92
C106968,64.0,Male,Mumbai,45,1580.51,74700.89,8.0,2,42.0,Monthly,Credit Card,0,0,91272.8
C106969,43.0,Female,Pune,47,3223.14,137468.65,21.0,4,69.0,Monthly,Credit Card,1,0,171542.02
C106970,42.0,Male,Other,68,2036.24,138935.27,20.0,2,72.0,Monthly,Debit Card,1,0,154146.63
C106971,46.0,Male,Kolkata,30,604.94,19260.44,12.0,4,69.0,Monthly,Debit Card,0,0,32967.57
C106972,36.0,Female,Chennai,60,1241.79,77506.85,8.0,1,82.0,Monthly,Debit Card,0,0,98453.38
C106973,50.0,Male,Delhi,24,2354.76,58185.19,7.0,3,50.0,Annual,UPI,0,0,79391.52
C106974,53.0,Male,Bengaluru,31,2790.9,91348.38,11.0,0,80.0,Quarterly,Credit Card,0,0,122574.96
C106975,31.0,Male,Chennai,28,1910.29,48630.74,16.0,3,53.0,Monthly,UPI,0,0,81628.76
C106976,44.0,Female,Kolkata,45,1006.93,45631.92,23.0,4,62.0,Monthly,Bank Transfer,0,0,64588.37
C106977,52.0,Female,Hyderabad,4,1743.58,7516.14,23.0,0,100.0,Monthly,Bank Transfer,1,0,55850.26
C106978,47.0,Male,Mumbai,61,2298.61,138140.53,13.0,2,100.0,Annual,UPI,0,0,163461.69
C106979,45.0,Female,Kolkata,39,2578.69,94034.42,5.0,3,53.0,Annual,Credit Card,0,0,107225.54
C106980,34.0,Male,Hyderabad,24,2733.46,59180.51,9.0,5,56.0,Monthly,UPI,1,0,95710.46
C106981,20.0,Male,Other,71,2865.64,220261.63,14.0,3,81.0,Annual,Bank Transfer,0,0,195528.47
C106982,33.0,Female,Hyderabad,46,2017.86,102601.44,11.0,2,18.0,Annual,Credit Card,0,0,94096.06
C106983,63.0,Male,Kolkata,53,983.91,53736.79,24.0,3,100.0,Annual,UPI,0,0,68921.06
C106984,47.0,Female,Bengaluru,48,2664.77,112794.84,11.0,4,30.0,Annual,Wallet,1,0,133962.82
C106985,69.0,Female,Hyderabad,9,1729.26,13869.34,1.0,3,39.0,Annual,UPI,1,1,32629.72
C106986,46.0,Female,Hyderabad,22,2846.52,57692.99,22.0,1,63.0,Monthly,Debit Card,0,0,105857.87
C106987,62.0,Male,Delhi,2,2227.5,3932.29,19.0,1,100.0,Monthly,Debit Card,0,0,62503.38
C106988,32.0,Male,Kolkata,16,1910.23,30702.69,9.0,2,97.0,Annual,Credit Card,1,0,61458.11
C106989,63.0,Female,Delhi,5,3176.32,15034.1,14.0,1,70.0,Monthly,UPI,0,0,73161.02
C106990,42.0,Male,Kolkata,12,2100.96,23310.21,9.0,3,71.0,Monthly,Bank Transfer,0,0,57592.5
C106991,68.0,Female,Pune,52,1858.615,131785.49,27.0,4,64.0,Monthly,Wallet,0,0,163716.9
C106992,55.0,Male,Hyderabad,26,1316.88,31461.3,3.0,3,97.0,Quarterly,Debit Card,0,0,62536.36
C106993,59.0,Male,Delhi,15,1169.2,17910.81,7.0,2,47.0,Monthly,Debit Card,1,0,29872.66
C106994,64.0,Male,Bengaluru,67,399.0,24021.08,11.0,2,68.0,Monthly,Credit Card,0,0,34334.4
C106995,70.0,Female,Chennai,59,2393.49,132756.33,17.0,2,62.0,Quarterly,UPI,1,0,144874.52
C106996,69.0,Female,Hyderabad,39,1850.42,65068.18,22.0,0,100.0,Annual,UPI,0,0,102838.53
C106997,55.0,Male,Bengaluru,63,3312.7,228627.96,21.0,1,76.0,Monthly,Debit Card,0,0,227491.58
C106998,40.0,Female,Delhi,25,1996.38,47686.34,19.0,1,41.0,Quarterly,UPI,0,0,67760.92
C106999,42.0,Male,Hyderabad,41,2001.51,87072.99,2.0,4,41.0,Monthly,UPI,1,0,90859.79
C107000,59.0,Male,Delhi,28,2696.49,68779.19,9.0,4,43.0,Monthly,UPI,0,0,92920.43
C107001,24.0,Female,Kolkata,21,1670.95,37401.58,18.0,2,30.0,Monthly,Debit Card,1,0,79338.79
C107002,39.0,Female,Hyderabad,61,1733.91,105378.14,19.0,1,72.0,Annual,UPI,0,0,128461.59
C107003,34.0,Male,Pune,57,1280.27,77270.27,10.0,1,91.0,Annual,UPI,0,0,89452.43
C107004,35.0,Male,Delhi,11,1840.36,20185.25,11.0,3,59.0,Quarterly,Credit Card,0,0,52582.77
C107005,66.0,Female,Hyderabad,19,2049.86,35880.06,12.0,4,58.0,Monthly,Debit Card,1,0,69346.11
C107006,58.0,Female,Pune,1,1711.41,1559.31,24.0,1,53.0,Annual,Bank Transfer,0,0,35747.36
C107007,27.0,Female,Bengaluru,32,2716.94,81135.97,16.0,2,91.0,Monthly,Credit Card,1,0,116711.95
C107008,27.0,Male,Bengaluru,34,529.09,17836.17,8.0,1,83.0,Monthly,Debit Card,0,0,42845.55
C107009,24.0,Female,Hyderabad,17,2562.49,43499.33,9.0,1,66.0,Annual,Credit Card,0,0,88345.52
C107010,65.0,Male,Mumbai,55,1366.58,74981.41,13.0,1,73.0,Annual,Credit Card,0,0,89003.82
C107011,67.0,Female,Mumbai,19,2580.16,50221.57,4.0,2,27.0,Annual,Credit Card,0,1,72278.17
C107012,55.0,Male,Bengaluru,42,1889.33,72099.05,7.0,2,61.0,Quarterly,Debit Card,0,0,91675.09
C107013,44.0,Male,Hyderabad,59,2147.15,137553.87,16.0,1,76.0,Annual,Bank Transfer,0,0,148191.93
C107014,69.0,Male,Pune,38,2166.59,89516.79,15.0,0,75.0,Monthly,Wallet,1,0,107292.63
C107015,50.0,Female,Kolkata,31,2313.6,73801.77,25.0,2,75.0,Monthly,UPI,1,0,103282.09
C107016,18.0,Female,Mumbai,66,1865.26,132579.52,9.0,2,72.0,Annual,UPI,1,0,133223.1
C107017,61.0,Male,Bengaluru,69,2038.91,130479.35,16.0,1,90.0,Monthly,UPI,0,0,161200.46
C107018,70.0,Female,Hyderabad,50,2268.36,113355.76,25.0,1,78.0,Monthly,UPI,0,0,131954.54
C107019,51.0,Female,Kolkata,30,3068.29,83920.74,22.0,1,65.0,Annual,Bank Transfer,1,0,114938.75
C107020,21.0,Male,Hyderabad,35,2387.35,84846.36,27.0,6,99.0,Annual,Bank Transfer,0,0,119646.82
C107021,34.0,Female,Hyderabad,59,1556.84,102507.47,4.0,1,96.0,Monthly,UPI,0,0,116985.53
C107022,21.0,Female,Chennai,17,3022.92,47602.92,20.0,1,70.0,Monthly,UPI,0,0,90496.36
C107023,60.0,Male,Delhi,66,2898.96,177180.69,6.0,1,74.0,Annual,Debit Card,1,0,187629.1
C107024,43.0,Male,Chennai,21,2697.87,60908.32,32.0,3,92.0,Annual,Debit Card,0,0,101762.68
C107025,21.0,Male,Hyderabad,52,2238.23,113703.8,22.0,2,61.0,Annual,Debit Card,1,0,137882.64
C107026,18.0,Male,Delhi,65,1770.11,108607.98,21.0,2,90.0,Quarterly,Debit Card,1,0,136406.75
C107027,24.0,Male,Delhi,14,798.77,10392.49,11.0,2,40.0,Monthly,Bank Transfer,1,1,29559.28
C107028,47.0,Female,Delhi,16,2585.17,42071.2,17.0,1,56.0,Monthly,Wallet,0,0,90140.0
C107029,67.0,Female,Hyderabad,55,399.0,22084.89,17.0,3,70.0,Monthly,Debit Card,1,0,36089.58
C107030,26.0,Male,Pune,9,1940.54,19215.85,11.0,2,90.0,Monthly,Credit Card,0,0,56017.91
C107031,52.0,Female,Chennai,8,1614.94,12846.37,15.0,1,87.0,Monthly,Credit Card,0,0,50265.15
C107032,25.0,Female,Mumbai,34,2146.6,74496.47,1.0,0,62.0,Monthly,Bank Transfer,0,0,103280.28
C107033,41.0,Female,Mumbai,33,1634.03,53696.12,28.0,0,100.0,Monthly,Bank Transfer,0,0,86583.07
C107034,36.0,Male,Bengaluru,7,1897.64,14413.95,19.0,1,55.0,Monthly,Debit Card,0,0,40689.46
C107035,53.0,Female,Bengaluru,21,1462.03,27917.63,11.0,3,67.0,Monthly,UPI,0,0,55221.84
C107036,67.0,Female,Hyderabad,5,1885.37,9276.76,20.0,1,94.0,Monthly,UPI,0,0,69708.13
C107037,69.0,Female,Chennai,71,1297.62,100271.48,2.0,3,47.0,Monthly,Debit Card,1,0,89497.01
C107038,60.0,Male,Mumbai,12,1773.64,18926.84,22.0,2,85.0,Monthly,Credit Card,0,0,54245.86
C107039,44.0,Male,Pune,59,1262.81,79041.37,14.0,0,89.0,Monthly,Credit Card,0,0,97711.23
C107040,49.0,Female,Hyderabad,58,2954.57,161520.25,2.0,4,29.0,Quarterly,Credit Card,0,0,170117.7
C107041,31.0,Male,Kolkata,37,772.91,30500.16,15.0,3,45.0,Quarterly,UPI,0,0,64255.54
C107042,35.0,Female,Bengaluru,45,1440.87,66269.4,22.0,2,74.0,Annual,Debit Card,0,0,101429.16
C107043,45.0,Female,Bengaluru,25,1556.65,38035.53,20.0,2,27.0,Monthly,Bank Transfer,1,0,59141.22
C107044,46.0,Male,Hyderabad,27,1483.45,42786.25,15.0,2,56.0,Quarterly,Credit Card,0,0,69114.9
C107045,33.0,Female,Delhi,51,2339.6,111894.49,16.0,3,84.0,Quarterly,Debit Card,1,0,139391.49
C107046,52.0,Male,Delhi,42,1800.68,73894.01,6.0,0,86.0,Monthly,Credit Card,0,0,85955.37
C107047,64.0,Male,Kolkata,71,1555.08,100486.96,14.0,3,81.0,Annual,Bank Transfer,0,0,128800.99
C107048,48.0,Female,Bengaluru,42,1559.88,60507.45,18.0,3,37.0,Quarterly,Bank Transfer,0,0,73912.64
C107049,21.0,Female,Bengaluru,60,2213.57,133103.71,25.0,2,58.0,Monthly,Wallet,0,0,146837.71
C107050,54.0,Male,Delhi,72,399.0,26959.57,6.0,3,59.0,Quarterly,Credit Card,0,0,29823.06
C107051,44.0,Female,Delhi,58,1326.6,70391.86,12.0,2,75.0,Annual,Bank Transfer,0,0,99135.03
C107052,56.0,Male,Other,72,1828.95,129618.81,18.0,1,86.0,Annual,Credit Card,0,0,141816.16
C107053,65.0,Male,Hyderabad,22,2191.57,44448.4,1.0,2,75.0,Annual,Credit Card,1,0,69732.12
C107054,63.0,Male,Delhi,58,1773.56,112268.23,11.0,2,82.0,Monthly,Credit Card,0,0,115963.63
C107055,43.0,Male,Hyderabad,11,1953.23,23484.03,26.0,4,100.0,Monthly,Debit Card,0,0,68943.05
C107056,65.0,Female,Mumbai,6,1713.51,11287.31,15.0,3,65.0,Monthly,Credit Card,0,0,41285.17
C107057,56.0,Female,Hyderabad,22,2266.13,55376.44,18.0,4,66.0,Monthly,Debit Card,0,0,77054.92
C107058,58.0,Female,Delhi,12,1608.75,18132.55,15.0,1,63.0,Monthly,Credit Card,1,0,58820.86
C107059,21.0,Female,Mumbai,27,1566.37,42962.37,16.0,2,52.0,Annual,Wallet,1,0,64784.9
C107060,47.0,Male,Hyderabad,1,998.15,949.26,18.0,3,100.0,Quarterly,UPI,1,0,37082.96
C107061,47.0,Male,Bengaluru,64,1597.25,94245.55,11.0,1,79.0,Quarterly,Debit Card,0,0,128590.0
C107062,39.0,Female,Chennai,39,1707.34,62941.98,14.0,2,56.0,Monthly,Bank Transfer,0,0,93773.27
C107063,28.0,Female,Bengaluru,60,1574.51,90481.33,15.0,3,47.0,Monthly,Credit Card,0,0,105012.05
C107064,19.0,Female,Hyderabad,70,974.61,67564.11,21.0,2,81.0,Annual,Debit Card,0,0,82517.26
C107065,61.0,Male,Bengaluru,54,1972.7,97553.81,18.0,4,87.0,Monthly,UPI,0,0,124299.34
C107066,29.0,Male,Pune,25,1784.63,40062.0,16.0,0,85.0,Quarterly,Credit Card,1,0,67602.95
C107067,47.0,Male,Bengaluru,20,2179.65,42434.18,10.0,3,87.0,Monthly,Credit Card,0,0,79313.59
C107068,53.0,Male,Bengaluru,36,1644.63,60202.48,9.0,2,71.0,Monthly,Bank Transfer,1,0,83230.27
C107069,35.0,Male,Other,23,1135.97,28094.69,6.0,0,82.0,Monthly,Credit Card,0,0,54763.45
C107070,43.0,Female,Hyderabad,1,1724.83,1723.63,10.0,0,67.0,Monthly,Bank Transfer,1,0,37433.23
C107071,70.0,Male,Pune,27,3014.83,85259.19,16.0,1,83.0,Quarterly,Credit Card,0,0,117663.55
C107072,24.0,Female,Mumbai,52,1330.08,75174.29,25.0,3,66.0,Monthly,Bank Transfer,0,0,89424.3
C107073,18.0,Female,Other,2,1848.56,3853.62,17.0,4,59.0,Annual,Debit Card,0,0,51921.52
C107074,43.0,Male,Chennai,21,1204.98,23362.28,10.0,4,33.0,Quarterly,UPI,0,0,43243.16
C107075,40.0,Female,Delhi,9,1740.23,16192.12,15.0,1,66.0,Quarterly,Debit Card,0,0,51500.13
C107076,43.0,Male,Hyderabad,48,1234.11,66065.44,11.0,0,64.0,Monthly,Credit Card,0,0,81487.76
C107077,62.0,Female,Kolkata,39,1609.61,67546.89,19.0,2,54.0,Monthly,UPI,1,0,78388.56
C107078,23.0,Female,Bengaluru,42,2517.74,106932.63,7.0,0,77.0,Monthly,Debit Card,1,0,131444.55
C107079,23.0,Female,Mumbai,71,2513.81,195030.11,22.0,1,79.0,Annual,Credit Card,0,0,176590.02
C107080,61.0,Female,Hyderabad,45,1708.8,68659.55,19.0,4,100.0,Monthly,Debit Card,0,0,110453.99
C107081,25.0,Male,Other,2,1744.99,3724.37,10.0,1,82.0,Monthly,Credit Card,0,0,35327.39
C107082,41.0,Female,Delhi,67,2304.3,159403.9,10.0,4,47.0,Monthly,Bank Transfer,1,0,156224.94
C107083,39.0,Female,Hyderabad,43,775.5,30793.58,12.0,3,100.0,Annual,Bank Transfer,1,0,59336.23
C107084,36.0,Female,Hyderabad,18,1467.9,28200.9,19.0,0,62.0,Quarterly,Credit Card,0,0,52690.36
C107085,54.0,Female,Chennai,39,2716.38,116990.21,8.0,7,49.0,Monthly,UPI,0,0,116957.44
C107086,35.0,Female,Hyderabad,6,2280.5,14520.35,5.0,1,100.0,Quarterly,Debit Card,0,0,49859.05
C107087,48.0,Female,Bengaluru,42,1892.26,83301.08,13.0,2,82.0,Annual,Bank Transfer,0,0,94833.62
C107088,54.0,Male,Other,52,494.37,27246.75,20.0,2,65.0,Monthly,Credit Card,1,0,45271.07
C107089,47.0,Male,Delhi,27,555.42,13600.72,3.0,3,86.0,Monthly,Credit Card,1,0,31610.57
C107090,59.0,Female,Kolkata,15,652.56,10710.98,1.0,2,78.0,Monthly,Bank Transfer,1,0,27313.94
C107091,50.0,Female,Chennai,19,1294.99,25347.47,20.0,4,100.0,Annual,Bank Transfer,0,0,64225.23
C107092,27.0,Female,Delhi,62,1191.67,70104.01,16.0,1,48.0,Quarterly,Bank Transfer,0,0,75630.34
C107093,54.0,Male,Chennai,64,2436.94,140019.7,14.0,2,59.0,Monthly,Debit Card,0,0,153072.94
C107094,29.0,Male,Bengaluru,51,852.16,46183.83,13.0,4,62.0,Monthly,Credit Card,0,0,54050.61
C107095,47.0,Female,Mumbai,47,1522.23,74232.68,15.0,5,94.0,Annual,Credit Card,1,0,99613.48
C107096,44.0,Female,Chennai,57,2142.43,126940.48,20.0,4,59.0,Quarterly,Bank Transfer,0,0,125103.28
C107097,56.0,Female,Other,20,1852.3,36707.88,26.0,2,41.0,Monthly,Debit Card,0,0,69050.89
C107098,26.0,Male,Mumbai,20,2049.9,44548.5,19.0,6,25.0,Monthly,Bank Transfer,0,0,70518.08
C107099,44.0,Male,Pune,64,1991.45,139751.79,9.0,1,54.0,Annual,Wallet,1,0,132231.15
C107100,29.0,Male,Delhi,38,2528.35,97535.75,13.0,1,82.0,Quarterly,Debit Card,1,0,112034.4
C107101,46.0,Male,Chennai,38,2186.29,88877.79,15.0,2,73.0,Monthly,UPI,1,0,109656.94
C107102,50.0,Other,Chennai,65,1063.07,73883.69,17.0,2,82.0,Quarterly,Credit Card,1,0,96899.8
C107103,60.0,Male,Bengaluru,5,1353.43,7058.67,15.0,4,84.0,Monthly,Debit Card,0,1,36865.11
C107104,70.0,Male,Hyderabad,64,2154.11,134255.38,16.0,4,56.0,Annual,UPI,0,0,150743.62
C107105,32.0,Male,Pune,27,1816.29,47764.54,26.0,7,78.0,Monthly,Credit Card,0,0,87059.38
C107106,19.0,Male,Kolkata,20,2451.62,45678.93,20.0,4,95.0,Monthly,Debit Card,1,0,89141.12
C107107,69.0,Female,Hyderabad,60,2554.11,136191.51,6.0,0,72.0,Monthly,UPI,0,0,177747.72
C107108,56.0,Male,Kolkata,40,2466.28,95428.22,14.0,4,56.0,Monthly,UPI,0,0,116855.23
C107109,70.0,Male,Bengaluru,6,1712.39,10667.66,23.0,3,75.0,Monthly,Debit Card,0,0,53932.56
C107110,61.0,Female,Mumbai,36,2491.0,87627.62,11.0,2,52.0,Monthly,Debit Card,0,0,98867.83
C107111,35.0,Male,Bengaluru,65,2578.26,172722.28,11.0,2,80.0,Monthly,Credit Card,0,0,183716.03
C107112,20.0,Female,Hyderabad,11,2152.03,25522.25,15.0,3,81.0,Annual,Wallet,0,0,75148.9
C107113,24.0,Male,Hyderabad,49,974.8,48347.01,15.0,2,91.0,Annual,UPI,1,0,55923.43
C107114,60.0,Female,Bengaluru,28,1126.61,30811.94,12.0,7,71.0,Monthly,UPI,1,0,55353.66
C107115,35.0,Male,Hyderabad,22,1461.55,28571.26,11.0,4,27.0,Quarterly,Credit Card,0,0,52360.7
C107116,61.0,Male,Hyderabad,47,1511.92,69127.12,23.0,3,100.0,Quarterly,UPI,0,0,100334.08
C107117,55.0,Female,Hyderabad,66,1304.96,88480.76,17.0,3,68.0,Monthly,Debit Card,0,0,91514.6
C107118,54.0,Male,Hyderabad,25,1542.37,41995.41,8.0,0,75.0,Monthly,Credit Card,1,0,66393.12
C107119,50.0,Female,Hyderabad,67,2122.77,134988.47,6.0,2,64.0,Quarterly,Debit Card,0,0,138211.16
C107120,61.0,Male,Mumbai,32,1949.86,60400.0,13.0,1,72.0,Monthly,Credit Card,0,0,84271.82
C107121,48.0,Female,Pune,17,1461.57,24229.16,17.0,1,77.0,Quarterly,UPI,0,0,61694.98
C107122,28.0,Female,Hyderabad,40,2115.61,90385.03,17.0,4,33.0,Quarterly,Bank Transfer,1,0,98375.31
C107123,21.0,Male,Hyderabad,30,2149.83,67642.03,18.0,3,67.0,Monthly,Credit Card,0,0,95154.23
C107124,35.0,Male,Delhi,59,2083.95,111089.72,20.0,2,85.0,Quarterly,UPI,0,0,143590.04
C107125,21.0,Female,Hyderabad,28,1831.43,48848.28,14.0,3,76.0,Monthly,UPI,0,0,89984.6
C107126,66.0,Female,Delhi,47,1999.22,102990.15,24.0,3,71.0,Monthly,Bank Transfer,1,0,117960.49
C107127,51.0,Male,Hyderabad,23,1782.95,43216.05,13.0,2,60.0,Quarterly,Debit Card,1,0,71008.47
C107128,46.0,Male,Bengaluru,57,1844.97,113525.4,10.0,4,64.0,Annual,Bank Transfer,1,0,110133.29
C107129,41.0,Male,Hyderabad,1,2214.93,2287.22,1.0,2,60.0,Monthly,Bank Transfer,0,0,37353.88
C107130,39.0,Male,Bengaluru,29,2404.98,75173.99,21.0,1,100.0,Monthly,UPI,0,0,106394.7
C107131,19.0,Female,Pune,50,1525.3,80743.29,6.0,0,53.0,Annual,Credit Card,1,0,85628.32
C107132,61.0,Female,Hyderabad,64,3563.2,242259.14,24.0,1,100.0,Annual,UPI,1,0,243089.17
C107133,23.0,Female,Other,37,1345.42,49482.83,1.0,4,65.0,Annual,Credit Card,0,0,58175.32
C107134,59.0,Male,Bengaluru,61,1758.98,109619.87,16.0,1,96.0,Monthly,Debit Card,0,0,136365.42
C107135,42.0,Male,Kolkata,7,2197.26,16000.18,8.0,3,83.0,Monthly,Debit Card,1,0,53693.25
C107136,38.0,Female,Hyderabad,64,2223.4,129468.79,18.0,1,78.0,Annual,UPI,0,0,160366.06
C107137,33.0,Male,Hyderabad,18,1167.15,23051.66,10.0,2,73.0,Monthly,Credit Card,1,0,43047.28
C107138,48.0,Male,Mumbai,29,1937.03,53558.55,25.0,2,99.0,Monthly,UPI,0,0,94109.99
C107139,31.0,Male,Hyderabad,60,2778.29,157550.74,7.0,2,99.0,Monthly,Wallet,0,0,190364.58
C107140,56.0,Female,Pune,54,1665.18,89439.24,16.0,4,58.0,Monthly,Credit Card,1,1,93155.83
C107141,45.0,Male,Chennai,72,874.41,65853.83,16.0,2,53.0,Monthly,UPI,0,0,75217.2
C107142,49.0,Male,Delhi,21,883.63,19103.02,10.0,5,66.0,Monthly,Debit Card,1,0,22604.5
C107143,45.0,Female,Hyderabad,21,2772.54,58432.1,21.0,3,71.0,Annual,Debit Card,1,0,102559.3
C107144,68.0,Female,Delhi,58,1571.0,82281.85,5.0,2,79.0,Quarterly,Debit Card,0,0,106411.15
C107145,66.0,Male,Mumbai,49,1779.34,96690.29,17.0,2,75.0,Monthly,UPI,0,0,105576.71
C107146,26.0,Female,Pune,36,2003.56,63500.35,20.0,4,72.0,Monthly,Debit Card,1,0,90507.39
C107147,62.0,Male,Bengaluru,17,399.0,6670.53,8.0,3,45.0,Quarterly,UPI,1,0,5225.43
C107148,39.0,Male,Other,53,2724.68,156349.01,21.0,4,94.0,Annual,Debit Card,0,0,161308.01
C107149,49.0,Female,Other,15,2974.81,39486.36,13.0,2,86.0,Monthly,UPI,0,0,91621.56
C107150,22.0,Male,Kolkata,40,1534.72,62921.79,10.0,5,58.0,Quarterly,Debit Card,0,0,73608.49
C107151,40.0,Male,Mumbai,51,1722.86,96725.87,15.0,3,62.0,Monthly,UPI,0,0,93702.3
C107152,22.0,Female,Chennai,65,2256.97,134060.16,8.0,0,84.0,Quarterly,Credit Card,0,0,146525.21
C107153,59.0,Female,Hyderabad,13,1494.73,19204.59,13.0,0,76.0,Monthly,UPI,1,0,44670.28
C107154,70.0,Female,Other,38,2508.88,105583.89,1.0,3,52.0,Monthly,Credit Card,0,0,109593.54
C107155,49.0,Male,Other,26,2134.28,60604.49,21.0,2,100.0,Quarterly,Bank Transfer,0,0,104108.85
C107156,27.0,Male,Hyderabad,15,2617.95,35141.97,21.0,2,50.0,Quarterly,Bank Transfer,1,0,86086.59
C107157,56.0,Male,Bengaluru,5,1043.08,5196.8,31.0,1,100.0,Monthly,Credit Card,1,0,51930.58
C107158,32.0,Male,Kolkata,2,2029.88,4484.31,14.0,4,100.0,Monthly,Bank Transfer,0,0,60671.95
C107159,24.0,Male,Hyderabad,65,2069.27,141577.6,20.0,4,34.0,Monthly,UPI,0,0,142012.25
C107160,46.0,Female,Hyderabad,60,1858.615,135813.34,14.0,1,45.0,Quarterly,Credit Card,0,0,152064.47
C107161,64.0,Male,Other,56,1716.9,84725.08,17.0,0,100.0,Monthly,Wallet,0,0,119773.45
C107162,20.0,Male,Pune,38,1858.615,55415.86,28.0,1,84.0,Annual,UPI,1,0,81855.92
C107163,36.0,Female,Kolkata,57,840.94,52765.25,21.0,1,82.0,Monthly,Debit Card,1,0,70076.84
C107164,27.0,Male,Hyderabad,51,1445.77,74534.1,18.0,3,88.0,Monthly,Bank Transfer,0,0,94103.56
C107165,45.0,Other,Hyderabad,41,1386.74,52112.98,2.0,4,30.0,Monthly,Credit Card,0,0,62892.53
C107166,46.0,Male,Mumbai,70,1525.68,113100.94,18.0,3,96.0,Monthly,UPI,0,0,127754.88
C107167,32.0,Female,Mumbai,52,1677.38,85339.27,5.0,2,42.0,Monthly,Credit Card,1,0,102078.99
C107168,52.0,Female,Bengaluru,1,967.68,994.11,17.0,1,92.0,Monthly,UPI,1,0,39436.5
C107169,23.0,Female,Kolkata,18,1131.51,22759.26,18.0,2,30.0,Monthly,Credit Card,0,0,45988.34
C107170,29.0,Male,Kolkata,27,1751.02,52185.57,8.0,1,78.0,Annual,UPI,0,0,73836.54
C107171,64.0,Female,Bengaluru,72,2060.1,148205.57,11.0,2,74.0,Monthly,Debit Card,0,0,159923.7
C107172,55.0,Male,Hyderabad,42,1379.05,54510.42,22.0,5,86.0,Monthly,Credit Card,0,0,76639.5
C107173,30.0,Male,Hyderabad,6,2056.07,10928.66,23.0,2,100.0,Monthly,Credit Card,0,0,60398.86
C107174,46.0,Male,Mumbai,24,2924.96,68649.05,29.0,0,77.0,Quarterly,UPI,1,0,114015.18
C107175,36.0,Male,Hyderabad,45,1782.08,73248.88,6.0,2,100.0,Monthly,Debit Card,1,0,104229.89
C107176,20.0,Male,Chennai,71,2859.72,189648.93,20.0,3,45.0,Monthly,UPI,1,0,187027.63
C107177,25.0,Male,Chennai,7,1858.615,18917.86,21.0,1,100.0,Monthly,Debit Card,1,0,80452.28
C107178,25.0,Male,Kolkata,16,2146.69,31391.08,24.0,0,65.0,Monthly,Debit Card,0,0,73519.97
C107179,37.0,Female,Bengaluru,58,1739.08,112472.93,24.0,5,94.0,Annual,Bank Transfer,0,0,131855.44
C107180,64.0,Male,Mumbai,57,1894.86,99037.77,19.0,3,89.0,Annual,Bank Transfer,0,0,135534.45
C107181,21.0,Female,Pune,42,2638.76,121352.82,26.0,0,73.0,Annual,Bank Transfer,0,0,137416.55
C107182,68.0,Other,Mumbai,14,1842.16,24801.5,15.0,4,96.0,Monthly,Bank Transfer,0,0,78370.16
C107183,38.0,Male,Other,56,3047.26,175621.25,9.0,3,75.0,Monthly,Credit Card,0,0,186509.64
C107184,20.0,Female,Mumbai,12,1593.29,19271.68,4.0,3,77.0,Monthly,Credit Card,0,0,50744.99
C107185,62.0,Female,Kolkata,15,1719.46,23003.63,4.0,1,53.0,Monthly,Credit Card,1,0,52121.08
C107186,25.0,Male,Bengaluru,8,3023.41,25785.75,19.0,1,88.0,Quarterly,Wallet,1,0,77850.6
C107187,40.0,Male,Mumbai,58,1397.54,74633.48,4.0,2,49.0,Annual,UPI,0,0,84477.29
C107188,33.0,Female,Mumbai,53,3140.31,154546.44,15.0,4,63.0,Monthly,Credit Card,1,0,176148.51
C107189,30.0,Female,Other,9,399.0,3606.43,13.0,3,50.0,Monthly,UPI,0,0,24671.89
C107190,20.0,Female,Hyderabad,46,1247.71,50808.57,11.0,4,88.0,Monthly,UPI,1,0,69139.94
C107191,65.0,Male,Hyderabad,7,1317.18,9669.17,19.0,2,74.0,Annual,Credit Card,0,0,50114.87
C107192,26.0,Female,Mumbai,44,713.34,29337.43,13.0,2,51.0,Quarterly,Debit Card,1,0,42033.07
C107193,31.0,Male,Bengaluru,14,1601.67,22569.23,12.0,0,92.0,Annual,Credit Card,1,0,60305.39
C107194,30.0,Male,Delhi,6,1500.35,8282.33,15.0,2,28.0,Quarterly,Wallet,0,0,31186.6
C107195,70.0,Male,Other,35,1919.23,70337.56,13.0,3,55.0,Quarterly,Debit Card,0,0,86877.2
C107196,24.0,Male,Other,70,449.56,27804.43,17.0,4,65.0,Monthly,UPI,0,0,50878.0
C107197,32.0,Female,Bengaluru,61,3219.85,188594.85,23.0,3,64.0,Annual,Bank Transfer,0,0,212725.46
C107198,24.0,Female,Hyderabad,24,1435.47,34301.18,14.0,5,94.0,Quarterly,Bank Transfer,1,0,52880.72
C107199,55.0,Female,Mumbai,2,1936.42,3565.33,19.0,6,98.0,Monthly,Debit Card,0,1,41917.36
C107200,51.0,Male,Mumbai,51,1400.52,62871.1,11.0,1,84.0,Monthly,Debit Card,1,0,80149.23
C107201,58.0,Female,Delhi,31,1802.8,61219.84,8.0,4,39.0,Monthly,Bank Transfer,0,0,82032.63
C107202,39.0,Female,Pune,27,1972.42,57590.72,16.0,6,63.0,Monthly,Credit Card,0,0,92283.06
C107203,41.0,Male,Mumbai,31,2239.65,61913.91,14.0,1,76.0,Monthly,UPI,1,0,99737.92
C107204,66.0,Female,Hyderabad,70,909.75,67653.76,9.0,3,86.0,Annual,Bank Transfer,0,0,80287.12
C107205,54.0,Female,Pune,43,3218.72,130234.09,19.0,2,70.0,Annual,Bank Transfer,0,0,160515.51
C107206,61.0,Female,Hyderabad,52,409.46,18903.81,2.0,1,70.0,Annual,Credit Card,1,0,31812.84
C107207,44.0,Male,Hyderabad,14,1959.88,27633.31,18.0,2,90.0,Quarterly,UPI,1,0,70362.67
C107208,27.0,Female,Pune,59,1986.1,128852.39,13.0,0,92.0,Monthly,Debit Card,1,0,140291.47
C107209,60.0,Female,Mumbai,20,1337.16,24867.17,11.0,2,78.0,Monthly,Wallet,1,1,54290.06
C107210,33.0,Male,Delhi,52,1724.55,82724.16,27.0,1,72.0,Monthly,UPI,0,0,97899.87
C107211,63.0,Female,Chennai,40,2176.02,95723.91,22.0,6,74.0,Annual,Debit Card,1,0,117515.77
C107212,44.0,Male,Hyderabad,68,1234.34,77220.68,19.0,6,65.0,Monthly,Credit Card,0,0,94632.28
C107213,66.0,Female,Bengaluru,44,399.0,15492.79,10.0,3,88.0,Quarterly,Bank Transfer,1,0,37979.34
C107214,42.0,Female,Mumbai,6,1488.01,9695.68,3.0,0,61.0,Quarterly,Debit Card,0,0,37861.46
C107215,67.0,Female,Bengaluru,57,3020.39,153400.17,27.0,0,100.0,Monthly,Bank Transfer,1,0,189853.63
C107216,29.0,Female,Delhi,58,1361.76,74907.46,6.0,2,61.0,Annual,Bank Transfer,0,0,87474.23
C107217,42.0,Male,Pune,72,1437.17,97425.61,23.0,1,54.0,Monthly,Credit Card,1,0,111713.45
C107218,34.0,Male,Chennai,30,1728.09,53726.16,17.0,2,100.0,Annual,UPI,1,0,71756.03
C107219,43.0,Female,Kolkata,52,1476.06,71814.56,14.0,2,72.0,Quarterly,Debit Card,0,0,98229.71
C107220,63.0,Male,Pune,11,1052.05,11208.1,14.0,2,48.0,Annual,Debit Card,0,0,30426.53
C107221,65.0,Male,Kolkata,47,2587.29,127845.47,21.0,3,54.0,Annual,Debit Card,0,0,132297.31
C107222,31.0,Male,Delhi,5,2003.55,10008.88,27.0,4,100.0,Monthly,UPI,0,0,49054.76
C107223,58.0,Male,Bengaluru,3,1593.51,4967.87,22.0,1,56.0,Monthly,Credit Card,0,0,38619.16
C107224,53.0,Female,Mumbai,15,1275.86,17612.05,17.0,4,73.0,Annual,Bank Transfer,0,0,47317.68
C107225,40.0,Female,Delhi,2,1361.1,3015.51,30.0,1,94.0,Monthly,UPI,0,0,49728.42
C107226,60.0,Male,Hyderabad,2,2113.3,4251.16,19.0,2,100.0,Monthly,Debit Card,1,0,45921.57
C107227,23.0,Male,Delhi,72,2047.55,130215.26,13.0,1,100.0,Quarterly,Credit Card,0,0,152710.32
C107228,64.0,Male,Mumbai,54,1742.29,91077.85,20.0,5,92.0,Quarterly,UPI,1,0,112078.36
C107229,22.0,Male,Hyderabad,46,2133.08,103753.37,16.0,2,100.0,Quarterly,Bank Transfer,0,0,124353.5
C107230,60.0,Male,Mumbai,41,3124.97,123785.07,18.0,4,100.0,Quarterly,Debit Card,0,0,158691.84
C107231,42.0,Male,Hyderabad,69,2516.13,172118.35,22.0,2,100.0,Quarterly,Wallet,1,0,183667.11
C107232,35.0,Female,Hyderabad,30,958.06,26480.55,19.0,3,90.0,Quarterly,UPI,1,0,57320.15
C107233,30.0,Female,Kolkata,44,3148.88,130026.38,17.0,1,59.0,Annual,Wallet,0,0,170110.94
C107234,60.0,Male,Mumbai,10,1639.16,14543.59,11.0,1,100.0,Monthly,Wallet,0,0,58557.25
C107235,31.0,Female,Mumbai,30,2289.32,69239.83,31.0,2,77.0,Monthly,UPI,0,0,110947.7
C107236,45.0,Female,Bengaluru,49,1609.18,80405.88,17.0,1,95.0,Monthly,UPI,1,0,97139.94
C107237,35.0,Male,Mumbai,35,901.57,28746.43,15.0,6,32.0,Annual,Credit Card,1,0,31932.83
C107238,44.0,Male,Hyderabad,65,1947.48,121755.44,20.0,1,91.0,Monthly,Bank Transfer,0,0,135420.13
C107239,68.0,Female,Pune,17,2677.34,45126.3,22.0,1,100.0,Quarterly,Bank Transfer,0,0,99418.78
C107240,44.0,Male,Pune,31,1146.61,39679.19,16.0,1,48.0,Monthly,UPI,0,0,57829.42
C107241,49.0,Female,Pune,70,1772.56,121450.95,9.0,2,79.0,Annual,Debit Card,0,0,126915.48
C107242,64.0,Female,Hyderabad,52,3380.17,167219.03,11.0,4,30.0,Annual,Bank Transfer,0,0,188381.44
C107243,26.0,Male,Mumbai,26,2885.05,75645.32,7.0,1,68.0,Annual,Debit Card,0,0,103279.65
C107244,57.0,Female,Pune,5,2380.99,12328.07,13.0,4,97.0,Monthly,UPI,0,0,67153.3
C107245,49.0,Female,Hyderabad,14,2241.45,31340.93,15.0,0,61.0,Monthly,Credit Card,1,0,65962.41
C107246,37.0,Male,Hyderabad,51,1992.07,99879.42,14.0,4,83.0,Monthly,Bank Transfer,0,0,120386.03
C107247,45.0,Male,Pune,15,1226.75,18753.23,23.0,3,87.0,Monthly,UPI,0,0,54658.24
C107248,50.0,Female,Pune,12,1461.94,17716.52,6.0,1,54.0,Monthly,Debit Card,0,0,56415.33
C107249,21.0,Female,Chennai,46,2657.19,116833.5,19.0,2,65.0,Monthly,Credit Card,0,0,140293.44
C107250,63.0,Female,Hyderabad,64,1695.23,106623.48,7.0,2,81.0,Monthly,Credit Card,0,0,113301.16
C107251,51.0,Female,Mumbai,72,894.21,61900.47,23.0,1,98.0,Annual,UPI,0,0,84917.79
C107252,65.0,Male,Chennai,59,2116.24,123570.8,1.0,4,29.0,Annual,Credit Card,0,0,107448.55
C107253,44.0,Male,Mumbai,26,523.55,14743.44,17.0,2,100.0,Monthly,Debit Card,0,0,47332.89
C107254,43.0,Male,Chennai,29,1592.45,46311.13,22.0,4,69.0,Annual,Bank Transfer,0,0,63197.45
C107255,25.0,Male,Mumbai,4,666.43,2581.27,18.0,2,89.0,Monthly,Credit Card,1,0,44829.35
C107256,23.0,Female,Delhi,50,1795.46,98355.81,8.0,0,80.0,Monthly,UPI,0,0,105720.23
C107257,33.0,Other,Pune,25,1961.1,46915.19,19.0,3,80.0,Monthly,Debit Card,1,0,78490.49
C107258,41.0,Female,Delhi,40,3011.93,122053.84,16.0,4,63.0,Annual,Credit Card,0,0,148918.09
C107259,65.0,Female,Hyderabad,32,2176.05,69508.97,3.0,2,54.0,Monthly,UPI,0,0,89428.58
C107260,56.0,Male,Chennai,37,1732.98,70813.82,9.0,4,61.0,Annual,UPI,0,0,76276.11
C107261,47.0,Male,Hyderabad,10,1206.74,11639.62,10.0,2,56.0,Monthly,Debit Card,0,0,38593.49
C107262,62.0,Male,Chennai,38,2342.19,93347.82,5.0,4,25.0,Annual,Credit Card,0,0,88091.07
C107263,30.0,Female,Other,61,700.89,44190.89,17.0,2,90.0,Monthly,Credit Card,1,0,61123.79
C107264,22.0,Male,Delhi,27,2784.92,66206.26,31.0,4,66.0,Quarterly,Debit Card,1,0,119176.08
C107265,42.0,Female,Hyderabad,7,2327.0,17133.81,15.0,3,100.0,Annual,Credit Card,1,0,57957.83
C107266,37.0,Female,Bengaluru,9,1287.44,11894.83,10.0,2,83.0,Annual,Credit Card,0,0,56492.29
C107267,35.0,Male,Hyderabad,59,1521.09,87288.18,12.0,2,71.0,Annual,UPI,0,0,101010.03
C107268,64.0,Male,Hyderabad,36,1456.97,56910.01,1.0,1,76.0,Monthly,Debit Card,1,0,77465.36
C107269,35.0,Female,Mumbai,30,1741.23,48331.27,4.0,2,41.0,Quarterly,UPI,0,0,65693.84
C107270,19.0,Male,Bengaluru,19,2245.49,46065.28,20.0,2,100.0,Annual,UPI,1,0,87735.98
C107271,27.0,Female,Hyderabad,41,1624.3,74520.27,13.0,1,65.0,Monthly,Credit Card,0,0,90702.85
C107272,62.0,Female,Hyderabad,55,2012.05,109222.35,3.0,2,96.0,Quarterly,UPI,1,0,118753.19
C107273,67.0,Male,Delhi,6,1494.95,8866.98,15.0,2,85.0,Monthly,Debit Card,1,0,40532.36
C107274,64.0,Male,Mumbai,22,2737.91,64976.12,12.0,2,100.0,Monthly,Credit Card,0,0,102745.12
C107275,29.0,Male,Pune,70,2297.41,163183.21,20.0,0,83.0,Quarterly,Credit Card,0,0,178448.08
C107276,64.0,Female,Hyderabad,24,2510.38,58700.8,9.0,3,51.0,Monthly,UPI,1,0,79366.62
C107277,30.0,Male,Pune,62,2036.61,123643.18,30.0,3,95.0,Monthly,UPI,1,0,142472.7
C107278,67.0,Female,Mumbai,42,2560.83,96942.56,5.0,4,70.0,Monthly,Bank Transfer,0,1,126391.25
C107279,64.0,Female,Bengaluru,22,420.1,9271.3,8.0,3,75.0,Quarterly,UPI,0,0,32787.14
C107280,28.0,Female,Bengaluru,16,1788.43,26560.08,3.0,2,72.0,Quarterly,Bank Transfer,0,0,59073.91
C107281,36.0,Male,Chennai,13,2779.09,37863.62,11.0,0,41.0,Monthly,Debit Card,1,0,70175.28
C107282,52.0,Female,Chennai,37,2705.75,107172.29,14.0,2,88.0,Annual,Debit Card,0,0,134479.57
C107283,56.0,Female,Hyderabad,52,2198.65,113541.74,20.0,2,37.0,Monthly,Credit Card,0,0,133366.59
C107284,70.0,Female,Pune,24,1349.32,31049.69,13.0,2,84.0,Quarterly,Debit Card,1,0,56656.62
C107285,43.0,Female,Hyderabad,17,2245.67,39128.72,19.0,3,87.0,Monthly,Credit Card,0,0,77810.48
C107286,63.0,Female,Mumbai,16,2110.76,29789.84,20.0,1,100.0,Monthly,Bank Transfer,0,0,76236.19
C107287,31.0,Female,Chennai,1,951.54,969.19,11.0,3,72.0,Quarterly,UPI,1,0,36448.08
C107288,62.0,Male,Mumbai,1,2480.66,2591.49,6.0,8,34.0,Quarterly,Bank Transfer,1,0,40110.57
C107289,61.0,Female,Kolkata,30,1932.85,54369.51,15.0,1,69.0,Annual,UPI,1,0,77544.36
C107290,41.0,Male,Other,24,1408.86,36116.9,22.0,1,75.0,Annual,UPI,0,0,65580.76
C107291,58.0,Female,Hyderabad,46,1004.37,47711.58,25.0,2,100.0,Monthly,Credit Card,0,0,84318.34
C107292,18.0,Female,Chennai,2,1463.59,2898.35,1.0,1,99.0,Quarterly,UPI,1,0,35949.45
C107293,68.0,Male,Pune,15,1969.0,26211.79,3.0,1,93.0,Monthly,Credit Card,1,0,65026.27
C107294,60.0,Female,Bengaluru,29,1759.46,45248.45,4.0,0,60.0,Annual,Credit Card,1,0,64545.49
C107295,39.0,Female,Delhi,62,1215.67,67668.63,23.0,2,64.0,Quarterly,Credit Card,1,0,103530.61
C107296,40.0,Male,Other,13,1352.63,17992.86,23.0,2,100.0,Monthly,Wallet,1,0,47782.01
C107297,36.0,Female,Delhi,65,1919.14,128256.95,14.0,1,52.0,Quarterly,Bank Transfer,0,0,136623.4
C107298,35.0,Male,Hyderabad,45,2669.85,123830.55,15.0,1,53.0,Annual,Bank Transfer,1,0,125204.66
C107299,29.0,Female,Pune,47,1839.65,76655.17,20.0,1,72.0,Monthly,Wallet,0,0,112296.95
C107300,45.0,Female,Other,16,2953.92,48926.94,18.0,2,52.0,Monthly,UPI,1,0,83401.75
C107301,45.0,Female,Delhi,3,1217.81,3547.91,28.0,0,71.0,Quarterly,Bank Transfer,0,0,56595.22
C107302,50.0,Female,Chennai,70,1381.43,99166.04,12.0,3,76.0,Monthly,Debit Card,1,0,112814.17
C107303,36.0,Female,Other,5,2163.05,11667.3,19.0,1,90.0,Quarterly,Debit Card,0,0,55667.09
C107304,45.0,Male,Other,26,1693.45,39010.87,15.0,2,84.0,Monthly,Debit Card,0,0,78686.86
C107305,69.0,Male,Other,15,2790.09,45400.4,22.0,2,71.0,Annual,Credit Card,0,0,103901.61
C107306,66.0,Female,Chennai,55,1166.41,62115.9,19.0,3,59.0,Annual,Bank Transfer,1,0,80356.85
C107307,54.0,Female,Pune,22,2238.49,50117.72,14.0,4,40.0,Annual,Credit Card,1,0,68820.06
C107308,43.0,Female,Delhi,37,2247.77,88603.32,11.0,0,71.0,Monthly,Bank Transfer,1,0,95765.81
C107309,52.0,Female,Hyderabad,29,621.72,18960.17,13.0,6,63.0,Monthly,Bank Transfer,1,0,43701.54
C107310,51.0,Female,Mumbai,26,945.52,21727.79,6.0,2,100.0,Monthly,UPI,0,0,43564.22
C107311,52.0,Male,Pune,70,1396.74,96669.03,21.0,2,58.0,Monthly,Credit Card,1,0,119034.38
C107312,44.0,Female,Kolkata,11,1170.17,13818.37,11.0,0,73.0,Annual,Debit Card,0,0,49401.45
C107313,33.0,Male,Kolkata,20,1992.2,37063.8,16.0,3,54.0,Annual,Credit Card,1,0,69783.5
C107314,55.0,Male,Hyderabad,70,2244.82,172506.63,4.0,8,33.0,Quarterly,Credit Card,1,0,146335.7
C107315,30.0,Female,Mumbai,33,1453.35,47577.01,18.0,1,78.0,Quarterly,UPI,1,0,75816.48
C107316,40.0,Female,Chennai,30,2531.54,81777.66,12.0,2,41.0,Annual,Debit Card,0,0,102329.09
C107317,39.0,Male,Kolkata,50,1380.91,74918.52,33.0,0,88.0,Annual,Credit Card,0,0,110898.17
C107318,33.0,Female,Hyderabad,34,1287.48,40696.63,20.0,2,65.0,Quarterly,Credit Card,0,0,68353.8
C107319,45.0,Female,Delhi,5,1355.33,7497.44,1.0,0,40.0,Monthly,Bank Transfer,1,0,25091.75
C107320,65.0,Female,Mumbai,12,1663.56,21208.62,23.0,1,82.0,Monthly,UPI,0,0,58778.78
C107321,52.0,Female,Kolkata,52,979.01,49888.74,16.0,3,84.0,Annual,Bank Transfer,0,0,84516.27
C107322,44.0,Male,Chennai,51,1103.47,60800.72,3.0,1,96.0,Annual,Credit Card,0,0,73766.41
C107323,63.0,Female,Delhi,21,757.42,14416.34,6.0,2,37.0,Monthly,Debit Card,0,0,28311.32
C107324,25.0,Female,Other,71,1952.67,124505.38,8.0,3,79.0,Monthly,UPI,1,0,131533.75
C107325,61.0,Female,Pune,58,2268.6,140879.18,25.0,2,54.0,Annual,UPI,1,0,147658.29
C107326,39.0,Female,Hyderabad,64,399.0,24186.27,6.0,2,88.0,Quarterly,Credit Card,0,0,43494.04
C107327,38.0,Male,Hyderabad,6,2867.74,18760.01,15.0,3,77.0,Quarterly,Bank Transfer,0,1,71476.08
C107328,43.0,Male,Pune,49,528.09,23094.11,9.0,3,88.0,Monthly,Bank Transfer,1,0,52591.95
C107329,57.0,Female,Bengaluru,72,2386.89,158106.3,10.0,1,63.0,Quarterly,Credit Card,1,0,187189.3
C107330,38.0,Female,Delhi,37,2485.86,97523.07,18.0,0,100.0,Quarterly,Credit Card,0,0,119861.55
C107331,42.0,Female,Delhi,10,2540.07,27810.09,18.0,2,52.0,Monthly,UPI,0,0,63608.35
C107332,58.0,Male,Other,66,1627.65,111277.29,6.0,1,69.0,Annual,Bank Transfer,1,0,108426.35
C107333,18.0,Male,Chennai,56,1871.29,115796.89,1.0,0,80.0,Quarterly,Debit Card,0,0,130849.58
C107334,23.0,Male,Delhi,71,1929.77,135272.79,7.0,3,88.0,Annual,Debit Card,1,0,141567.92
C107335,40.0,Female,Hyderabad,66,2972.86,211089.72,12.0,3,47.0,Monthly,UPI,1,0,185161.84
C107336,68.0,Male,Chennai,45,1877.71,79517.14,18.0,6,68.0,Annual,UPI,0,0,107926.74
C107337,40.0,Female,Hyderabad,68,2702.04,204964.62,18.0,2,57.0,Quarterly,UPI,1,0,186813.12
C107338,60.0,Male,Pune,64,1140.85,70389.14,25.0,5,86.0,Monthly,UPI,0,0,87402.13
C107339,60.0,Female,Pune,16,1395.18,24631.6,19.0,3,86.0,Monthly,Credit Card,0,0,36288.25
C107340,40.0,Male,Bengaluru,10,1603.74,14990.11,10.0,0,71.0,Monthly,UPI,1,0,61409.15
C107341,49.0,Male,Bengaluru,21,1812.21,34329.93,17.0,2,60.0,Monthly,UPI,1,0,69573.14
C107342,47.0,Female,Delhi,12,1765.11,20487.9,1.0,6,82.0,Monthly,Wallet,0,0,49883.92
C107343,30.0,Female,Delhi,13,1414.44,16223.43,20.0,4,60.0,Quarterly,Bank Transfer,0,0,40498.56
C107344,60.0,Male,Delhi,10,1858.615,3806.83,19.0,3,42.0,Monthly,UPI,0,0,20866.18
C107345,35.0,Female,Other,13,1228.71,17630.76,7.0,2,53.0,Annual,Bank Transfer,0,0,42835.29
C107346,40.0,Male,Kolkata,34,2158.47,81268.46,28.0,6,67.0,Quarterly,UPI,0,0,107844.03
C107347,32.0,Male,Chennai,59,2371.0,123526.12,21.0,1,63.0,Monthly,UPI,0,0,155955.19
C107348,50.0,Male,Bengaluru,49,1615.81,70307.32,24.0,0,84.0,Monthly,Credit Card,0,0,109142.59
C107349,38.0,Male,Mumbai,6,1523.42,9070.61,22.0,3,59.0,Annual,UPI,0,0,36911.86
C107350,56.0,Female,Pune,12,955.05,10474.61,10.0,4,87.0,Annual,Bank Transfer,0,1,42249.19
C107351,40.0,Male,Chennai,29,2700.85,80269.79,12.0,1,73.0,Monthly,UPI,1,0,107515.26
C107352,44.0,Female,Delhi,26,2150.85,61502.49,9.0,1,62.0,Quarterly,UPI,1,0,78736.78
C107353,62.0,Male,Hyderabad,68,1250.79,93256.57,1.0,5,74.0,Annual,Credit Card,0,0,100520.08
C107354,61.0,Female,Kolkata,16,2268.02,38007.3,19.0,2,55.0,Annual,UPI,0,0,71743.1
C107355,35.0,Male,Pune,53,1846.97,101349.1,25.0,3,80.0,Monthly,Debit Card,0,0,112886.58
C107356,41.0,Male,Chennai,19,2474.56,46973.19,14.0,3,57.0,Quarterly,Credit Card,1,0,79975.78
C107357,68.0,Male,Chennai,47,1910.06,87435.35,35.0,3,81.0,Quarterly,Credit Card,0,0,115599.04
C107358,64.0,Female,Hyderabad,32,1741.91,61792.13,10.0,1,63.0,Monthly,Debit Card,1,0,88594.08
C107359,57.0,Female,Pune,70,2450.1,181629.1,6.0,2,51.0,Annual,Wallet,0,0,165994.2
C107360,68.0,Female,Pune,70,2437.97,186082.17,17.0,2,55.0,Monthly,UPI,0,0,170224.46
C107361,59.0,Male,Delhi,61,1806.45,118489.56,15.0,3,71.0,Monthly,Credit Card,0,0,125777.4
C107362,24.0,Female,Hyderabad,5,1071.62,5985.74,22.0,2,76.0,Monthly,UPI,0,0,42408.46
C107363,67.0,Female,Bengaluru,59,2176.08,135906.71,17.0,3,100.0,Monthly,Debit Card,0,0,151168.74
C107364,65.0,Male,Chennai,2,2204.69,4425.06,23.0,1,86.0,Monthly,UPI,0,0,68543.87
C107365,37.0,Male,Bengaluru,2,2256.39,5017.0,4.0,2,15.0,Annual,UPI,1,0,36127.0
C107366,44.0,Female,Chennai,3,2072.08,6875.61,15.0,2,51.0,Monthly,UPI,0,0,31844.74
C107367,23.0,Female,Bengaluru,70,1858.615,93013.06,13.0,1,70.0,Monthly,Credit Card,1,0,120481.72
C107368,44.0,Male,Bengaluru,43,1887.0,73590.94,21.0,1,80.0,Monthly,Bank Transfer,0,0,90613.96
C107369,26.0,Female,Delhi,5,2424.25,11599.2,10.0,0,62.0,Monthly,Bank Transfer,1,0,48408.15
C107370,70.0,Female,Kolkata,50,2077.23,111319.99,7.0,0,57.0,Quarterly,Credit Card,1,0,122338.8
C107371,62.0,Female,Chennai,10,2665.11,28685.94,14.0,2,72.0,Annual,Debit Card,0,0,77378.68
C107372,48.0,Male,Delhi,27,2652.58,74533.39,16.0,0,100.0,Annual,Wallet,1,0,118956.15
C107373,38.0,Female,Hyderabad,24,2984.62,76403.31,19.0,0,97.0,Quarterly,Wallet,0,0,115011.9
C107374,43.0,Male,Mumbai,22,2542.09,60757.12,8.0,2,69.0,Monthly,Debit Card,0,0,83324.49
C107375,57.0,Male,Kolkata,3,1446.27,4083.9,20.0,1,83.0,Monthly,Credit Card,0,0,47475.66
C107376,65.0,Female,Hyderabad,16,1509.41,22265.42,6.0,4,46.0,Quarterly,Wallet,0,0,59250.98
C107377,62.0,Male,Bengaluru,30,608.3,18260.85,9.0,3,51.0,Monthly,Credit Card,1,0,27738.47
C107378,30.0,Male,Hyderabad,43,1278.71,57156.49,15.0,1,53.0,Quarterly,Debit Card,0,0,71742.04
C107379,66.0,Male,Mumbai,4,2111.63,8891.86,22.0,1,75.0,Monthly,Credit Card,1,0,55542.43
C107380,40.0,Male,Delhi,40,2392.84,85774.05,6.0,2,21.0,Monthly,UPI,1,1,94487.09
C107381,37.0,Male,Hyderabad,16,1192.83,19018.88,21.0,1,76.0,Monthly,Credit Card,0,0,47795.88
C107382,54.0,Male,Hyderabad,72,2329.3,166094.06,14.0,1,83.0,Monthly,Credit Card,0,0,184348.41
C107383,70.0,Female,Kolkata,16,1898.46,27166.53,18.0,2,94.0,Monthly,Debit Card,1,0,69491.91
C107384,45.0,Male,Chennai,66,2544.35,164704.03,10.0,2,66.0,Monthly,Credit Card,0,0,173309.85
C107385,34.0,Other,Chennai,55,2569.39,157049.01,14.0,3,35.0,Quarterly,UPI,0,0,151612.68
C107386,45.0,Male,Other,20,2060.09,37179.86,17.0,3,56.0,Monthly,Credit Card,0,0,71133.06
C107387,58.0,Male,Bengaluru,51,1586.14,74665.6,27.0,3,93.0,Monthly,Credit Card,0,0,115954.59
C107388,19.0,Female,Kolkata,57,2000.64,107738.39,6.0,4,26.0,Monthly,Wallet,0,0,103415.67
C107389,42.0,Male,Other,51,2442.46,123619.83,10.0,3,66.0,Monthly,UPI,1,0,137291.44
C107390,67.0,Female,Bengaluru,18,2859.94,51252.77,10.0,3,69.0,Annual,Bank Transfer,0,0,95038.39
C107391,58.0,Female,Mumbai,59,1866.71,109858.33,16.0,0,94.0,Annual,UPI,0,0,129458.95
C107392,23.0,Male,Mumbai,28,2899.75,87069.41,5.0,4,59.0,Annual,Bank Transfer,1,0,106925.61
C107393,28.0,Female,Kolkata,69,1707.8,125466.35,6.0,2,57.0,Quarterly,Bank Transfer,0,0,120205.71
C107394,55.0,Male,Bengaluru,28,3772.14,112404.31,28.0,4,30.0,Annual,Wallet,0,0,137714.0
C107395,23.0,Other,Pune,13,1474.45,19434.33,14.0,3,86.0,Quarterly,UPI,0,0,60126.24
C107396,62.0,Female,Other,6,1858.615,7733.14,11.0,3,43.0,Monthly,UPI,0,0,34340.22
C107397,28.0,Female,Pune,29,2382.28,62260.81,33.0,3,62.0,Quarterly,Credit Card,1,0,108554.99
C107398,31.0,Male,Kolkata,9,2307.16,21411.28,12.0,5,75.0,Monthly,Wallet,0,0,59233.11
C107399,19.0,Male,Delhi,29,1035.05,27943.92,12.0,3,36.0,Quarterly,Debit Card,1,0,42969.21
C107400,57.0,Male,Kolkata,38,2004.04,78427.0,15.0,1,97.0,Annual,Bank Transfer,0,0,114905.43
C107401,20.0,Male,Hyderabad,65,2186.59,157765.4,21.0,3,100.0,Monthly,Credit Card,1,0,163180.61
C107402,70.0,Female,Delhi,56,1828.23,102714.97,3.0,2,50.0,Quarterly,UPI,0,1,109971.98
C107403,52.0,Female,Delhi,30,2418.2,64052.44,28.0,4,80.0,Monthly,Credit Card,0,0,112784.36
C107404,50.0,Male,Chennai,59,2321.46,122669.06,21.0,3,35.0,Annual,Debit Card,0,0,142128.3
C107405,41.0,Female,Hyderabad,58,2343.45,121071.75,19.0,1,59.0,Monthly,Credit Card,1,0,143466.26
C107406,36.0,Female,Delhi,10,2216.31,22783.36,11.0,2,86.0,Annual,Debit Card,0,0,54324.83
C107407,35.0,Female,Hyderabad,21,2460.41,46017.29,14.0,1,92.0,Quarterly,UPI,0,0,96400.5
C107408,66.0,Male,Chennai,56,2471.1,138681.25,19.0,4,60.0,Monthly,Bank Transfer,1,0,138550.21
C107409,69.0,Male,Chennai,26,1920.92,45068.1,10.0,1,60.0,Monthly,Debit Card,0,0,78971.95
C107410,41.0,Female,Other,15,1790.22,26405.61,22.0,2,72.0,Monthly,UPI,1,0,59476.91
C107411,62.0,Female,Bengaluru,35,1826.41,66414.99,15.0,6,24.0,Annual,Credit Card,0,0,75237.66
C107412,52.0,Female,Pune,15,1628.42,26898.83,4.0,5,55.0,Monthly,Bank Transfer,0,0,43591.03
C107413,18.0,Female,Hyderabad,6,2008.97,10919.99,9.0,2,69.0,Monthly,Debit Card,0,0,48402.5
C107414,53.0,Male,Mumbai,28,2279.03,67340.36,10.0,1,100.0,Monthly,Credit Card,0,0,95463.12
C107415,42.0,Female,Mumbai,63,2559.68,164717.21,13.0,1,100.0,Monthly,Debit Card,1,0,175602.33
C107416,62.0,Male,Delhi,29,694.12,22059.81,13.0,4,100.0,Monthly,UPI,1,0,54611.4
C107417,66.0,Female,Pune,48,399.0,20082.21,10.0,4,100.0,Quarterly,UPI,1,0,46147.84
C107418,60.0,Female,Pune,63,1956.87,118803.85,10.0,1,91.0,Annual,Wallet,0,0,144493.83
C107419,51.0,Female,Pune,58,2137.51,133326.67,14.0,1,59.0,Annual,Credit Card,0,0,142548.94
C107420,42.0,Female,Chennai,21,784.36,16444.13,14.0,1,57.0,Annual,Credit Card,0,0,50079.23
C107421,33.0,Female,Delhi,22,1946.96,40660.05,6.0,2,64.0,Quarterly,UPI,0,0,68092.13
C107422,51.0,Male,Mumbai,27,1073.2,30803.14,15.0,0,46.0,Monthly,Bank Transfer,0,0,58414.68
C107423,46.0,Male,Hyderabad,57,1888.05,104711.67,15.0,0,100.0,Monthly,UPI,0,0,142267.18
C107424,36.0,Female,Kolkata,10,553.65,5819.62,17.0,1,69.0,Monthly,Credit Card,1,0,38782.22
C107425,40.0,Male,Kolkata,22,1439.05,30117.75,12.0,4,83.0,Monthly,Debit Card,0,0,56620.02
C107426,36.0,Male,Bengaluru,44,1971.46,92290.91,17.0,2,100.0,Monthly,UPI,0,0,104589.69
C107427,42.0,Male,Kolkata,28,2425.86,75494.4,17.0,2,95.0,Annual,Debit Card,0,0,96775.49
C107428,33.0,Female,Pune,50,1869.62,103290.45,19.0,2,67.0,Quarterly,Bank Transfer,0,0,119900.44
C107429,68.0,Male,Chennai,51,1344.16,66422.75,18.0,2,28.0,Annual,Credit Card,1,0,65093.74
C107430,26.0,Female,Bengaluru,1,2051.31,1950.1,19.0,3,86.0,Monthly,Debit Card,0,0,51109.66
C107431,18.0,Female,Other,34,1244.03,41025.39,6.0,0,76.0,Monthly,Bank Transfer,0,0,63295.99
C107432,59.0,Female,Delhi,35,2347.58,74223.8,11.0,2,84.0,Annual,UPI,0,0,97937.21
C107433,36.0,Male,Bengaluru,61,2887.8,157581.86,9.0,1,56.0,Monthly,Credit Card,0,0,183584.01
C107434,50.0,Female,Delhi,30,1597.15,48492.86,4.0,4,34.0,Monthly,Credit Card,0,0,58862.01
C107435,51.0,Other,Mumbai,68,3405.35,259073.12,1.0,2,43.0,Annual,UPI,0,0,209639.99
C107436,33.0,Female,Mumbai,40,2198.49,94995.22,25.0,2,94.0,Monthly,Credit Card,0,0,116394.37
C107437,61.0,Female,Delhi,65,1891.95,119398.5,12.0,2,91.0,Annual,Wallet,0,0,140627.97
C107438,57.0,Female,Mumbai,37,3033.05,119076.12,25.0,4,100.0,Monthly,Bank Transfer,1,0,140480.13
C107439,35.0,Male,Delhi,64,2051.18,141984.47,24.0,3,91.0,Annual,Credit Card,0,0,145433.08
C107440,51.0,Female,Kolkata,1,1231.9,1236.09,10.0,2,52.0,Monthly,Bank Transfer,0,0,39004.05
C107441,42.0,Male,Other,15,1400.04,19005.78,19.0,3,80.0,Monthly,UPI,1,0,50995.96
C107442,62.0,Male,Delhi,13,1851.6,24861.7,22.0,3,58.0,Monthly,Debit Card,0,0,66030.45
C107443,23.0,Other,Kolkata,29,1349.47,37690.89,15.0,3,65.0,Monthly,Credit Card,1,0,65905.32
C107444,38.0,Male,Pune,55,1565.5,76286.35,20.0,1,89.0,Monthly,Credit Card,1,0,113224.69
C107445,23.0,Male,Bengaluru,45,1659.0,78610.11,18.0,2,58.0,Annual,UPI,1,0,97423.8
C107446,49.0,Female,Other,4,2422.78,8978.09,26.0,3,79.0,Annual,Debit Card,0,0,54973.1
C107447,58.0,Other,Hyderabad,64,3089.5,204023.62,13.0,3,100.0,Monthly,UPI,0,0,216219.4
C107448,65.0,Male,Bengaluru,15,1717.02,25857.04,19.0,2,100.0,Monthly,Debit Card,0,0,77031.44
C107449,60.0,Female,Delhi,48,1219.31,57262.74,12.0,2,88.0,Monthly,Credit Card,0,0,76649.42
C107450,56.0,Male,Mumbai,56,1753.75,94733.77,8.0,1,35.0,Monthly,Bank Transfer,0,0,100621.79
C107451,48.0,Male,Mumbai,70,1166.92,73854.07,6.0,4,79.0,Quarterly,Bank Transfer,0,0,92339.34
C107452,59.0,Male,Pune,15,3837.31,50665.48,21.0,3,70.0,Monthly,UPI,0,0,116764.57
C107453,27.0,Male,Hyderabad,39,2757.61,117063.89,21.0,0,66.0,Annual,Credit Card,0,0,151752.97
C107454,47.0,Male,Other,69,2809.52,203473.65,19.0,0,59.0,Monthly,Credit Card,0,0,215280.9
C107455,69.0,Male,Chennai,60,2346.64,124421.69,20.0,0,53.0,Quarterly,UPI,0,0,148030.37
C107456,35.0,Female,Other,44,1279.13,51232.21,15.0,1,86.0,Annual,UPI,0,0,76935.15
C107457,41.0,Female,Chennai,43,2070.53,79593.25,15.0,2,91.0,Monthly,UPI,0,0,119471.89
C107458,69.0,Female,Mumbai,4,2072.32,7599.32,19.0,2,92.0,Monthly,Bank Transfer,1,0,67401.25
C107459,26.0,Female,Chennai,50,2508.71,129480.41,18.0,0,58.0,Monthly,UPI,1,0,152837.46
C107460,48.0,Male,Delhi,39,2036.24,70371.36,9.0,4,58.0,Monthly,Bank Transfer,0,0,95246.01
C107461,32.0,Female,Hyderabad,54,1261.68,68152.49,19.0,1,100.0,Quarterly,Credit Card,0,0,94769.4
C107462,21.0,Female,Chennai,23,3138.04,74297.88,22.0,3,55.0,Monthly,UPI,0,0,111472.24
C107463,57.0,Male,Hyderabad,60,2356.08,126285.22,11.0,1,71.0,Quarterly,Bank Transfer,1,0,145254.27
C107464,26.0,Male,Mumbai,35,1589.43,56915.34,14.0,4,51.0,Monthly,Debit Card,0,0,74078.55
C107465,62.0,Female,Other,54,1803.75,97305.68,25.0,1,78.0,Monthly,Wallet,1,0,111223.8
C107466,26.0,Female,Hyderabad,58,2377.04,124590.64,13.0,1,52.0,Annual,UPI,0,0,148243.03
C107467,44.0,Female,Delhi,62,1590.36,98631.71,11.0,1,63.0,Monthly,Wallet,0,0,117953.55
C107468,21.0,Male,Pune,48,1883.48,85942.97,27.0,4,98.0,Monthly,UPI,1,0,114908.16
C107469,34.0,Male,Hyderabad,7,2021.57,13857.87,14.0,5,59.0,Monthly,Debit Card,1,0,46919.56
C107470,33.0,Female,Bengaluru,45,1688.57,75891.4,20.0,6,90.0,Quarterly,Credit Card,0,0,118483.93
C107471,32.0,Female,Hyderabad,13,2276.41,26245.68,6.0,1,38.0,Monthly,UPI,1,1,63456.54
C107472,52.0,Male,Bengaluru,53,1851.96,103078.69,15.0,3,85.0,Annual,Credit Card,1,0,124025.92
C107473,69.0,Male,Hyderabad,39,1400.75,56404.8,11.0,2,40.0,Monthly,Debit Card,0,1,61441.4
C107474,22.0,Female,Bengaluru,18,2450.82,40224.25,21.0,0,67.0,Monthly,Credit Card,0,0,82711.57
C107475,22.0,Female,Bengaluru,22,2218.15,45666.28,21.0,1,83.0,Quarterly,UPI,1,0,91111.06
C107476,37.0,Male,Pune,36,1787.77,57259.4,7.0,1,87.0,Monthly,Debit Card,0,0,92492.07
C107477,32.0,Male,Pune,53,1378.5,70750.64,23.0,2,71.0,Monthly,Wallet,1,0,94823.06
C107478,35.0,Female,Pune,72,2358.45,179014.04,19.0,0,71.0,Monthly,UPI,0,0,178575.16
C107479,64.0,Female,Mumbai,3,2018.15,6053.98,23.0,1,57.0,Annual,Debit Card,1,0,56102.48
C107480,19.0,Male,Bengaluru,62,1649.69,104926.0,21.0,4,89.0,Monthly,Debit Card,1,0,118884.79
C107481,46.0,Male,Chennai,29,1426.36,40735.2,23.0,1,100.0,Monthly,UPI,0,0,83867.85
C107482,30.0,Female,Bengaluru,8,1278.24,10320.1,7.0,0,40.0,Annual,Credit Card,1,0,17538.79
C107483,21.0,Male,Mumbai,46,2710.06,121124.23,18.0,1,60.0,Annual,Debit Card,1,0,145729.3
C107484,59.0,Female,Other,56,1235.09,61144.47,27.0,1,83.0,Quarterly,Credit Card,0,0,95692.85
C107485,62.0,Female,Bengaluru,49,1160.35,61198.27,13.0,1,100.0,Annual,Credit Card,0,0,81169.85
C107486,27.0,Male,Chennai,43,1992.18,94527.37,17.0,1,88.0,Annual,Credit Card,0,0,100968.33
C107487,48.0,Female,Delhi,10,1990.37,21139.8,16.0,2,54.0,Monthly,Debit Card,1,0,55127.51
C107488,58.0,Female,Pune,13,2784.1,40160.95,24.0,3,56.0,Monthly,Bank Transfer,0,0,78645.51
C107489,25.0,Female,Bengaluru,57,2004.64,116383.51,20.0,4,84.0,Quarterly,Credit Card,1,0,127886.27
C107490,20.0,Male,Bengaluru,2,485.4,1055.52,3.0,1,50.0,Monthly,Debit Card,1,0,20387.05
C107491,65.0,Other,Kolkata,65,1163.76,76064.15,12.0,3,47.0,Monthly,Debit Card,0,1,87254.71
C107492,63.0,Male,Hyderabad,42,3041.13,135178.38,8.0,1,39.0,Annual,Debit Card,0,0,152474.57
C107493,26.0,Female,Mumbai,58,1784.36,99286.82,15.0,2,96.0,Quarterly,UPI,0,0,114987.9
C107494,47.0,Female,Kolkata,10,1357.07,13731.19,13.0,0,54.0,Annual,Debit Card,1,0,33368.77
C107495,70.0,Male,Kolkata,63,927.58,59730.32,17.0,8,27.0,Quarterly,UPI,1,0,64867.12
C107496,28.0,Female,Hyderabad,71,2187.27,170852.32,30.0,1,55.0,Monthly,Wallet,1,0,165609.57
C107497,52.0,Female,Bengaluru,61,1452.9,82381.21,11.0,2,64.0,Annual,UPI,0,1,100246.92
C107498,54.0,Male,Bengaluru,1,1985.6,2205.82,2.0,2,72.0,Annual,Debit Card,0,0,42768.17
C107499,59.0,Male,Mumbai,26,1547.55,44276.15,15.0,4,84.0,Monthly,Debit Card,0,0,68841.54
C107500,30.0,Female,Delhi,5,3195.55,15455.35,13.0,0,72.0,Annual,UPI,0,0,73704.95
C107501,53.0,Male,Other,35,1094.39,35063.56,9.0,4,87.0,Monthly,UPI,0,0,79442.08
C107502,30.0,Male,Mumbai,13,2706.96,34326.76,15.0,2,98.0,Quarterly,Debit Card,0,0,78826.19
C107503,29.0,Female,Mumbai,27,3259.68,88861.01,6.0,0,83.0,Monthly,UPI,0,0,124936.79
C107504,54.0,Female,Chennai,12,1368.08,16685.91,10.0,4,100.0,Annual,UPI,0,0,62505.26
C107505,27.0,Female,Hyderabad,50,870.56,48495.95,8.0,4,84.0,Quarterly,Wallet,0,0,62539.68
C107506,26.0,Male,Bengaluru,59,1999.51,113051.63,7.0,4,15.0,Monthly,Bank Transfer,1,0,111538.19
C107507,69.0,Male,Bengaluru,31,1843.86,52153.87,15.0,3,90.0,Monthly,Bank Transfer,0,0,86398.87
C107508,24.0,Male,Pune,69,1858.615,175168.32,13.0,1,71.0,Monthly,Credit Card,1,0,185637.93
C107509,19.0,Female,Mumbai,37,1024.73,33861.4,22.0,2,85.0,Quarterly,Debit Card,0,0,67658.51
C107510,40.0,Female,Bengaluru,2,1945.86,4198.71,18.0,4,82.0,Monthly,UPI,1,0,39168.96
C107511,56.0,Male,Mumbai,71,2339.09,172928.48,17.0,4,99.0,Annual,UPI,0,0,190830.16
C107512,57.0,Male,Hyderabad,65,2125.65,137528.37,25.0,2,67.0,Annual,UPI,1,0,157358.92
C107513,56.0,Female,Hyderabad,3,1537.03,4412.56,12.0,0,63.0,Quarterly,Bank Transfer,1,1,28123.24
C107514,38.0,Female,Pune,20,1769.54,35005.19,24.0,3,73.0,Monthly,Bank Transfer,1,0,78291.5
C107515,40.0,Male,Other,2,4063.38,9096.71,15.0,2,86.0,Annual,Credit Card,0,0,81969.73
C107516,46.0,Female,Hyderabad,42,946.71,35187.24,18.0,2,97.0,Annual,UPI,1,0,63338.19
C107517,31.0,Male,Pune,43,3284.07,128110.12,26.0,3,62.0,Monthly,Debit Card,0,0,170410.3
C107518,43.0,Female,Chennai,21,1478.82,29097.38,24.0,3,100.0,Monthly,UPI,0,0,65301.65
C107519,68.0,Female,Chennai,45,1306.93,63239.19,13.0,1,98.0,Annual,Bank Transfer,0,0,90443.45
C107520,22.0,Female,Delhi,20,1100.49,20366.53,19.0,7,67.0,Monthly,Debit Card,0,0,44538.24
C107521,48.0,Male,Bengaluru,43,1960.4,94088.55,12.0,3,58.0,Annual,UPI,1,0,98866.27
C107522,42.0,Male,Hyderabad,50,2137.23,95361.82,18.0,4,99.0,Annual,UPI,0,0,124519.94
C107523,48.0,Female,Hyderabad,43,1851.1,83192.72,20.0,0,76.0,Monthly,Credit Card,0,0,99515.01
C107524,67.0,Male,Hyderabad,24,1795.27,40659.1,8.0,1,44.0,Annual,Wallet,1,0,73250.29
C107525,37.0,Female,Hyderabad,60,2851.08,188718.67,13.0,3,66.0,Monthly,Bank Transfer,0,0,168993.77
C107526,61.0,Other,Bengaluru,32,1061.51,31874.45,27.0,3,46.0,Monthly,UPI,1,0,48396.96
C107527,34.0,Other,Chennai,5,1563.43,8636.19,17.0,3,57.0,Monthly,UPI,0,0,39172.59
C107528,62.0,Female,Delhi,2,1780.42,3319.48,18.0,1,100.0,Monthly,Bank Transfer,0,0,53684.63
C107529,19.0,Female,Bengaluru,26,1771.12,45569.66,17.0,0,100.0,Monthly,UPI,0,0,83574.53
C107530,42.0,Other,Hyderabad,25,1078.16,24838.03,8.0,1,65.0,Monthly,Debit Card,0,0,46149.62
C107531,30.0,Male,Bengaluru,50,1863.54,84871.16,1.0,3,60.0,Monthly,Bank Transfer,0,0,105699.49
C107532,56.0,Male,Kolkata,39,2054.33,77114.55,18.0,1,92.0,Monthly,Bank Transfer,1,0,112870.28
C107533,45.0,Male,Hyderabad,11,2316.15,23427.71,4.0,2,95.0,Annual,Credit Card,1,0,60393.18
C107534,59.0,Male,Kolkata,63,2082.16,128881.57,13.0,1,51.0,Quarterly,Bank Transfer,0,0,140524.1
C107535,23.0,Female,Chennai,68,1569.61,103596.46,19.0,4,60.0,Annual,Credit Card,0,0,110093.78
C107536,20.0,Female,Other,18,1077.65,19281.33,14.0,3,91.0,Monthly,UPI,0,0,37964.54
C107537,52.0,Female,Chennai,28,1212.83,35993.56,9.0,2,60.0,Monthly,UPI,1,0,49574.02
C107538,35.0,Female,Hyderabad,42,1280.35,56969.3,17.0,2,67.0,Monthly,Credit Card,0,0,75752.71
C107539,28.0,Female,Mumbai,60,399.0,26535.39,12.0,2,21.0,Monthly,Debit Card,0,0,22217.28
C107540,37.0,Female,Mumbai,22,1661.84,32954.65,22.0,4,92.0,Quarterly,UPI,1,0,76462.86
C107541,22.0,Male,Delhi,40,1711.17,65078.7,15.0,1,68.0,Quarterly,Credit Card,0,0,92017.42
C107542,36.0,Female,Chennai,62,1132.55,67378.99,16.0,8,100.0,Monthly,Bank Transfer,1,0,88493.9
C107543,39.0,Male,Hyderabad,3,2120.83,6334.81,23.0,0,66.0,Monthly,Credit Card,1,0,52163.17
C107544,36.0,Female,Delhi,71,1643.01,116449.61,13.0,3,91.0,Monthly,Debit Card,0,0,134076.96
C107545,64.0,Male,Other,63,2356.79,159964.89,6.0,3,71.0,Annual,Credit Card,0,0,151599.53
C107546,33.0,Female,Other,20,1441.05,29245.93,5.0,0,47.0,Monthly,Credit Card,0,0,50769.97
C107547,41.0,Female,Mumbai,71,1858.615,108345.24,17.0,2,65.0,Quarterly,Wallet,1,1,111172.67
C107548,58.0,Female,Hyderabad,71,2325.85,167923.19,16.0,3,67.0,Monthly,Credit Card,0,0,173480.65
C107549,21.0,Female,Hyderabad,26,1063.01,25952.59,17.0,3,67.0,Annual,UPI,1,0,58853.79
C107550,32.0,Female,Pune,41,1792.18,82179.73,21.0,3,83.0,Monthly,UPI,1,0,92453.37
C107551,42.0,Male,Pune,3,2072.34,6627.23,14.0,3,100.0,Monthly,Credit Card,0,0,60648.57
C107552,61.0,Male,Other,43,2525.07,106687.28,31.0,2,61.0,Quarterly,Bank Transfer,1,0,136335.87
C107553,52.0,Female,Mumbai,17,2010.96,34621.96,19.0,3,78.0,Monthly,Credit Card,0,0,81416.21
C107554,31.0,Male,Kolkata,53,1390.15,72532.28,14.0,3,61.0,Annual,UPI,0,0,83349.5
C107555,44.0,Male,Pune,52,1457.91,67134.47,3.0,6,52.0,Quarterly,UPI,0,0,84747.73
C107556,36.0,Female,Mumbai,33,609.18,18154.25,10.0,1,87.0,Quarterly,UPI,0,0,41515.96
C107557,55.0,Male,Pune,60,1614.06,86644.91,23.0,4,100.0,Annual,UPI,1,0,119145.97
C107558,53.0,Male,Hyderabad,68,2498.17,163435.41,25.0,5,60.0,Monthly,Wallet,0,0,182465.59
C107559,24.0,Male,Delhi,56,2905.08,177551.81,24.0,1,83.0,Annual,Bank Transfer,1,0,178882.13
C107560,47.0,Male,Other,64,1622.56,105783.91,9.0,2,58.0,Monthly,UPI,1,0,108439.36
C107561,36.0,Female,Hyderabad,8,3225.55,24756.01,16.0,1,58.0,Annual,Debit Card,1,0,73440.12
C107562,66.0,Female,Pune,69,1386.02,98142.13,18.0,2,86.0,Quarterly,Debit Card,1,0,112804.55
C107563,42.0,Female,Bengaluru,33,1924.36,59352.43,25.0,3,97.0,Quarterly,Bank Transfer,0,0,103877.61
C107564,33.0,Male,Pune,25,442.51,10493.38,17.0,3,100.0,Monthly,Bank Transfer,1,0,41620.33
C107565,64.0,Female,Delhi,71,1746.95,129032.78,11.0,3,99.0,Monthly,Debit Card,1,0,136174.48
C107566,57.0,Male,Kolkata,7,1842.49,11984.53,7.0,4,87.0,Quarterly,Credit Card,1,0,53316.97
C107567,68.0,Female,Delhi,59,1375.98,84870.34,18.0,2,56.0,Monthly,Bank Transfer,1,0,98666.8
C107568,25.0,Female,Chennai,33,2541.57,90615.78,2.0,1,100.0,Monthly,UPI,0,0,119358.28
C107569,35.0,Female,Hyderabad,41,656.36,24506.57,16.0,3,49.0,Monthly,Debit Card,1,0,37482.7
C107570,45.0,Female,Pune,33,637.65,19359.91,23.0,0,97.0,Monthly,UPI,0,0,59094.24
C107571,33.0,Male,Chennai,29,1868.46,52316.62,19.0,2,72.0,Monthly,Credit Card,0,0,92285.14
C107572,69.0,Male,Delhi,39,607.43,21263.83,18.0,3,100.0,Annual,Credit Card,0,0,66096.23
C107573,36.0,Female,Hyderabad,57,2275.8,131353.62,7.0,2,94.0,Monthly,UPI,0,0,151658.88
C107574,59.0,Male,Kolkata,64,1667.3,112506.73,5.0,2,47.0,Monthly,UPI,0,0,106980.4
C107575,34.0,Male,Chennai,66,2249.34,140740.69,13.0,1,76.0,Monthly,Credit Card,0,0,170173.75
C107576,62.0,Male,Kolkata,9,1850.58,17655.25,8.0,2,59.0,Monthly,Wallet,0,0,50329.95
C107577,30.0,Male,Delhi,29,2254.07,63324.17,14.0,4,31.0,Annual,Debit Card,1,0,90780.59
C107578,24.0,Female,Hyderabad,28,1739.23,48737.51,20.0,5,61.0,Monthly,UPI,1,0,69826.27
C107579,44.0,Female,Mumbai,53,2578.86,132926.29,18.0,2,63.0,Monthly,Credit Card,0,0,161963.88
C107580,27.0,Male,Kolkata,46,2744.1,137247.93,13.0,4,99.0,Annual,Debit Card,0,0,154787.25
C107581,51.0,Male,Pune,39,2049.35,86730.15,13.0,1,72.0,Monthly,Bank Transfer,0,0,106550.7
C107582,53.0,Female,Chennai,58,1991.65,127175.93,11.0,2,100.0,Monthly,Bank Transfer,0,0,130965.62
C107583,42.0,Female,Other,54,2256.85,113111.14,18.0,2,96.0,Monthly,Credit Card,1,0,139940.95
C107584,23.0,Other,Bengaluru,6,1707.39,10248.26,33.0,3,93.0,Monthly,Debit Card,0,0,67070.07
C107585,41.0,Female,Bengaluru,45,2277.52,108105.31,10.0,0,60.0,Annual,Credit Card,0,0,125335.73
C107586,35.0,Female,Pune,40,1606.3,64421.15,10.0,2,62.0,Annual,Bank Transfer,0,0,76058.13
C107587,40.0,Female,Bengaluru,23,1200.71,29221.17,16.0,3,60.0,Annual,UPI,0,0,49794.58
C107588,23.0,Female,Mumbai,42,1731.16,72880.88,8.0,3,97.0,Quarterly,UPI,0,0,90219.44
C107589,46.0,Male,Delhi,38,2705.67,109424.64,19.0,3,56.0,Annual,UPI,0,0,133435.04
C107590,42.0,Female,Delhi,16,2498.37,38380.93,31.0,3,80.0,Annual,Bank Transfer,1,0,83972.77
C107591,34.0,Male,Hyderabad,47,1097.67,51277.56,30.0,3,79.0,Monthly,Debit Card,1,0,78540.73
C107592,63.0,Female,Delhi,21,1344.28,27653.71,11.0,2,72.0,Monthly,Credit Card,1,0,64697.85
C107593,41.0,Male,Mumbai,21,1543.98,29594.54,8.0,3,93.0,Monthly,Credit Card,0,0,65028.77
C107594,28.0,Female,Mumbai,25,884.18,24391.82,22.0,3,73.0,Monthly,Credit Card,0,0,46359.92
C107595,43.0,Male,Pune,61,1314.11,74988.05,20.0,3,58.0,Monthly,Credit Card,0,0,101720.55
C107596,68.0,Female,Hyderabad,54,978.85,46659.12,17.0,3,55.0,Quarterly,UPI,0,0,79910.95
C107597,51.0,Male,Pune,60,1572.06,98514.75,14.0,0,99.0,Monthly,Wallet,1,0,98778.98
C107598,45.0,Male,Pune,42,1480.36,59588.49,19.0,4,65.0,Quarterly,Debit Card,0,0,90922.1
C107599,20.0,Male,Delhi,61,2338.88,138060.19,14.0,2,65.0,Monthly,UPI,1,0,140263.3
C107600,28.0,Male,Mumbai,32,1977.39,70057.95,20.0,2,91.0,Monthly,Bank Transfer,1,0,82630.33
C107601,55.0,Male,Chennai,53,2497.12,147574.52,17.0,1,73.0,Monthly,Bank Transfer,1,0,152612.14
C107602,31.0,Male,Chennai,44,412.47,16242.71,15.0,0,58.0,Monthly,Debit Card,1,0,32027.91
C107603,68.0,Female,Delhi,11,1094.09,10707.74,20.0,1,80.0,Quarterly,UPI,0,0,53222.14
C107604,43.0,Male,Mumbai,47,2274.99,113386.12,7.0,2,86.0,Annual,Debit Card,0,0,131524.72
C107605,65.0,Male,Bengaluru,60,1977.79,131615.94,20.0,2,57.0,Monthly,UPI,0,0,122149.16
C107606,38.0,Other,Delhi,36,1585.78,52865.14,21.0,2,62.0,Quarterly,Debit Card,0,0,79649.45
C107607,56.0,Female,Pune,60,2676.86,177957.66,9.0,1,98.0,Annual,Debit Card,0,0,169706.98
C107608,47.0,Male,Hyderabad,33,1768.21,54219.38,8.0,3,69.0,Monthly,UPI,1,0,68043.34
C107609,25.0,Female,Other,42,3283.81,144844.79,3.0,2,48.0,Monthly,Debit Card,1,0,148485.35
C107610,68.0,Female,Hyderabad,13,1865.98,21699.0,20.0,1,57.0,Monthly,Debit Card,1,0,64423.98
C107611,37.0,Male,Mumbai,14,1391.96,18390.17,15.0,2,99.0,Monthly,UPI,1,0,57546.43
C107612,65.0,Male,Mumbai,58,3069.11,173115.1,7.0,2,53.0,Annual,Bank Transfer,1,0,175879.56
C107613,49.0,Female,Hyderabad,40,1813.06,74216.28,22.0,3,100.0,Quarterly,Debit Card,1,0,108047.32
C107614,39.0,Male,Kolkata,65,2199.85,156957.12,12.0,3,80.0,Monthly,UPI,0,0,157168.07
C107615,24.0,Female,Chennai,5,1176.24,6354.87,10.0,2,58.0,Quarterly,UPI,1,0,28489.2
C107616,26.0,Male,Hyderabad,30,2283.15,66930.2,24.0,4,70.0,Annual,Credit Card,0,0,111886.43
C107617,62.0,Female,Delhi,45,1766.54,80036.34,8.0,4,55.0,Monthly,Debit Card,1,0,98483.19
C107618,18.0,Female,Delhi,58,2237.2,135373.5,15.0,4,74.0,Monthly,Bank Transfer,0,0,148434.55
C107619,46.0,Male,Other,39,1573.3,54531.92,13.0,5,97.0,Monthly,Bank Transfer,0,0,92582.72
C107620,25.0,Female,Chennai,12,970.44,11509.67,14.0,3,80.0,Annual,UPI,0,0,37629.64
C107621,21.0,Female,Bengaluru,34,2511.05,88509.46,11.0,4,46.0,Annual,Debit Card,1,0,108984.86
C107622,52.0,Female,Hyderabad,14,2041.85,31685.21,21.0,1,100.0,Annual,UPI,0,0,82553.94
C107623,20.0,Female,Delhi,38,1367.83,55893.61,14.0,0,100.0,Monthly,Credit Card,1,0,84009.99
C107624,62.0,Male,Mumbai,16,1888.72,27808.57,12.0,2,48.0,Monthly,Credit Card,0,0,59411.3
C107625,57.0,Female,Other,61,2157.07,138640.62,14.0,4,34.0,Annual,Credit Card,0,0,119046.22
C107626,24.0,Male,Delhi,59,2332.73,126179.84,11.0,1,70.0,Annual,Credit Card,1,0,157366.37
C107627,44.0,Male,Other,67,2064.16,136577.97,19.0,3,76.0,Monthly,Credit Card,1,0,160638.38
C107628,18.0,Male,Other,11,2708.88,31081.51,14.0,1,87.0,Monthly,Debit Card,0,0,71891.12
C107629,44.0,Male,Chennai,11,1595.26,17112.63,23.0,0,81.0,Monthly,Credit Card,0,0,62390.95
C107630,33.0,Male,Hyderabad,16,2457.97,40641.78,30.0,4,71.0,Monthly,UPI,0,0,96055.96
C107631,55.0,Female,Hyderabad,38,1799.1,75597.25,9.0,4,50.0,Annual,Wallet,1,0,87814.81
C107632,24.0,Female,Bengaluru,30,802.13,23974.84,1.0,3,62.0,Monthly,UPI,0,0,47943.44
C107633,61.0,Male,Mumbai,41,2631.0,115228.79,13.0,2,93.0,Quarterly,UPI,0,0,147465.27
C107634,40.0,Male,Hyderabad,1,1250.84,1150.39,9.0,2,57.0,Monthly,Debit Card,1,1,39319.74
C107635,58.0,Female,Bengaluru,38,2324.17,98062.07,8.0,1,80.0,Monthly,Wallet,1,0,113220.2
C107636,28.0,Male,Bengaluru,60,1851.56,115277.72,11.0,0,58.0,Monthly,Credit Card,0,0,125680.91
C107637,59.0,Male,Hyderabad,19,1945.44,38735.97,17.0,0,59.0,Monthly,UPI,1,0,64286.37
C107638,70.0,Female,Bengaluru,59,2778.34,182755.55,1.0,2,83.0,Annual,Wallet,1,0,162612.45
C107639,50.0,Male,Hyderabad,68,399.0,26404.41,22.0,1,100.0,Quarterly,Bank Transfer,1,0,65987.28
C107640,67.0,Male,Chennai,10,2330.57,22867.71,24.0,1,83.0,Quarterly,Wallet,1,0,66651.47
C107641,53.0,Female,Hyderabad,17,2223.94,38417.52,8.0,2,46.0,Monthly,Debit Card,1,0,66412.27
C107642,54.0,Female,Pune,72,1215.82,84907.85,9.0,2,54.0,Monthly,Credit Card,1,0,94260.98
C107643,58.0,Male,Hyderabad,29,1806.35,46971.62,15.0,4,40.0,Monthly,Credit Card,0,0,52815.28
C107644,34.0,Female,Kolkata,6,2367.53,14301.1,13.0,4,82.0,Monthly,Wallet,1,0,50900.64
C107645,52.0,Female,Mumbai,66,1104.82,65076.24,14.0,2,67.0,Quarterly,Debit Card,1,0,93074.26
C107646,65.0,Male,Chennai,63,1673.71,105353.73,14.0,0,72.0,Monthly,Credit Card,0,0,115549.38
C107647,22.0,Male,Mumbai,31,2512.58,70099.38,11.0,6,85.0,Monthly,UPI,1,1,100128.98
C107648,65.0,Male,Bengaluru,25,883.22,23719.84,13.0,1,52.0,Monthly,UPI,0,0,47207.92
C107649,49.0,Male,Hyderabad,21,1972.36,39166.95,9.0,1,83.0,Monthly,Credit Card,1,0,72526.06
C107650,20.0,Male,Pune,16,2229.5,37148.31,19.0,0,100.0,Annual,Debit Card,0,0,103870.07
C107651,69.0,Male,Kolkata,4,1934.54,8019.34,10.0,1,41.0,Monthly,UPI,0,0,35875.53
C107652,64.0,Male,Other,46,991.66,43603.42,5.0,2,79.0,Monthly,Credit Card,0,0,60410.3
C107653,52.0,Female,Delhi,8,1765.67,14096.39,4.0,3,71.0,Quarterly,Credit Card,0,0,47476.92
C107654,69.0,Female,Chennai,6,1808.29,11785.81,14.0,1,86.0,Monthly,Bank Transfer,0,0,56455.75
C107655,31.0,Female,Chennai,53,1687.3,97778.58,15.0,0,83.0,Quarterly,UPI,0,0,112406.97
C107656,65.0,Female,Delhi,64,2570.97,154420.45,9.0,3,56.0,Annual,Credit Card,0,0,175572.55
C107657,48.0,Female,Pune,51,1797.11,92000.12,21.0,3,94.0,Monthly,UPI,0,0,117759.28
C107658,48.0,Female,Bengaluru,63,1940.32,124643.33,26.0,3,68.0,Monthly,UPI,1,0,119208.81
C107659,34.0,Male,Kolkata,6,899.81,5868.92,24.0,1,91.0,Monthly,UPI,0,0,49100.2
C107660,41.0,Male,Bengaluru,62,1210.44,68112.36,25.0,3,100.0,Quarterly,Credit Card,0,0,95506.54
C107661,69.0,Female,Mumbai,33,1618.8,49885.75,21.0,4,52.0,Annual,Credit Card,0,0,96037.39
C107662,40.0,Male,Other,2,1422.71,2639.83,20.0,0,60.0,Monthly,Credit Card,0,0,47085.88
C107663,35.0,Male,Other,41,1811.84,78105.21,20.0,3,58.0,Monthly,Credit Card,1,0,94826.56
C107664,67.0,Female,Delhi,16,1223.83,17912.31,19.0,5,82.0,Quarterly,Credit Card,1,0,49054.2
C107665,31.0,Female,Bengaluru,59,1248.02,72379.77,16.0,6,89.0,Annual,Bank Transfer,0,0,87438.72
C107666,67.0,Female,Hyderabad,9,2119.18,21024.55,16.0,2,68.0,Annual,Credit Card,1,0,70829.76
C107667,32.0,Male,Hyderabad,69,2008.97,154762.52,17.0,3,59.0,Annual,UPI,1,0,141270.7
C107668,32.0,Male,Delhi,10,1992.85,20093.59,29.0,3,100.0,Monthly,Bank Transfer,1,0,61671.18
C107669,44.0,Female,Mumbai,7,3194.95,24977.66,16.0,1,93.0,Quarterly,Bank Transfer,0,0,84661.27
C107670,44.0,Male,Mumbai,66,975.11,59683.39,16.0,3,36.0,Monthly,Debit Card,0,0,62839.56
C107671,32.0,Male,Chennai,20,1821.23,35306.49,23.0,2,78.0,Monthly,UPI,0,0,74194.82
C107672,67.0,Female,Mumbai,63,1769.05,118536.51,17.0,2,61.0,Monthly,Wallet,0,0,119214.05
C107673,53.0,Female,Mumbai,4,2116.99,8582.14,19.0,3,81.0,Annual,UPI,1,0,44086.12
C107674,25.0,Female,Kolkata,28,3172.5,87695.78,16.0,2,88.0,Monthly,Bank Transfer,1,0,131736.74
C107675,32.0,Female,Hyderabad,72,399.0,31886.61,16.0,0,90.0,Annual,UPI,0,0,48874.53
C107676,20.0,Male,Pune,35,1543.64,51293.14,22.0,0,71.0,Monthly,Credit Card,0,0,83471.15
C107677,64.0,Male,Chennai,2,1794.49,3844.45,2.0,4,60.0,Quarterly,Credit Card,1,0,38220.71
C107678,30.0,Male,Pune,41,2134.99,79618.72,17.0,2,71.0,Monthly,Wallet,1,0,107790.78
C107679,58.0,Female,Other,28,2502.66,76297.76,15.0,2,45.0,Annual,Bank Transfer,0,0,97823.68
C107680,51.0,Male,Bengaluru,1,673.68,635.74,3.0,2,58.0,Quarterly,Debit Card,0,0,19465.76
C107681,41.0,Male,Hyderabad,27,1677.96,43023.5,1.0,6,34.0,Monthly,Credit Card,1,0,43001.59
C107682,57.0,Female,Bengaluru,67,1180.65,78934.85,18.0,0,73.0,Monthly,Credit Card,0,0,95955.76
C107683,49.0,Male,Bengaluru,39,2031.12,70877.58,6.0,0,52.0,Quarterly,Bank Transfer,0,0,97971.49
C107684,49.0,Female,Pune,40,1897.77,67941.28,10.0,2,75.0,Monthly,Credit Card,1,0,91337.69
C107685,47.0,Female,Hyderabad,28,1415.96,43371.46,21.0,1,91.0,Monthly,Debit Card,1,0,75670.29
C107686,69.0,Male,Hyderabad,24,2955.26,69980.46,12.0,2,32.0,Quarterly,Bank Transfer,0,0,104552.99
C107687,66.0,Male,Delhi,51,1606.99,72178.17,10.0,4,70.0,Quarterly,Credit Card,0,0,89500.68
C107688,30.0,Male,Mumbai,56,1584.34,89812.08,23.0,1,100.0,Monthly,UPI,0,0,118922.29
C107689,18.0,Male,Chennai,26,1211.15,31919.25,19.0,1,68.0,Monthly,Debit Card,0,0,70088.23
C107690,51.0,Male,Mumbai,52,399.0,21844.73,12.0,4,36.0,Quarterly,Credit Card,0,0,25633.78
C107691,32.0,Female,Delhi,6,2087.96,13758.51,18.0,1,56.0,Annual,UPI,1,0,46685.39
C107692,61.0,Male,Hyderabad,59,1472.03,93063.85,6.0,1,73.0,Annual,UPI,0,0,98441.59
C107693,31.0,Female,Mumbai,12,1920.5,24494.39,11.0,1,82.0,Monthly,Credit Card,0,0,62910.17
C107694,46.0,Male,Pune,63,3977.79,235065.38,25.0,2,66.0,Annual,Credit Card,0,0,253619.25
C107695,51.0,Male,Bengaluru,36,1931.11,66792.36,5.0,2,70.0,Monthly,UPI,0,0,98824.48
C107696,35.0,Male,Pune,9,1920.3,18662.34,10.0,2,90.0,Monthly,UPI,0,0,56664.74
C107697,24.0,Female,Pune,67,2444.89,146634.98,13.0,2,71.0,Monthly,UPI,0,0,171603.21
C107698,46.0,Male,Pune,29,2921.75,76852.54,10.0,0,81.0,Annual,Credit Card,0,0,124153.32
C107699,48.0,Female,Delhi,71,2182.11,151078.2,17.0,4,82.0,Annual,Bank Transfer,0,0,155310.13
C107700,42.0,Female,Delhi,8,2171.7,17156.09,16.0,5,76.0,Annual,Credit Card,1,0,54229.68
C107701,55.0,Female,Pune,43,1442.2,62126.97,18.0,6,39.0,Quarterly,UPI,1,0,58614.15
C107702,31.0,Female,Delhi,35,2158.46,82201.38,20.0,4,81.0,Monthly,Credit Card,1,0,95557.37
C107703,25.0,Male,Chennai,22,2188.94,48579.19,19.0,4,17.0,Monthly,Debit Card,1,0,53171.87
C107704,44.0,Female,Hyderabad,66,1825.34,108311.21,24.0,1,81.0,Monthly,Debit Card,0,0,132242.67
C107705,19.0,Female,Bengaluru,21,1020.68,20025.77,22.0,3,56.0,Monthly,Credit Card,0,0,39245.37
C107706,34.0,Other,Hyderabad,71,1924.76,146501.54,14.0,3,67.0,Quarterly,Credit Card,0,0,147042.34
C107707,54.0,Male,Bengaluru,41,2302.91,104438.24,25.0,3,85.0,Monthly,Debit Card,1,0,123896.04
C107708,31.0,Female,Mumbai,41,1176.49,47090.66,11.0,1,100.0,Quarterly,Wallet,1,0,72104.82
C107709,42.0,Male,Other,49,1968.3,94377.05,12.0,4,57.0,Quarterly,UPI,0,0,99070.57
C107710,47.0,Male,Other,4,2540.52,11274.38,15.0,0,66.0,Annual,Bank Transfer,0,0,52000.26
C107711,46.0,Female,Pune,65,2010.17,137086.87,21.0,4,88.0,Monthly,UPI,0,0,141659.49
C107712,37.0,Female,Other,10,2975.73,26588.75,17.0,0,44.0,Quarterly,Debit Card,0,0,78759.57
C107713,38.0,Female,Other,67,1343.0,93409.07,14.0,1,94.0,Monthly,UPI,0,0,112650.51
C107714,70.0,Female,Kolkata,10,1125.36,11522.05,13.0,4,76.0,Monthly,UPI,0,0,33641.49
C107715,39.0,Male,Hyderabad,17,1201.35,18406.25,23.0,0,80.0,Monthly,UPI,0,0,63603.7
C107716,52.0,Male,Chennai,67,1426.75,92488.64,14.0,2,92.0,Monthly,Debit Card,0,0,114930.43
C107717,54.0,Female,Mumbai,53,1345.3,65785.19,20.0,3,58.0,Monthly,Credit Card,0,0,92485.14
C107718,33.0,Male,Hyderabad,35,2326.3,77585.27,1.0,3,48.0,Quarterly,Debit Card,0,0,96789.56
C107719,67.0,Female,Pune,4,809.79,3049.2,1.0,2,60.0,Annual,Debit Card,1,0,23417.56
C107720,66.0,Male,Hyderabad,68,1585.71,108278.67,23.0,1,55.0,Annual,Credit Card,1,0,115655.16
C107721,60.0,Male,Chennai,11,2419.21,25618.82,1.0,0,81.0,Monthly,Bank Transfer,1,0,68553.31
C107722,34.0,Female,Hyderabad,44,1927.18,87159.14,2.0,1,48.0,Annual,Debit Card,0,0,98832.07
C107723,33.0,Male,Mumbai,60,1238.61,76272.46,15.0,1,76.0,Annual,UPI,0,0,95301.23
C107724,19.0,Female,Mumbai,70,1479.01,93972.37,22.0,2,68.0,Quarterly,Credit Card,0,0,119748.9
C107725,21.0,Male,Delhi,62,2639.73,178893.95,1.0,5,55.0,Monthly,UPI,0,0,164292.62
C107726,38.0,Male,Bengaluru,32,1678.26,53186.68,15.0,3,52.0,Monthly,Credit Card,0,0,70428.78
C107727,56.0,Female,Mumbai,46,2249.58,91906.39,20.0,2,62.0,Annual,Credit Card,1,0,117942.45
C107728,51.0,Male,Delhi,23,1669.92,35352.19,11.0,2,56.0,Monthly,Debit Card,0,0,64434.84
C107729,47.0,Female,Pune,37,2842.18,112662.09,13.0,2,63.0,Monthly,Credit Card,0,0,125105.42
C107730,23.0,Male,Bengaluru,58,1594.07,102901.42,21.0,3,64.0,Monthly,Debit Card,1,0,96979.25
C107731,34.0,Male,Hyderabad,43,1430.44,66552.63,17.0,2,56.0,Monthly,Wallet,1,0,77784.29
C107732,56.0,Female,Hyderabad,15,2515.2,40179.62,14.0,4,36.0,Annual,Credit Card,0,0,60455.36
C107733,42.0,Female,Pune,67,2432.94,180191.01,9.0,1,59.0,Annual,Debit Card,0,1,168841.35
C107734,22.0,Male,Chennai,2,1691.26,3427.22,11.0,0,81.0,Monthly,Credit Card,0,0,38439.55
C107735,22.0,Female,Hyderabad,71,1925.93,126612.28,18.0,3,50.0,Monthly,Debit Card,0,0,139739.26
C107736,37.0,Female,Hyderabad,5,2249.07,11813.86,13.0,3,98.0,Monthly,UPI,1,0,62763.95
C107737,33.0,Male,Pune,53,1435.42,69010.69,9.0,4,32.0,Monthly,Wallet,1,0,84373.0
C107738,68.0,Male,Mumbai,45,2320.55,95526.86,6.0,2,33.0,Monthly,UPI,1,0,112498.29
C107739,58.0,Female,Mumbai,41,2107.13,89336.84,1.0,2,24.0,Annual,Bank Transfer,1,0,98454.82
C107740,54.0,Male,Delhi,63,1987.18,116476.14,10.0,2,91.0,Monthly,Credit Card,1,0,147278.99
C107741,57.0,Male,Hyderabad,72,1429.31,107210.45,14.0,3,64.0,Monthly,Credit Card,1,0,118348.76
C107742,26.0,Female,Bengaluru,32,1794.12,51190.42,24.0,4,100.0,Monthly,Bank Transfer,0,0,91131.51
C107743,22.0,Male,Bengaluru,2,1234.34,2209.08,22.0,3,41.0,Monthly,UPI,1,0,23093.17
C107744,59.0,Female,Bengaluru,10,1450.7,13924.0,12.0,3,100.0,Monthly,Bank Transfer,1,0,49587.99
C107745,19.0,Female,Kolkata,43,2532.96,117710.26,12.0,2,51.0,Monthly,Credit Card,0,0,128853.0
C107746,26.0,Female,Mumbai,43,1111.54,43553.94,11.0,3,64.0,Monthly,Debit Card,1,0,74561.52
C107747,60.0,Female,Delhi,67,1667.78,108987.59,3.0,0,60.0,Annual,Credit Card,0,0,127484.84
C107748,53.0,Male,Bengaluru,23,1251.79,31914.49,5.0,4,72.0,Monthly,Bank Transfer,0,0,45621.39
C107749,39.0,Male,Bengaluru,60,2048.25,114602.06,12.0,2,71.0,Quarterly,Wallet,0,0,140442.35
C107750,39.0,Male,Bengaluru,6,2965.84,15963.21,14.0,2,73.0,Annual,Bank Transfer,1,0,51166.2
C107751,39.0,Female,Delhi,13,1644.45,21234.67,12.0,3,95.0,Quarterly,Debit Card,0,0,66985.44
C107752,51.0,Male,Bengaluru,21,504.0,9551.85,7.0,2,56.0,Monthly,Debit Card,1,0,22849.93
C107753,46.0,Male,Chennai,58,2254.27,118332.14,11.0,2,58.0,Monthly,Debit Card,0,0,131119.53
C107754,55.0,Female,Delhi,28,1979.19,51650.77,8.0,3,99.0,Annual,UPI,0,0,95510.24
C107755,63.0,Other,Other,70,2096.82,136140.7,23.0,1,81.0,Quarterly,Debit Card,0,0,159635.64
C107756,50.0,Male,Hyderabad,8,2247.61,18714.5,20.0,1,63.0,Monthly,Debit Card,0,0,65531.67
C107757,35.0,Male,Hyderabad,58,1404.75,83703.06,14.0,0,87.0,Monthly,Debit Card,0,0,113467.12
C107758,24.0,Female,Hyderabad,40,1067.82,46978.76,24.0,2,75.0,Monthly,UPI,1,0,72499.67
C107759,18.0,Female,Delhi,1,1034.86,1142.58,18.0,1,100.0,Monthly,Bank Transfer,0,0,48145.87
C107760,50.0,Male,Hyderabad,65,2994.61,179342.4,16.0,1,52.0,Quarterly,Bank Transfer,0,0,209290.26
C107761,18.0,Male,Mumbai,10,1459.43,15363.39,16.0,4,80.0,Monthly,Credit Card,0,0,57806.83
C107762,41.0,Female,Mumbai,60,1504.06,100336.9,4.0,2,42.0,Monthly,Credit Card,1,0,98550.11
C107763,21.0,Female,Bengaluru,69,2169.36,153832.27,19.0,0,71.0,Monthly,Debit Card,0,0,150571.74
C107764,21.0,Female,Hyderabad,20,1758.87,38214.63,22.0,0,61.0,Monthly,Debit Card,1,0,80601.36
C107765,35.0,Male,Chennai,62,399.0,27293.71,19.0,3,75.0,Monthly,UPI,0,0,45067.4
C107766,44.0,Male,Hyderabad,13,1105.29,13347.06,16.0,4,65.0,Quarterly,UPI,1,0,40181.79
C107767,60.0,Female,Hyderabad,58,2175.06,139878.01,17.0,1,56.0,Annual,Wallet,1,0,134881.24
C107768,49.0,Male,Mumbai,37,1427.22,56069.04,19.0,1,53.0,Annual,Debit Card,0,0,65896.48
C107769,50.0,Male,Delhi,10,2819.87,27491.43,21.0,1,77.0,Monthly,Debit Card,1,0,84970.48
C107770,45.0,Male,Hyderabad,3,976.13,2802.35,18.0,4,67.0,Monthly,UPI,0,0,38171.57
C107771,59.0,Female,Mumbai,34,1071.62,36016.52,24.0,5,93.0,Monthly,Bank Transfer,0,0,61542.8
C107772,58.0,Female,Bengaluru,34,1368.86,50752.25,11.0,2,46.0,Annual,UPI,0,0,67984.27
C107773,53.0,Female,Delhi,30,2377.92,71757.54,13.0,3,77.0,Annual,UPI,0,0,97818.64
C107774,23.0,Female,Pune,37,1006.04,34788.28,21.0,3,83.0,Monthly,UPI,0,0,67452.51
C107775,33.0,Female,Pune,68,2807.82,202443.88,19.0,5,100.0,Monthly,Debit Card,0,0,202627.76
C107776,51.0,Female,Bengaluru,34,2618.54,88109.82,17.0,4,78.0,Quarterly,UPI,1,0,100947.33
C107777,40.0,Male,Mumbai,32,2388.41,77297.86,23.0,2,88.0,Monthly,Credit Card,0,0,122936.37
C107778,67.0,Male,Pune,58,969.39,53510.13,5.0,4,32.0,Annual,UPI,1,0,67674.45
C107779,59.0,Female,Hyderabad,24,2218.32,49368.84,17.0,3,78.0,Annual,Bank Transfer,0,0,73826.02
C107780,41.0,Male,Mumbai,9,641.25,5856.68,11.0,5,44.0,Annual,Debit Card,0,0,20439.28
C107781,66.0,Female,Pune,41,2722.42,98725.74,19.0,1,42.0,Monthly,Bank Transfer,0,0,129435.57
C107782,30.0,Male,Bengaluru,24,2000.99,47359.16,12.0,0,66.0,Monthly,Bank Transfer,0,0,89841.86
C107783,35.0,Male,Chennai,25,2126.61,49667.23,22.0,4,85.0,Monthly,UPI,0,0,99643.3
C107784,30.0,Female,Delhi,36,1767.34,65000.79,24.0,2,93.0,Annual,Credit Card,0,0,98565.41
C107785,66.0,Female,Hyderabad,8,1873.07,16572.33,9.0,2,100.0,Monthly,Bank Transfer,0,0,57352.78
C107786,54.0,Female,Chennai,59,1818.1,117897.44,6.0,4,54.0,Monthly,Credit Card,0,0,117909.14
C107787,60.0,Female,Bengaluru,35,1933.88,67646.01,17.0,3,57.0,Monthly,UPI,0,0,90932.89
C107788,56.0,Male,Hyderabad,38,2175.6,82856.07,23.0,1,60.0,Monthly,Bank Transfer,0,0,107890.84
C107789,59.0,Male,Hyderabad,32,1060.9,30340.49,25.0,3,67.0,Annual,UPI,1,0,65233.42
C107790,34.0,Female,Chennai,51,2154.49,104442.05,27.0,2,66.0,Annual,Credit Card,1,0,139887.98
C107791,32.0,Male,Hyderabad,28,2911.46,81884.28,9.0,2,91.0,Annual,Bank Transfer,0,0,114679.59
C107792,35.0,Male,Mumbai,56,1762.71,99489.52,13.0,8,100.0,Annual,Bank Transfer,0,0,127211.77
C107793,40.0,Male,Chennai,8,2714.74,21369.58,10.0,2,74.0,Monthly,UPI,0,0,70405.41
C107794,68.0,Male,Hyderabad,41,781.26,32629.03,13.0,5,77.0,Quarterly,Bank Transfer,0,0,57448.48
C107795,47.0,Female,Bengaluru,23,2978.77,74579.2,16.0,0,69.0,Monthly,UPI,0,0,112021.19
C107796,44.0,Female,Hyderabad,54,976.05,55319.14,21.0,2,79.0,Monthly,UPI,0,0,75359.17
C107797,21.0,Female,Bengaluru,23,1868.88,41079.91,20.0,0,98.0,Monthly,Credit Card,1,0,77931.5
C107798,20.0,Female,Bengaluru,32,2239.88,73044.76,24.0,2,58.0,Annual,Debit Card,0,0,116923.74
C107799,24.0,Male,Delhi,10,1839.11,17413.84,13.0,2,58.0,Monthly,UPI,0,0,41119.15
C107800,35.0,Male,Bengaluru,35,1312.18,40447.67,25.0,3,82.0,Quarterly,Debit Card,0,0,74703.75
C107801,59.0,Male,Bengaluru,63,2517.88,177148.34,14.0,0,43.0,Quarterly,UPI,0,0,163251.74
C107802,24.0,Male,Delhi,67,1237.38,74495.72,18.0,2,76.0,Monthly,Bank Transfer,0,0,93603.81
C107803,57.0,Male,Mumbai,36,3490.77,120655.82,25.0,1,51.0,Monthly,Debit Card,1,0,153520.23
C107804,23.0,Male,Mumbai,49,1401.36,76273.13,2.0,4,68.0,Annual,Bank Transfer,1,0,55629.37
C107805,39.0,Female,Pune,46,2472.91,121375.81,15.0,2,71.0,Monthly,Credit Card,0,0,135207.6
C107806,18.0,Female,Hyderabad,27,1125.65,30565.6,3.0,3,65.0,Annual,Bank Transfer,0,0,54298.62
C107807,21.0,Female,Other,31,1331.12,37101.63,6.0,0,70.0,Monthly,Credit Card,0,0,65542.45
C107808,63.0,Female,Kolkata,34,399.0,15060.72,15.0,1,90.0,Annual,Debit Card,1,0,23957.0
C107809,66.0,Male,Bengaluru,59,2866.22,150776.33,8.0,1,58.0,Annual,UPI,0,0,178172.18
C107810,69.0,Male,Kolkata,54,2183.55,129986.47,17.0,0,72.0,Monthly,UPI,1,0,144792.98
C107811,67.0,Male,Pune,66,424.56,24752.23,15.0,1,58.0,Monthly,Wallet,0,0,46247.04
C107812,60.0,Male,Other,30,996.46,30434.52,9.0,3,72.0,Monthly,Debit Card,1,0,53677.23
C107813,46.0,Male,Delhi,23,510.31,11182.42,4.0,4,65.0,Monthly,Credit Card,1,0,23331.36
C107814,38.0,Male,Delhi,9,1586.87,14085.42,23.0,2,55.0,Quarterly,Debit Card,1,0,55288.16
C107815,43.0,Female,Hyderabad,55,1564.39,95366.58,16.0,1,90.0,Monthly,Debit Card,0,0,115607.06
C107816,31.0,Female,Chennai,1,2732.19,2784.95,9.0,4,77.0,Annual,UPI,0,0,54985.47
C107817,26.0,Female,Hyderabad,56,1963.01,121690.16,10.0,3,89.0,Annual,Bank Transfer,0,0,134106.49
C107818,64.0,Male,Bengaluru,39,2921.85,105057.98,7.0,4,76.0,Quarterly,UPI,1,0,134978.99
C107819,29.0,Female,Other,18,971.21,16257.59,16.0,2,90.0,Monthly,UPI,0,0,62825.45
C107820,59.0,Female,Hyderabad,42,1579.62,67510.88,20.0,2,58.0,Monthly,Credit Card,0,0,84907.78
C107821,68.0,Female,Delhi,65,1654.76,95772.21,17.0,1,67.0,Annual,Credit Card,1,0,122691.3
C107822,68.0,Male,Hyderabad,33,1672.72,49899.0,23.0,2,56.0,Annual,Debit Card,0,0,85106.77
C107823,23.0,Female,Hyderabad,30,2308.24,77042.18,18.0,1,89.0,Monthly,Bank Transfer,0,0,106357.43
C107824,37.0,Female,Mumbai,5,2208.02,9985.04,26.0,1,77.0,Monthly,UPI,0,0,61313.13
C107825,41.0,Male,Hyderabad,50,841.22,44661.27,15.0,1,65.0,Monthly,UPI,0,0,72657.61
C107826,44.0,Male,Other,65,1971.38,134174.24,2.0,2,68.0,Annual,UPI,0,0,126531.87
C107827,55.0,Male,Hyderabad,10,1910.72,20266.32,5.0,4,66.0,Quarterly,Bank Transfer,0,0,53092.54
C107828,25.0,Female,Hyderabad,60,2693.23,164291.72,13.0,3,70.0,Monthly,UPI,0,0,176923.98
C107829,18.0,Female,Hyderabad,27,2877.16,78574.77,13.0,2,100.0,Quarterly,Bank Transfer,1,0,125363.5
C107830,66.0,Male,Bengaluru,72,2080.71,152540.21,9.0,5,48.0,Monthly,UPI,0,0,155038.58
C107831,66.0,Male,Hyderabad,28,1900.23,47186.33,18.0,1,58.0,Quarterly,Credit Card,0,0,85431.22
C107832,41.0,Female,Mumbai,45,2351.79,111874.13,23.0,2,90.0,Annual,Credit Card,1,0,125746.5
C107833,64.0,Male,Mumbai,52,1396.76,70332.67,1.0,2,54.0,Annual,Debit Card,1,0,75752.31
C107834,24.0,Male,Hyderabad,66,1436.6,100509.76,21.0,4,54.0,Quarterly,Credit Card,0,0,102449.88
C107835,36.0,Male,Bengaluru,62,1178.45,80418.4,11.0,4,21.0,Monthly,Debit Card,0,0,63593.28
C107836,39.0,Female,Pune,60,2778.88,154122.84,3.0,2,52.0,Annual,Credit Card,0,0,174356.07
C107837,52.0,Female,Chennai,40,1810.86,68352.39,5.0,0,69.0,Annual,Debit Card,1,0,79358.31
C107838,47.0,Male,Chennai,15,1639.5,24106.05,11.0,3,62.0,Quarterly,Debit Card,1,0,41624.16
C107839,46.0,Female,Delhi,7,1918.93,14223.81,11.0,10,69.0,Monthly,Credit Card,0,0,44579.07
C107840,44.0,Female,Delhi,39,2108.34,78675.74,8.0,1,47.0,Monthly,UPI,1,0,86135.35
C107841,28.0,Male,Pune,51,3001.02,154632.55,6.0,3,80.0,Monthly,Debit Card,0,0,156022.5
C107842,37.0,Female,Pune,7,1865.02,13475.48,28.0,0,69.0,Monthly,Bank Transfer,1,0,77243.41
C107843,46.0,Male,Bengaluru,12,1723.75,19700.84,15.0,4,94.0,Monthly,Credit Card,0,0,61394.2
C107844,68.0,Female,Hyderabad,14,2589.28,31962.62,18.0,2,80.0,Monthly,Debit Card,0,0,76158.57
C107845,58.0,Male,Chennai,34,2009.56,66381.56,21.0,1,86.0,Annual,UPI,1,0,101572.05
C107846,59.0,Female,Pune,39,1173.23,41952.97,11.0,0,76.0,Quarterly,UPI,1,0,62770.4
C107847,51.0,Male,Hyderabad,64,399.0,27526.8,13.0,1,66.0,Monthly,Wallet,1,0,32962.97
C107848,18.0,Female,Mumbai,12,2039.77,26030.98,17.0,3,75.0,Monthly,Credit Card,0,0,74796.32
C107849,48.0,Male,Delhi,34,1960.68,70719.51,7.0,4,62.0,Annual,Debit Card,0,0,83815.34
C107850,47.0,Female,Mumbai,27,2849.15,80299.37,7.0,2,89.0,Monthly,Credit Card,1,0,100615.21
C107851,65.0,Male,Bengaluru,22,1905.85,38468.85,29.0,2,55.0,Annual,Credit Card,1,0,72757.35
C107852,35.0,Female,Bengaluru,18,1124.97,21471.06,33.0,0,100.0,Quarterly,UPI,1,0,57550.34
C107853,34.0,Female,Hyderabad,46,2299.2,109050.76,4.0,4,48.0,Monthly,UPI,0,0,123800.94
C107854,55.0,Male,Bengaluru,44,2109.68,101728.0,18.0,4,78.0,Annual,Credit Card,0,0,123907.59
C107855,31.0,Female,Hyderabad,18,2352.9,41268.3,19.0,0,70.0,Monthly,Debit Card,0,0,83031.62
C107856,40.0,Male,Delhi,37,1945.27,77588.61,17.0,3,72.0,Monthly,Bank Transfer,0,0,97702.98
C107857,42.0,Female,Kolkata,7,2205.6,15063.17,9.0,1,75.0,Annual,Debit Card,0,0,64580.63
C107858,32.0,Female,Delhi,68,2151.74,129506.9,8.0,1,81.0,Annual,Credit Card,1,0,155930.97
C107859,63.0,Male,Delhi,60,1675.12,108795.92,23.0,2,67.0,Annual,Credit Card,0,0,115887.72
C107860,39.0,Female,Chennai,48,2102.98,104163.2,28.0,1,100.0,Annual,Debit Card,0,0,121260.69
C107861,20.0,Male,Hyderabad,51,1837.67,89515.9,15.0,1,91.0,Quarterly,UPI,0,0,120081.13
C107862,36.0,Male,Hyderabad,52,2879.51,155306.87,5.0,1,58.0,Quarterly,Bank Transfer,1,0,154318.71
C107863,61.0,Female,Bengaluru,52,2077.11,104576.82,13.0,6,100.0,Annual,Wallet,1,0,130856.01
C107864,51.0,Female,Pune,54,1616.51,81039.57,11.0,5,55.0,Quarterly,Wallet,0,0,95047.83
C107865,52.0,Male,Other,41,2501.4,112584.96,9.0,1,81.0,Monthly,UPI,1,0,128769.41
C107866,67.0,Male,Chennai,42,1222.53,47599.08,12.0,4,70.0,Quarterly,Credit Card,1,0,75445.97
C107867,18.0,Female,Bengaluru,22,2143.88,44851.79,21.0,2,60.0,Monthly,Credit Card,0,0,69135.26
C107868,69.0,Male,Chennai,39,1051.82,42526.03,20.0,1,100.0,Monthly,Debit Card,1,0,69890.66
C107869,38.0,Female,Chennai,23,634.04,15369.72,17.0,4,78.0,Monthly,Bank Transfer,0,0,33148.39
C107870,46.0,Female,Delhi,48,2537.42,119824.09,17.0,2,65.0,Monthly,Credit Card,0,0,143782.48
C107871,23.0,Male,Delhi,33,1570.11,48584.5,17.0,1,76.0,Monthly,UPI,1,0,84002.45
C107872,54.0,Male,Pune,41,399.98,15160.47,10.0,2,83.0,Monthly,UPI,1,0,36229.02
C107873,18.0,Female,Delhi,30,1275.38,39263.35,25.0,1,60.0,Quarterly,Debit Card,0,0,60905.98
C107874,68.0,Male,Chennai,47,1680.5,70226.27,5.0,2,63.0,Monthly,Debit Card,1,0,91741.5
C107875,18.0,Female,Other,57,3338.29,186140.77,18.0,3,84.0,Monthly,Debit Card,0,0,216474.91
C107876,44.0,Female,Delhi,72,492.23,38054.69,17.0,1,83.0,Annual,Credit Card,1,0,63211.52
C107877,38.0,Female,Chennai,57,2609.93,164041.9,29.0,4,83.0,Annual,Debit Card,0,0,171010.5
C107878,70.0,Male,Chennai,62,1454.7,84865.49,6.0,6,25.0,Monthly,Credit Card,1,0,83415.88
C107879,33.0,Male,Pune,57,2020.62,122825.14,14.0,2,60.0,Annual,Credit Card,0,0,124010.72
C107880,61.0,Female,Chennai,68,1318.71,84296.81,8.0,3,82.0,Quarterly,Credit Card,0,0,107660.37
C107881,57.0,Female,Mumbai,72,2450.87,166038.4,24.0,2,72.0,Monthly,Debit Card,0,0,186391.51
C107882,43.0,Female,Bengaluru,25,2214.38,53914.2,9.0,1,68.0,Annual,UPI,1,0,89125.8
C107883,33.0,Male,Pune,40,1468.95,53726.54,12.0,1,61.0,Annual,UPI,1,0,73331.96
C107884,45.0,Female,Mumbai,17,1858.615,37797.76,25.0,1,81.0,Quarterly,UPI,1,0,89132.94
C107885,18.0,Male,Mumbai,48,2730.68,128675.97,8.0,0,85.0,Monthly,Debit Card,0,0,157916.33
C107886,53.0,Female,Kolkata,39,2545.12,104704.19,12.0,0,65.0,Monthly,UPI,0,0,121148.06
C107887,27.0,Female,Kolkata,15,3366.64,52120.36,23.0,1,100.0,Monthly,Credit Card,0,0,116462.65
C107888,60.0,Female,Pune,17,2516.13,39499.34,25.0,2,43.0,Monthly,Credit Card,0,0,90146.49
C107889,34.0,Male,Hyderabad,35,1880.46,59852.5,11.0,2,85.0,Monthly,Wallet,1,0,91265.51
C107890,40.0,Female,Chennai,33,1418.95,43346.52,23.0,0,68.0,Monthly,Debit Card,1,0,77327.9
C107891,24.0,Male,Bengaluru,18,2404.87,41025.51,16.0,1,45.0,Monthly,Bank Transfer,0,0,92906.87
C107892,61.0,Female,Hyderabad,30,1369.9,40197.69,12.0,0,76.0,Monthly,Bank Transfer,0,0,65096.93
C107893,44.0,Male,Kolkata,37,2592.9,104605.19,21.0,3,73.0,Monthly,UPI,0,0,117925.86
C107894,24.0,Male,Kolkata,7,1674.87,10366.42,12.0,1,61.0,Monthly,Debit Card,1,0,44972.77
C107895,61.0,Male,Chennai,28,2043.44,59144.95,5.0,3,53.0,Monthly,UPI,0,0,76194.09
C107896,32.0,Female,Hyderabad,18,1287.51,20998.58,1.0,1,58.0,Annual,Debit Card,1,0,35791.91
C107897,51.0,Female,Hyderabad,47,1636.61,81602.89,17.0,5,77.0,Quarterly,Wallet,1,0,85389.7
C107898,63.0,Female,Chennai,23,1161.32,29468.71,16.0,3,81.0,Monthly,Bank Transfer,1,0,52571.27
C107899,62.0,Female,Hyderabad,20,2896.17,51401.23,16.0,2,100.0,Monthly,Bank Transfer,0,0,116004.05
C107900,21.0,Female,Mumbai,31,1615.13,54682.42,15.0,1,92.0,Monthly,UPI,1,0,78523.95
C107901,31.0,Male,Mumbai,14,1756.4,25420.49,21.0,3,74.0,Quarterly,Credit Card,0,0,64388.73
C107902,31.0,Female,Kolkata,23,1102.89,25561.24,20.0,4,42.0,Monthly,Bank Transfer,1,0,46335.72
C107903,33.0,Female,Hyderabad,2,804.83,1632.96,23.0,2,63.0,Monthly,Credit Card,1,0,31141.24
C107904,24.0,Male,Bengaluru,29,1234.62,39394.19,14.0,1,100.0,Monthly,Credit Card,1,0,67621.11
C107905,49.0,Male,Pune,50,1240.65,57303.17,17.0,0,100.0,Monthly,Bank Transfer,0,0,84386.43
C107906,36.0,Male,Chennai,59,1225.88,64354.07,15.0,1,79.0,Monthly,Credit Card,0,0,93643.43
C107907,19.0,Male,Hyderabad,33,1460.66,52526.84,7.0,0,59.0,Annual,Bank Transfer,1,0,69058.58
C107908,27.0,Male,Hyderabad,48,2282.24,111804.9,17.0,2,54.0,Monthly,Credit Card,0,0,117660.48
C107909,67.0,Male,Pune,44,1751.14,70670.91,12.0,1,64.0,Annual,UPI,0,0,99201.6
C107910,34.0,Female,Pune,12,2178.88,27412.59,10.0,2,72.0,Quarterly,UPI,1,0,56790.39
C107911,54.0,Male,Kolkata,42,1490.5,68712.61,27.0,0,61.0,Monthly,UPI,0,0,80993.89
C107912,29.0,Male,Hyderabad,35,1957.67,60507.58,3.0,2,31.0,Monthly,Bank Transfer,0,0,90379.1
C107913,23.0,Female,Pune,41,2234.34,94907.18,15.0,1,50.0,Monthly,Wallet,1,0,104969.51
C107914,39.0,Female,Delhi,55,1333.11,70990.24,14.0,2,100.0,Quarterly,Credit Card,0,0,89665.3
C107915,49.0,Male,Bengaluru,13,2601.4,30352.89,17.0,4,70.0,Monthly,UPI,0,0,75321.88
C107916,58.0,Female,Other,39,1838.94,69026.06,15.0,0,74.0,Monthly,Wallet,0,0,91664.5
C107917,37.0,Male,Mumbai,66,1027.66,74877.81,1.0,3,69.0,Monthly,Debit Card,0,0,83246.73
C107918,18.0,Male,Kolkata,35,1377.53,46167.56,11.0,2,74.0,Monthly,Debit Card,1,1,75611.84
C107919,64.0,Male,Pune,72,1567.01,115731.76,10.0,3,42.0,Monthly,UPI,0,0,115586.99
C107920,70.0,Female,Bengaluru,33,1748.18,54971.09,24.0,2,100.0,Annual,Debit Card,0,0,92043.37
C107921,23.0,Female,Mumbai,36,1858.615,16251.35,19.0,0,81.0,Annual,Credit Card,0,0,47978.03
C107922,36.0,Female,Chennai,13,1305.6,16940.45,18.0,2,64.0,Annual,Credit Card,1,0,37056.82
C107923,35.0,Other,Delhi,56,2232.41,137760.83,26.0,2,76.0,Monthly,Credit Card,0,0,149826.36
C107924,23.0,Female,Mumbai,46,1650.19,73429.4,22.0,3,65.0,Monthly,UPI,0,0,106626.11
C107925,62.0,Female,Pune,46,1975.49,89358.02,28.0,1,69.0,Monthly,Bank Transfer,0,0,111684.52
C107926,50.0,Female,Hyderabad,44,2198.69,105716.88,13.0,4,78.0,Annual,Bank Transfer,0,0,116665.31
C107927,40.0,Male,Delhi,46,1892.97,86324.02,22.0,4,6.0,Annual,Debit Card,1,0,97577.35
C107928,40.0,Male,Bengaluru,69,1310.73,96796.25,14.0,0,58.0,Monthly,UPI,0,0,98947.4
C107929,43.0,Female,Bengaluru,31,1413.42,38847.6,8.0,2,45.0,Quarterly,UPI,0,0,66401.96
C107930,30.0,Female,Pune,24,2149.02,47015.8,11.0,2,73.0,Annual,UPI,0,0,90225.65
C107931,24.0,Female,Hyderabad,32,1089.48,36339.03,16.0,1,35.0,Quarterly,Wallet,0,0,39151.91
C107932,32.0,Male,Bengaluru,67,2307.29,164903.99,21.0,1,42.0,Annual,Bank Transfer,1,0,156993.69
C107933,61.0,Female,Hyderabad,16,2702.25,46065.08,23.0,4,65.0,Monthly,Credit Card,0,0,91152.92
C107934,44.0,Female,Chennai,57,399.0,22999.64,6.0,1,77.0,Monthly,Bank Transfer,1,0,40673.47
C107935,43.0,Male,Bengaluru,24,2147.88,48184.13,14.0,2,100.0,Quarterly,Credit Card,0,0,97162.69
C107936,50.0,Female,Delhi,34,1672.36,53355.76,12.0,3,88.0,Quarterly,UPI,0,0,89377.44
C107937,32.0,Female,Delhi,52,2381.41,114886.92,32.0,4,87.0,Annual,Debit Card,1,0,153790.93
C107938,53.0,Female,Bengaluru,48,1676.78,79459.88,14.0,2,98.0,Annual,UPI,1,0,102903.08
C107939,62.0,Female,Chennai,53,2698.14,144731.05,10.0,1,74.0,Monthly,Credit Card,0,0,170732.91
C107940,44.0,Male,Hyderabad,55,1676.56,81326.34,14.0,1,100.0,Monthly,Debit Card,0,0,119175.81
C107941,22.0,Male,Delhi,38,1913.98,69721.42,20.0,4,76.0,Quarterly,Credit Card,0,0,105176.73
C107942,19.0,Female,Chennai,2,2062.26,4474.61,27.0,4,100.0,Monthly,Wallet,0,0,54287.83
C107943,50.0,Male,Hyderabad,69,1887.39,127150.98,1.0,6,28.0,Monthly,Credit Card,1,0,119643.81
C107944,33.0,Male,Hyderabad,53,1916.24,102119.33,12.0,2,81.0,Quarterly,Credit Card,0,0,116482.18
C107945,40.0,Male,Bengaluru,50,1982.89,98188.03,14.0,0,45.0,Monthly,UPI,1,0,104830.22
C107946,55.0,Male,Pune,29,1730.17,45904.08,14.0,0,82.0,Annual,UPI,0,0,78514.94
C107947,33.0,Male,Hyderabad,55,1612.16,80194.84,33.0,1,95.0,Monthly,UPI,0,0,131849.12
C107948,31.0,Male,Bengaluru,61,2471.96,140928.86,13.0,0,90.0,Monthly,Credit Card,1,0,163599.94
C107949,46.0,Female,Hyderabad,50,796.45,41343.6,29.0,2,95.0,Monthly,Debit Card,1,0,54890.09
C107950,43.0,Female,Other,16,1271.83,22169.52,10.0,5,85.0,Quarterly,Credit Card,0,0,48600.97
C107951,52.0,Male,Delhi,70,684.56,45181.96,5.0,3,82.0,Quarterly,Credit Card,0,0,61598.3
C107952,32.0,Male,Bengaluru,44,698.41,29493.76,20.0,0,73.0,Monthly,Bank Transfer,0,0,49293.31
C107953,20.0,Male,Hyderabad,16,1153.21,17804.97,14.0,3,70.0,Monthly,Wallet,0,0,39641.03
C107954,40.0,Male,Pune,28,1653.38,49002.53,5.0,1,100.0,Monthly,UPI,0,0,63830.93
C107955,46.0,Female,Hyderabad,57,2144.83,119137.66,21.0,1,67.0,Quarterly,Credit Card,0,0,150220.3
C107956,51.0,Female,Other,26,2047.83,53490.87,23.0,5,68.0,Monthly,Credit Card,0,0,84783.21
C107957,50.0,Female,Bengaluru,11,2197.47,25227.35,18.0,0,98.0,Monthly,Credit Card,0,0,71239.19
C107958,58.0,Male,Hyderabad,1,1392.43,1528.26,17.0,2,74.0,Monthly,Credit Card,0,0,50777.45
C107959,58.0,Female,Delhi,69,3308.87,206187.25,16.0,2,100.0,Annual,UPI,1,0,230675.67
C107960,40.0,Male,Mumbai,43,1778.41,84499.87,20.0,4,61.0,Monthly,UPI,0,0,98237.9
C107961,24.0,Female,Other,46,2678.28,123347.71,22.0,3,93.0,Monthly,Credit Card,1,0,146297.21
C107962,20.0,Female,Pune,36,1530.51,49852.73,7.0,2,51.0,Monthly,Debit Card,0,0,76093.47
C107963,49.0,Female,Chennai,66,1352.54,89756.98,12.0,4,85.0,Monthly,UPI,0,0,98920.73
C107964,48.0,Male,Delhi,57,1982.63,111906.46,15.0,2,65.0,Quarterly,Credit Card,0,0,113041.16
C107965,35.0,Male,Pune,6,966.88,5358.96,14.0,2,77.0,Monthly,Bank Transfer,0,0,32514.28
C107966,60.0,Female,Mumbai,62,958.92,56722.81,17.0,1,64.0,Monthly,UPI,1,0,88210.61
C107967,24.0,Male,Bengaluru,27,2846.68,73865.67,17.0,2,72.0,Annual,Debit Card,0,0,115412.6
C107968,58.0,Male,Hyderabad,26,2118.56,54261.55,16.0,1,93.0,Annual,Credit Card,0,0,99178.79
C107969,18.0,Female,Bengaluru,13,1601.11,22417.52,11.0,3,86.0,Monthly,UPI,1,0,45158.29
C107970,31.0,Male,Pune,18,2674.78,47259.29,11.0,4,77.0,Monthly,Debit Card,0,0,92968.34
C107971,69.0,Female,Chennai,38,1327.04,54560.0,25.0,1,100.0,Quarterly,Wallet,0,0,82034.3
C107972,49.0,Male,Bengaluru,6,3516.07,20663.28,12.0,2,86.0,Quarterly,Debit Card,0,0,82691.46
C107973,23.0,Female,Pune,28,1942.13,51182.57,35.0,2,76.0,Annual,Bank Transfer,0,0,98910.86
C107974,56.0,Male,Hyderabad,5,1553.02,7564.62,2.0,0,59.0,Annual,UPI,0,0,32198.31
C107975,27.0,Female,Mumbai,59,2455.85,128776.75,12.0,2,72.0,Quarterly,Credit Card,0,0,153007.19
C107976,24.0,Male,Kolkata,45,1335.45,60506.71,19.0,1,100.0,Monthly,Wallet,1,0,81388.06
C107977,43.0,Female,Chennai,53,1845.24,86330.55,18.0,1,97.0,Monthly,Credit Card,1,0,109259.46
C107978,51.0,Female,Bengaluru,2,3367.71,7241.31,8.0,3,59.0,Annual,Debit Card,0,0,61356.57
C107979,47.0,Male,Mumbai,49,1575.85,78084.55,32.0,3,100.0,Quarterly,Bank Transfer,1,0,105257.64
C107980,53.0,Male,Delhi,63,1799.48,121012.95,10.0,4,65.0,Quarterly,Bank Transfer,1,0,117877.32
C107981,38.0,Male,Mumbai,70,1923.8,140128.01,9.0,7,51.0,Quarterly,UPI,1,0,136421.36
C107982,34.0,Male,Hyderabad,58,2588.94,147130.55,15.0,1,87.0,Monthly,Credit Card,0,0,174623.31
C107983,50.0,Female,Hyderabad,4,1641.73,6016.21,7.0,1,46.0,Quarterly,UPI,0,0,37387.1
C107984,27.0,Male,Delhi,30,2843.51,82995.45,10.0,2,74.0,Monthly,UPI,0,0,116566.26
C107985,68.0,Female,Chennai,57,1646.76,102713.12,9.0,0,81.0,Monthly,Wallet,0,0,101596.03
C107986,64.0,Female,Pune,47,2326.14,96854.11,4.0,1,57.0,Monthly,Bank Transfer,0,0,126825.7
C107987,59.0,Male,Delhi,18,1434.58,28111.87,16.0,2,64.0,Quarterly,Bank Transfer,1,0,60064.98
C107988,68.0,Female,Mumbai,44,1927.1,90246.66,6.0,2,65.0,Monthly,Wallet,0,0,100463.32
C107989,29.0,Male,Kolkata,52,2166.89,107600.71,17.0,1,100.0,Quarterly,UPI,1,0,139115.3
C107990,33.0,Male,Hyderabad,49,2049.34,100407.3,8.0,1,55.0,Annual,UPI,1,1,118042.65
C107991,58.0,Male,Hyderabad,30,1227.89,35121.26,22.0,3,88.0,Quarterly,Debit Card,0,0,64730.5
C107992,49.0,Female,Delhi,52,1561.35,89773.03,20.0,1,66.0,Monthly,Credit Card,1,0,103646.06
C107993,32.0,Male,Hyderabad,37,2421.76,84882.94,20.0,3,94.0,Monthly,UPI,0,0,114569.69
C107994,44.0,Female,Delhi,63,1514.96,96679.93,14.0,3,50.0,Monthly,UPI,0,0,98901.82
C107995,45.0,Male,Other,12,3405.94,41797.0,24.0,2,80.0,Annual,Credit Card,1,0,104804.67
C107996,34.0,Female,Kolkata,17,1895.47,35201.33,18.0,3,46.0,Quarterly,Bank Transfer,0,0,60527.22
C107997,63.0,Female,Mumbai,34,1895.5,70196.23,11.0,5,39.0,Monthly,Credit Card,0,0,81037.65
C107998,67.0,Male,Kolkata,28,2000.69,56897.56,6.0,2,64.0,Monthly,UPI,0,0,90723.01
C107999,19.0,Female,Hyderabad,4,2141.18,9563.58,19.0,3,70.0,Annual,UPI,1,0,47221.37
C108000,53.0,Female,Chennai,46,2912.05,141639.2,8.0,3,54.0,Monthly,Credit Card,1,0,157709.52
C108001,67.0,Male,Chennai,14,1576.28,21300.23,18.0,3,52.0,Monthly,Bank Transfer,0,0,54103.76
C108002,24.0,Male,Bengaluru,13,2085.78,24360.92,15.0,0,65.0,Monthly,Debit Card,1,0,50904.17
C108003,30.0,Male,Hyderabad,58,2496.95,130039.35,15.0,0,64.0,Monthly,UPI,1,0,161661.52
C108004,32.0,Female,Kolkata,49,2891.82,140595.29,21.0,3,100.0,Monthly,Credit Card,0,0,168282.24
C108005,42.0,Female,Pune,50,2049.95,91719.52,22.0,1,100.0,Quarterly,UPI,1,0,118407.24
C108006,40.0,Male,Delhi,67,952.71,59605.54,13.0,4,66.0,Monthly,UPI,0,0,74423.04
C108007,39.0,Male,Hyderabad,21,877.06,16934.44,16.0,4,78.0,Monthly,Credit Card,0,0,33556.59
C108008,43.0,Male,Bengaluru,51,2079.07,106202.87,23.0,6,87.0,Monthly,UPI,1,0,119139.88
C108009,50.0,Female,Kolkata,38,2130.54,86559.14,26.0,2,74.0,Quarterly,UPI,1,0,107344.81
C108010,28.0,Female,Mumbai,26,1876.38,44169.11,20.0,3,63.0,Monthly,UPI,1,1,70710.91
C108011,27.0,Female,Mumbai,6,1632.65,9171.86,31.0,1,89.0,Monthly,UPI,1,0,61263.52
C108012,42.0,Male,Kolkata,18,1762.07,29058.55,7.0,1,69.0,Monthly,Bank Transfer,1,1,60319.23
C108013,54.0,Male,Mumbai,6,1996.8,11348.54,9.0,2,48.0,Annual,UPI,1,0,45895.67
C108014,65.0,Male,Mumbai,41,1971.49,86764.19,1.0,2,79.0,Annual,Bank Transfer,1,0,101354.55
C108015,60.0,Female,Bengaluru,57,2310.98,144668.07,9.0,2,97.0,Annual,UPI,0,0,143294.99
C108016,70.0,Male,Bengaluru,50,1821.47,93796.03,6.0,1,82.0,Quarterly,Credit Card,0,0,98655.88
C108017,55.0,Male,Delhi,25,1351.22,36752.6,21.0,3,100.0,Quarterly,Credit Card,0,0,71638.72
C108018,58.0,Female,Bengaluru,48,1575.84,74292.49,15.0,2,100.0,Quarterly,Credit Card,0,0,104552.06
C108019,62.0,Male,Mumbai,24,1156.71,26705.07,28.0,4,97.0,Annual,Debit Card,0,0,62230.72
C108020,41.0,Male,Bengaluru,30,678.54,20024.77,18.0,1,37.0,Annual,Debit Card,1,0,36711.73
C108021,57.0,Female,Hyderabad,45,1834.62,75013.44,3.0,2,58.0,Monthly,Credit Card,1,0,92366.49
C108022,63.0,Male,Chennai,43,1973.47,94654.8,5.0,0,90.0,Quarterly,Debit Card,0,0,108743.93
C108023,50.0,Male,Hyderabad,72,1055.95,83487.09,13.0,1,82.0,Monthly,Debit Card,0,0,97603.73
C108024,34.0,Male,Kolkata,56,2115.03,110129.58,13.0,2,87.0,Quarterly,UPI,1,0,136200.8
C108025,41.0,Male,Bengaluru,70,1986.87,150867.61,17.0,2,72.0,Quarterly,Debit Card,0,0,132421.92
C108026,54.0,Male,Mumbai,33,1614.43,50434.58,5.0,2,81.0,Annual,Debit Card,0,0,79715.84
C108027,19.0,Female,Bengaluru,45,1990.81,87308.76,13.0,2,76.0,Annual,UPI,0,0,116017.59
C108028,49.0,Male,Bengaluru,7,940.15,6350.61,23.0,3,94.0,Monthly,Wallet,1,0,39999.34
C108029,41.0,Female,Bengaluru,18,2425.67,45548.94,16.0,1,86.0,Annual,UPI,0,0,98889.88
C108030,26.0,Male,Kolkata,70,753.7,47937.11,16.0,2,100.0,Annual,UPI,1,0,73983.9
C108031,21.0,Male,Chennai,45,1927.99,89640.49,22.0,1,89.0,Annual,Debit Card,0,0,106002.85
C108032,34.0,Male,Pune,37,2616.84,102924.33,11.0,0,80.0,Quarterly,Debit Card,1,0,123062.46
C108033,34.0,Male,Hyderabad,21,1775.05,37147.67,6.0,4,33.0,Quarterly,Bank Transfer,0,0,46755.99
C108034,70.0,Male,Hyderabad,44,1477.46,66685.72,6.0,0,88.0,Monthly,UPI,0,0,90237.63
C108035,67.0,Male,Pune,30,913.22,28620.59,21.0,0,87.0,Monthly,UPI,0,0,64033.89
C108036,65.0,Female,Mumbai,11,3191.79,37934.49,11.0,2,59.0,Monthly,Debit Card,0,1,82770.13
C108037,47.0,Male,Mumbai,8,938.1,8383.71,10.0,1,48.0,Monthly,Credit Card,0,0,27167.95
C108038,57.0,Female,Bengaluru,5,2857.95,15731.58,12.0,4,63.0,Annual,Credit Card,0,0,62978.75
C108039,28.0,Male,Hyderabad,8,1533.15,11433.78,11.0,2,100.0,Quarterly,UPI,1,0,55415.17
C108040,38.0,Male,Mumbai,5,2164.17,9817.83,13.0,0,100.0,Annual,Bank Transfer,1,0,54742.96
C108041,38.0,Male,Kolkata,10,1706.29,18492.92,17.0,3,67.0,Monthly,Bank Transfer,1,0,53858.07
C108042,35.0,Female,Hyderabad,15,1007.06,15885.75,8.0,2,47.0,Monthly,UPI,0,0,31551.3
C108043,46.0,Female,Kolkata,56,1281.91,65746.93,1.0,3,85.0,Monthly,UPI,1,0,86921.9
C108044,41.0,Female,Bengaluru,55,2627.18,133711.86,10.0,6,61.0,Monthly,Credit Card,0,0,151028.87
C108045,27.0,Male,Mumbai,3,654.35,1886.28,13.0,1,92.0,Annual,Debit Card,1,0,36898.27
C108046,62.0,Male,Hyderabad,41,1689.25,69670.19,21.0,1,96.0,Quarterly,UPI,0,0,90449.68
C108047,34.0,Female,Chennai,10,2923.81,32644.31,18.0,1,51.0,Monthly,UPI,0,0,72841.52
C108048,35.0,Male,Hyderabad,7,2097.94,14063.17,10.0,2,71.0,Quarterly,UPI,1,0,62159.48
C108049,59.0,Male,Hyderabad,63,2347.25,136438.69,17.0,6,24.0,Annual,Debit Card,1,0,145056.55
C108050,65.0,Male,Other,63,2117.74,125723.98,26.0,2,100.0,Monthly,UPI,1,0,147408.7
C108051,37.0,Male,Delhi,26,2011.06,54669.01,24.0,4,69.0,Annual,Bank Transfer,0,0,78902.93
C108052,54.0,Male,Delhi,34,1525.67,49847.88,11.0,0,53.0,Quarterly,UPI,0,0,73005.84
C108053,62.0,Female,Hyderabad,72,2807.36,222435.71,16.0,3,73.0,Annual,Wallet,0,0,211949.04
C108054,35.0,Female,Kolkata,39,1044.51,40400.35,21.0,3,73.0,Monthly,UPI,1,0,70302.21
C108055,34.0,Female,Chennai,60,2132.66,117304.48,26.0,1,69.0,Monthly,Debit Card,0,0,142323.04
C108056,26.0,Male,Pune,69,1201.72,74615.04,15.0,2,62.0,Quarterly,UPI,0,0,99197.69
C108057,31.0,Female,Hyderabad,26,1378.94,35929.99,16.0,5,71.0,Monthly,UPI,1,0,67895.86
C108058,66.0,Female,Bengaluru,62,2798.45,188437.99,12.0,2,71.0,Annual,UPI,0,0,178821.01
C108059,46.0,Female,Other,10,1594.41,16289.45,9.0,0,94.0,Quarterly,Bank Transfer,0,0,52497.48
C108060,48.0,Male,Chennai,54,1390.84,76379.28,12.0,4,100.0,Monthly,Debit Card,0,0,93456.62
C108061,21.0,Female,Kolkata,31,2893.31,92640.37,20.0,1,90.0,Monthly,Credit Card,0,0,141756.48
C108062,35.0,Male,Bengaluru,38,1398.39,58862.7,30.0,1,86.0,Annual,UPI,0,0,81854.65
C108063,44.0,Female,Mumbai,25,3321.1,89884.83,8.0,1,35.0,Annual,Credit Card,1,0,110328.55
C108064,64.0,Male,Pune,65,2209.3,150775.15,22.0,2,68.0,Annual,Credit Card,0,0,158981.97
C108065,60.0,Male,Mumbai,50,2554.83,139749.46,27.0,5,50.0,Monthly,Wallet,0,0,143065.84
C108066,61.0,Male,Delhi,24,1557.47,38442.16,13.0,0,42.0,Annual,Credit Card,1,0,61203.54
C108067,26.0,Female,Bengaluru,27,2421.54,66051.02,16.0,2,87.0,Monthly,Credit Card,1,0,101494.97
C108068,30.0,Male,Hyderabad,50,2378.33,105206.43,15.0,0,65.0,Monthly,Credit Card,0,0,142660.95
C108069,32.0,Female,Bengaluru,50,1426.5,70946.56,27.0,2,95.0,Monthly,Debit Card,1,0,102681.8
C108070,44.0,Female,Mumbai,15,1801.26,24050.19,7.0,1,78.0,Annual,Debit Card,0,0,71103.68
C108071,32.0,Female,Pune,17,811.42,14740.42,14.0,5,67.0,Quarterly,UPI,1,0,28152.64
C108072,45.0,Female,Bengaluru,29,1100.65,28236.34,19.0,3,53.0,Monthly,Credit Card,1,0,48025.05
C108073,54.0,Female,Mumbai,5,2318.56,10314.52,10.0,1,62.0,Quarterly,UPI,1,0,43216.25
C108074,36.0,Female,Pune,11,1694.88,16571.85,3.0,4,23.0,Quarterly,Debit Card,0,1,36188.05
C108075,43.0,Male,Bengaluru,52,922.44,46894.69,9.0,1,50.0,Quarterly,Credit Card,0,0,65467.92
C108076,69.0,Female,Kolkata,34,2348.89,82318.11,5.0,2,100.0,Annual,UPI,1,0,107409.72
C108077,43.0,Female,Other,33,2682.99,97301.77,17.0,2,72.0,Quarterly,Debit Card,0,0,129004.31
C108078,42.0,Male,Hyderabad,49,2486.09,120529.58,23.0,2,100.0,Monthly,UPI,1,0,141805.3
C108079,43.0,Female,Hyderabad,31,2779.36,92727.02,17.0,1,52.0,Annual,Bank Transfer,0,0,123231.99
C108080,43.0,Male,Hyderabad,18,555.86,10051.22,7.0,2,86.0,Monthly,Debit Card,1,0,32924.56
C108081,63.0,Male,Pune,5,2350.25,10898.34,18.0,3,64.0,Annual,Bank Transfer,0,0,62822.48
C108082,45.0,Male,Hyderabad,30,582.93,19131.64,13.0,4,72.0,Monthly,Credit Card,0,0,35801.96
C108083,66.0,Male,Delhi,45,1001.85,47988.05,26.0,3,58.0,Quarterly,Credit Card,0,0,67182.29
C108084,35.0,Female,Chennai,38,2669.75,104218.5,13.0,0,88.0,Annual,UPI,0,0,116451.52
C108085,49.0,Female,Pune,29,2046.13,65115.17,10.0,2,74.0,Monthly,Credit Card,1,0,86895.31
C108086,70.0,Female,Pune,36,2679.39,102479.15,18.0,4,96.0,Monthly,Debit Card,1,1,128313.81
C108087,20.0,Female,Other,9,1942.68,16043.63,12.0,0,78.0,Annual,Credit Card,0,0,53476.06
C108088,19.0,Male,Bengaluru,23,2609.38,54740.0,16.0,2,100.0,Monthly,UPI,0,0,85458.6
C108089,50.0,Male,Bengaluru,3,1988.8,5831.23,4.0,3,70.0,Monthly,Bank Transfer,0,0,40945.67
C108090,59.0,Female,Hyderabad,56,1209.32,62514.03,11.0,1,75.0,Quarterly,Credit Card,0,0,80800.17
C108091,36.0,Female,Chennai,40,2429.13,94174.03,16.0,4,85.0,Monthly,Debit Card,1,0,128578.41
C108092,34.0,Male,Chennai,56,1796.68,92783.28,18.0,5,100.0,Monthly,UPI,0,0,120437.64
C108093,61.0,Other,Other,58,2222.14,141631.95,11.0,1,59.0,Annual,Debit Card,1,0,140235.38
C108094,50.0,Female,Pune,31,2521.72,74537.55,24.0,2,54.0,Quarterly,Credit Card,0,0,104910.1
C108095,29.0,Female,Hyderabad,11,3567.05,42673.43,8.0,3,63.0,Annual,UPI,0,0,80786.24
C108096,66.0,Male,Pune,42,1826.94,73615.65,19.0,2,65.0,Annual,Credit Card,0,0,108443.18
C108097,20.0,Male,Hyderabad,3,2190.35,5869.69,24.0,3,100.0,Monthly,Debit Card,1,1,57352.36
C108098,60.0,Female,Hyderabad,57,1977.56,119297.35,13.0,1,77.0,Annual,Wallet,0,0,126117.73
C108099,66.0,Female,Pune,14,1608.48,23291.9,33.0,3,73.0,Annual,Debit Card,0,0,77083.12
C108100,43.0,Male,Other,46,1723.51,85841.85,7.0,1,59.0,Monthly,Bank Transfer,1,0,81127.4
C108101,52.0,Female,Hyderabad,19,2577.24,53395.0,12.0,2,76.0,Annual,Bank Transfer,0,0,95080.92
C108102,25.0,Female,Pune,60,2305.89,147837.47,16.0,1,47.0,Monthly,Credit Card,0,0,153753.15
C108103,69.0,Male,Pune,31,1100.36,36950.24,16.0,4,11.0,Annual,UPI,1,0,35888.32
C108104,53.0,Male,Hyderabad,36,1877.71,65433.53,18.0,3,90.0,Annual,Wallet,0,0,101953.41
C108105,70.0,Female,Bengaluru,32,2898.89,88534.89,11.0,3,56.0,Monthly,UPI,1,0,122530.8
C108106,24.0,Male,Delhi,63,818.83,50727.72,19.0,1,100.0,Monthly,Bank Transfer,0,0,72738.0
C108107,63.0,Female,Pune,26,931.24,26541.92,19.0,4,99.0,Monthly,Debit Card,0,0,41405.16
C108108,63.0,Male,Bengaluru,65,2551.87,176650.23,8.0,0,39.0,Monthly,UPI,0,0,170359.66
C108109,53.0,Female,Hyderabad,2,1627.35,3343.98,19.0,4,60.0,Monthly,Credit Card,1,0,26073.04
C108110,33.0,Female,Delhi,70,764.54,51455.36,18.0,3,78.0,Annual,Bank Transfer,0,0,76069.38
C108111,41.0,Male,Delhi,45,1679.24,80166.19,21.0,2,100.0,Quarterly,UPI,0,0,107265.22
C108112,18.0,Female,Mumbai,25,1674.57,38552.49,14.0,0,62.0,Annual,Debit Card,0,0,73389.95
C108113,66.0,Male,Hyderabad,40,1251.35,51130.55,1.0,4,29.0,Monthly,Debit Card,0,0,45324.75
C108114,42.0,Male,Pune,18,3289.32,62001.1,1.0,3,100.0,Monthly,Debit Card,1,0,99549.59
C108115,27.0,Female,Delhi,12,639.1,6812.9,16.0,2,100.0,Monthly,UPI,0,0,39528.72
C108116,44.0,Female,Kolkata,24,1375.12,33526.31,11.0,3,42.0,Monthly,Credit Card,1,0,52593.27
C108117,33.0,Male,Other,43,1920.43,92164.13,19.0,4,80.0,Monthly,Bank Transfer,0,0,104145.93
C108118,25.0,Male,Pune,32,773.95,24130.37,15.0,4,29.0,Quarterly,Debit Card,0,0,44420.32
C108119,46.0,Male,Other,47,2834.55,142320.0,13.0,4,87.0,Annual,Credit Card,1,0,151935.14
C108120,56.0,Male,Other,45,1262.71,59700.61,19.0,1,100.0,Quarterly,UPI,0,0,91963.98
C108121,45.0,Male,Mumbai,35,1027.08,32224.72,15.0,2,89.0,Monthly,Wallet,0,0,57604.82
C108122,23.0,Female,Delhi,9,2457.13,19529.14,14.0,0,62.0,Annual,Credit Card,0,0,72971.0
C108123,33.0,Male,Delhi,10,2181.86,23266.09,8.0,2,61.0,Monthly,Credit Card,0,0,49854.11
C108124,37.0,Female,Delhi,65,1791.58,107693.55,9.0,0,100.0,Monthly,Debit Card,0,0,127216.02
C108125,33.0,Male,Hyderabad,59,1423.23,80537.95,17.0,1,93.0,Annual,UPI,1,0,105137.76
C108126,24.0,Female,Bengaluru,57,1481.23,85534.11,18.0,1,66.0,Monthly,UPI,1,0,112017.7
C108127,58.0,Female,Hyderabad,10,1820.02,18319.65,27.0,4,93.0,Monthly,Debit Card,0,0,62920.73
C108128,31.0,Female,Bengaluru,19,1241.52,21636.34,20.0,0,74.0,Monthly,Wallet,0,0,59498.96
C108129,60.0,Male,Hyderabad,50,2710.05,121436.48,10.0,5,58.0,Monthly,Credit Card,0,0,147197.07
C108130,43.0,Female,Kolkata,68,2985.14,210895.68,21.0,2,100.0,Monthly,Bank Transfer,1,0,228520.06
C108131,43.0,Female,Chennai,5,915.93,4971.22,25.0,5,78.0,Quarterly,Credit Card,0,0,43301.39
C108132,31.0,Female,Hyderabad,29,3124.28,101150.38,20.0,4,81.0,Annual,Credit Card,0,0,136450.15
C108133,24.0,Female,Mumbai,5,1665.43,8431.9,9.0,2,98.0,Quarterly,Debit Card,1,0,54008.35
C108134,50.0,Male,Hyderabad,60,895.08,54583.55,28.0,3,100.0,Monthly,Bank Transfer,1,0,82472.37
C108135,43.0,Female,Pune,65,2366.62,163057.72,31.0,2,94.0,Annual,Debit Card,0,0,176348.12
C108136,62.0,Other,Bengaluru,28,1843.06,48465.01,1.0,2,50.0,Annual,Debit Card,0,0,61959.82
C108137,37.0,Female,Bengaluru,1,2069.77,2201.94,14.0,3,69.0,Monthly,UPI,1,0,39375.98
C108138,20.0,Female,Kolkata,29,2396.71,63667.76,11.0,0,71.0,Quarterly,UPI,0,0,95775.1
C108139,69.0,Female,Mumbai,51,2236.05,116527.07,25.0,5,77.0,Monthly,Debit Card,0,0,147595.49
C108140,21.0,Female,Kolkata,36,1327.74,53293.61,17.0,1,84.0,Quarterly,Wallet,1,0,73062.15
C108141,43.0,Female,Chennai,32,3187.13,99092.14,12.0,1,62.0,Annual,Credit Card,0,0,131179.0
C108142,28.0,Female,Bengaluru,64,1817.79,113845.32,11.0,5,51.0,Annual,Debit Card,0,0,119917.59
C108143,19.0,Male,Mumbai,14,2309.36,34740.03,9.0,2,49.0,Monthly,Debit Card,1,0,70290.93
C108144,31.0,Female,Hyderabad,32,2281.56,73848.19,35.0,6,100.0,Monthly,UPI,1,0,115162.37
C108145,61.0,Female,Hyderabad,9,2038.54,20078.93,15.0,3,100.0,Monthly,Wallet,0,0,55209.14
C108146,47.0,Male,Hyderabad,11,1858.615,21413.63,12.0,0,75.0,Monthly,Debit Card,1,0,62726.13
C108147,66.0,Male,Pune,48,1168.0,59462.39,1.0,2,58.0,Monthly,Wallet,0,0,68596.86
C108148,29.0,Female,Delhi,51,1822.94,102448.41,19.0,2,82.0,Annual,Bank Transfer,0,0,124528.0
C108149,43.0,Female,Hyderabad,4,1139.31,4525.8,7.0,4,27.0,Monthly,Bank Transfer,1,0,23030.52
C108150,61.0,Male,Bengaluru,41,2408.74,102395.21,19.0,4,65.0,Monthly,Credit Card,0,0,114908.74
C108151,50.0,Female,Other,25,1858.615,37562.79,11.0,0,95.0,Monthly,Wallet,0,1,73177.64
C108152,30.0,Female,Hyderabad,17,1783.23,31025.47,26.0,0,93.0,Annual,Bank Transfer,1,0,74456.16
C108153,31.0,Male,Mumbai,47,1695.45,82603.65,10.0,1,60.0,Annual,UPI,1,0,105311.31
C108154,41.0,Male,Mumbai,8,1724.66,12934.29,14.0,5,76.0,Annual,Credit Card,0,0,53183.85
C108155,51.0,Female,Delhi,58,1706.36,93546.46,22.0,5,64.0,Monthly,Debit Card,1,0,112260.54
C108156,61.0,Female,Bengaluru,1,1562.6,1501.35,21.0,1,88.0,Monthly,Bank Transfer,0,0,47380.02
C108157,43.0,Male,Other,2,1920.95,3552.54,18.0,3,92.0,Monthly,Debit Card,0,0,53899.55
C108158,38.0,Male,Chennai,10,1673.77,18164.8,18.0,1,85.0,Quarterly,Debit Card,0,0,45821.56
C108159,45.0,Male,Bengaluru,27,927.3,23885.1,13.0,1,68.0,Monthly,Credit Card,1,0,25834.01
C108160,65.0,Female,Bengaluru,13,2559.64,33878.4,7.0,4,76.0,Annual,Credit Card,1,0,65843.21
C108161,53.0,Male,Bengaluru,63,2232.39,128115.7,14.0,3,56.0,Annual,UPI,0,0,152497.06
C108162,57.0,Female,Hyderabad,11,2275.4,25302.42,12.0,2,87.0,Monthly,UPI,0,0,61395.0
C108163,19.0,Male,Kolkata,14,1829.23,25772.98,19.0,4,100.0,Monthly,Credit Card,0,0,62373.94
C108164,59.0,Female,Hyderabad,26,2105.2,54717.55,18.0,1,88.0,Quarterly,Bank Transfer,1,0,91979.76
C108165,26.0,Male,Kolkata,69,1030.06,72532.15,14.0,2,71.0,Monthly,UPI,0,0,74928.75
C108166,40.0,Female,Chennai,39,1505.0,52864.34,20.0,2,31.0,Monthly,Bank Transfer,0,0,71464.76
C108167,32.0,Female,Bengaluru,28,2181.25,68187.2,16.0,3,64.0,Quarterly,UPI,0,0,94556.75
C108168,30.0,Male,Hyderabad,17,1751.77,32671.45,18.0,0,100.0,Annual,Credit Card,0,0,81821.33
C108169,40.0,Male,Mumbai,37,2913.03,99882.01,15.0,3,74.0,Annual,Bank Transfer,0,0,141287.64
C108170,34.0,Female,Delhi,27,2748.87,76904.47,19.0,4,66.0,Monthly,UPI,1,0,97716.41
C108171,65.0,Male,Kolkata,67,2228.6,155778.21,13.0,1,48.0,Annual,Credit Card,0,0,154102.92
C108172,19.0,Female,Delhi,68,1842.05,113378.63,12.0,1,96.0,Quarterly,UPI,1,0,147524.27
C108173,37.0,Male,Mumbai,47,3126.67,132558.62,19.0,2,80.0,Monthly,UPI,0,0,170484.55
C108174,37.0,Male,Hyderabad,34,399.0,13587.9,14.0,1,96.0,Quarterly,Bank Transfer,0,0,47138.74
C108175,63.0,Female,Kolkata,18,2279.68,44783.85,16.0,6,25.0,Annual,Credit Card,0,0,56407.58
C108176,20.0,Female,Kolkata,35,2464.81,76527.24,18.0,3,89.0,Monthly,UPI,1,0,113364.29
C108177,29.0,Female,Bengaluru,18,680.71,11652.24,5.0,4,43.0,Monthly,Debit Card,0,0,21867.71
C108178,57.0,Male,Hyderabad,70,1247.96,95574.6,11.0,2,78.0,Quarterly,Credit Card,0,0,109024.61
C108179,19.0,Male,Delhi,34,2421.17,78832.8,7.0,2,61.0,Monthly,Credit Card,1,0,108718.22
C108180,53.0,Female,Pune,33,1951.02,59040.29,16.0,7,67.0,Annual,Debit Card,1,0,85675.53
C108181,31.0,Male,Mumbai,72,2127.01,148121.11,7.0,0,77.0,Quarterly,Debit Card,1,0,164597.37
C108182,33.0,Male,Chennai,43,768.7,36304.14,6.0,0,62.0,Annual,Debit Card,1,0,53661.06
C108183,36.0,Male,Pune,27,847.96,21796.13,19.0,2,56.0,Monthly,UPI,0,0,44899.05
C108184,51.0,Male,Hyderabad,48,1724.12,80667.13,22.0,1,72.0,Annual,Debit Card,1,0,103392.99
C108185,61.0,Female,Chennai,69,2610.81,169608.66,8.0,3,71.0,Monthly,Credit Card,0,0,177341.83
C108186,63.0,Female,Hyderabad,71,2254.89,150513.97,14.0,3,66.0,Monthly,Debit Card,1,1,163187.07
C108187,23.0,Female,Hyderabad,22,1427.97,30628.59,10.0,3,61.0,Annual,Credit Card,0,0,64603.23
C108188,30.0,Female,Other,34,1250.6,39475.57,11.0,2,49.0,Quarterly,Wallet,0,0,44966.09
C108189,53.0,Female,Mumbai,43,2198.01,97195.41,3.0,1,97.0,Monthly,Credit Card,1,0,123711.91
C108190,39.0,Female,Pune,16,1869.3,28522.62,17.0,4,60.0,Monthly,Credit Card,0,0,46634.48
C108191,35.0,Female,Mumbai,14,2062.2,29687.41,13.0,2,100.0,Monthly,Debit Card,1,0,67923.54
C108192,29.0,Male,Pune,39,1767.92,70960.5,13.0,2,94.0,Annual,Wallet,0,0,105969.75
C108193,69.0,Male,Mumbai,71,1697.71,131996.84,19.0,0,100.0,Annual,Credit Card,0,0,143395.53
C108194,47.0,Female,Hyderabad,12,1770.46,21590.64,23.0,0,59.0,Monthly,Debit Card,1,0,47473.32
C108195,70.0,Male,Kolkata,55,1307.87,77824.11,5.0,3,65.0,Monthly,Wallet,1,0,73030.75
C108196,68.0,Male,Hyderabad,6,1306.04,8244.15,19.0,0,75.0,Monthly,UPI,1,0,45132.79
C108197,57.0,Female,Chennai,40,624.09,22945.71,13.0,2,78.0,Quarterly,UPI,1,0,41783.24
C108198,24.0,Female,Chennai,13,1459.01,17188.71,12.0,2,68.0,Monthly,Wallet,0,0,53185.82
C108199,49.0,Female,Hyderabad,69,1024.93,77138.8,23.0,6,71.0,Monthly,UPI,1,0,82332.03
C108200,65.0,Male,Hyderabad,24,1365.41,29284.9,10.0,0,69.0,Quarterly,Credit Card,1,0,55870.69
C108201,36.0,Female,Pune,59,1952.19,108192.55,15.0,3,61.0,Annual,Credit Card,0,0,131808.89
C108202,23.0,Female,Bengaluru,46,2307.95,110509.06,15.0,5,62.0,Quarterly,UPI,0,0,127771.05
C108203,37.0,Female,Chennai,44,1879.16,85338.3,19.0,6,91.0,Annual,Credit Card,1,0,112583.47
C108204,44.0,Male,Mumbai,11,2102.11,25332.37,12.0,4,77.0,Annual,Debit Card,0,1,56224.93
C108205,70.0,Male,Bengaluru,61,1539.21,88482.18,11.0,4,22.0,Quarterly,UPI,1,0,98860.02
C108206,60.0,Male,Pune,36,1894.51,64341.24,28.0,0,100.0,Monthly,UPI,0,0,109451.19
C108207,54.0,Male,Kolkata,72,1730.0,120374.36,12.0,2,90.0,Quarterly,Credit Card,0,0,142277.41
C108208,65.0,Male,Hyderabad,10,474.59,5304.22,1.0,0,53.0,Monthly,UPI,0,0,39137.45
C108209,24.0,Male,Delhi,1,1669.55,1496.61,10.0,0,81.0,Monthly,Bank Transfer,0,0,41421.23
C108210,22.0,Female,Bengaluru,63,1976.01,120000.41,16.0,2,51.0,Annual,Credit Card,1,0,126700.59
C108211,28.0,Female,Mumbai,12,2234.2,24287.54,18.0,4,61.0,Annual,Debit Card,1,0,78798.1
C108212,32.0,Female,Mumbai,5,1274.24,6800.55,27.0,2,82.0,Monthly,UPI,0,0,38249.31
C108213,20.0,Male,Bengaluru,36,1543.25,52243.16,10.0,3,47.0,Monthly,Credit Card,0,0,81201.66
C108214,22.0,Male,Hyderabad,17,2264.12,34340.88,12.0,0,100.0,Monthly,UPI,1,0,83677.39
C108215,40.0,Male,Mumbai,58,1305.13,75554.28,23.0,1,61.0,Monthly,UPI,1,0,94094.13
C108216,70.0,Male,Hyderabad,22,1408.1,32013.4,29.0,1,100.0,Monthly,Bank Transfer,0,0,71396.14
C108217,54.0,Male,Hyderabad,31,2697.65,90342.1,12.0,2,24.0,Quarterly,Debit Card,0,0,113168.68
C108218,26.0,Female,Other,26,1858.615,32363.71,8.0,1,70.0,Annual,UPI,1,0,60127.61
C108219,32.0,Female,Bengaluru,13,867.02,11961.1,18.0,3,100.0,Annual,Credit Card,0,0,27229.34
C108220,20.0,Female,Mumbai,63,2350.7,135336.28,4.0,4,41.0,Monthly,Debit Card,0,0,146544.09
C108221,46.0,Female,Bengaluru,67,782.52,55795.87,15.0,0,69.0,Monthly,Credit Card,0,0,70141.19
C108222,23.0,Female,Kolkata,63,1655.7,95654.52,15.0,1,53.0,Quarterly,Credit Card,0,0,112102.77
C108223,34.0,Female,Bengaluru,11,2016.47,21124.73,21.0,1,80.0,Monthly,Debit Card,0,0,61937.21
C108224,43.0,Female,Bengaluru,69,2595.18,159835.62,7.0,0,64.0,Annual,Debit Card,1,0,180421.72
C108225,38.0,Female,Mumbai,64,2165.72,134432.41,12.0,3,50.0,Monthly,UPI,0,0,145072.66
C108226,25.0,Female,Kolkata,68,1143.73,73017.69,24.0,3,100.0,Quarterly,Debit Card,0,0,102707.39
C108227,38.0,Female,Pune,32,2796.96,81447.87,12.0,3,73.0,Monthly,Credit Card,1,0,107995.88
C108228,28.0,Male,Bengaluru,10,1570.45,14914.86,13.0,4,100.0,Monthly,UPI,0,0,60335.28
C108229,55.0,Female,Pune,54,1240.79,59091.96,10.0,7,52.0,Quarterly,UPI,0,0,81897.44
C108230,25.0,Female,Delhi,55,2399.71,143977.54,8.0,3,61.0,Quarterly,Wallet,0,0,117671.63
C108231,59.0,Female,Other,62,1427.91,87434.81,19.0,0,38.0,Annual,UPI,1,0,90526.08
C108232,41.0,Male,Other,55,2032.2,110274.48,9.0,4,13.0,Monthly,UPI,1,0,116467.43
C108233,52.0,Male,Mumbai,35,1552.47,56401.82,2.0,3,96.0,Monthly,Debit Card,1,0,79217.74
C108234,31.0,Female,Pune,67,1556.28,95935.47,9.0,2,45.0,Monthly,Credit Card,0,0,103628.95
C108235,31.0,Female,Mumbai,65,3365.14,237314.34,7.0,1,68.0,Monthly,Credit Card,0,0,223084.03
C108236,27.0,Male,Mumbai,17,1878.53,28830.23,31.0,3,51.0,Quarterly,Debit Card,0,0,72716.94
C108237,29.0,Female,Hyderabad,42,399.0,16405.69,15.0,1,97.0,Monthly,Credit Card,0,0,54263.18
C108238,55.0,Female,Hyderabad,59,779.26,48692.18,20.0,3,69.0,Monthly,Bank Transfer,1,0,59531.22
C108239,61.0,Male,Hyderabad,70,1955.81,134224.14,8.0,1,73.0,Monthly,Bank Transfer,0,0,145352.78
C108240,63.0,Female,Other,11,1114.87,11838.88,16.0,3,69.0,Annual,UPI,0,0,27706.22
C108241,51.0,Male,Hyderabad,28,1634.85,47035.46,15.0,3,94.0,Annual,Credit Card,0,0,73516.51
C108242,58.0,Female,Hyderabad,39,2571.22,108708.44,1.0,4,94.0,Annual,Credit Card,0,0,127150.58
C108243,27.0,Female,Bengaluru,54,1682.41,94861.93,10.0,3,58.0,Monthly,UPI,0,0,114340.21
C108244,34.0,Female,Mumbai,11,2259.97,22837.93,6.0,3,84.0,Monthly,UPI,0,0,69954.63
C108245,34.0,Female,Other,58,2598.55,155115.14,5.0,0,56.0,Monthly,Credit Card,0,0,152680.26
C108246,20.0,Male,Delhi,40,2247.46,99991.14,14.0,3,93.0,Monthly,Debit Card,0,0,119248.47
C108247,48.0,Female,Bengaluru,4,1437.16,5776.37,11.0,4,49.0,Annual,Credit Card,1,0,37630.12
C108248,68.0,Female,Other,64,2331.73,143502.86,19.0,1,78.0,Monthly,Credit Card,0,0,160416.36
C108249,18.0,Female,Hyderabad,48,2564.45,126623.58,7.0,4,61.0,Annual,UPI,0,0,140863.36
C108250,29.0,Male,Other,70,1759.01,110231.22,17.0,0,94.0,Quarterly,Credit Card,0,0,136849.4
C108251,56.0,Male,Hyderabad,31,1204.53,39606.12,20.0,1,55.0,Monthly,Credit Card,1,0,57556.56
C108252,21.0,Female,Pune,2,1815.26,3469.48,5.0,5,57.0,Monthly,UPI,1,0,29612.71
C108253,59.0,Female,Hyderabad,43,2140.81,82363.99,12.0,2,79.0,Annual,UPI,0,0,114194.27
C108254,30.0,Male,Other,41,1032.29,44321.54,24.0,2,90.0,Monthly,Bank Transfer,1,0,77704.62
C108255,51.0,Other,Hyderabad,60,2361.81,129923.38,16.0,0,58.0,Monthly,Credit Card,0,0,143820.37
C108256,59.0,Female,Hyderabad,46,1544.13,64865.87,5.0,1,80.0,Monthly,Debit Card,0,0,98166.89
C108257,38.0,Female,Kolkata,40,1777.74,67177.54,6.0,1,100.0,Quarterly,Bank Transfer,0,0,104159.27
C108258,39.0,Female,Hyderabad,59,2038.05,114708.29,15.0,4,72.0,Monthly,Bank Transfer,1,0,136419.82
C108259,21.0,Female,Pune,45,1922.81,85607.02,20.0,2,40.0,Monthly,UPI,0,0,104982.34
C108260,35.0,Female,Pune,42,1724.5,77945.98,19.0,3,78.0,Monthly,UPI,0,0,94068.38
C108261,22.0,Male,Mumbai,21,1158.18,26777.68,18.0,4,91.0,Monthly,Debit Card,0,0,50927.05
C108262,36.0,Female,Bengaluru,3,2759.58,7331.87,13.0,2,64.0,Monthly,Bank Transfer,0,0,52370.72
C108263,19.0,Female,Kolkata,66,2694.16,169809.31,12.0,0,80.0,Monthly,UPI,0,0,179325.44
C108264,29.0,Female,Kolkata,11,2500.38,27929.61,2.0,1,51.0,Monthly,UPI,1,0,68944.21
C108265,34.0,Female,Chennai,24,1800.7,42161.95,15.0,0,91.0,Monthly,UPI,0,0,79798.51
C108266,27.0,Male,Bengaluru,50,2155.16,116775.65,14.0,1,81.0,Monthly,UPI,1,0,123856.45
C108267,51.0,Male,Bengaluru,21,1097.67,20888.35,14.0,2,82.0,Monthly,UPI,0,0,56799.43
C108268,23.0,Female,Bengaluru,25,1779.42,47408.66,25.0,2,95.0,Monthly,Credit Card,0,0,84433.51
C108269,25.0,Male,Mumbai,4,930.36,3803.06,13.0,0,72.0,Annual,UPI,1,0,25995.32
C108270,68.0,Female,Kolkata,43,1412.99,59964.56,13.0,2,73.0,Quarterly,Bank Transfer,0,0,84563.75
C108271,28.0,Male,Pune,47,2402.71,115785.59,7.0,3,87.0,Annual,Credit Card,1,0,142936.06
C108272,29.0,Male,Pune,23,2449.19,62725.52,19.0,2,88.0,Quarterly,Bank Transfer,1,0,103814.34
C108273,26.0,Male,Chennai,60,1189.07,64079.0,12.0,3,70.0,Monthly,Wallet,0,0,92616.0
C108274,19.0,Female,Bengaluru,21,1277.78,25648.13,34.0,0,75.0,Monthly,Credit Card,0,0,65144.52
C108275,25.0,Female,Pune,66,2048.52,137912.25,21.0,2,39.0,Quarterly,UPI,0,0,146247.92
C108276,28.0,Female,Pune,51,870.81,45964.85,31.0,4,89.0,Annual,Credit Card,1,0,68265.39
C108277,70.0,Female,Delhi,15,2732.9,36995.72,11.0,1,65.0,Monthly,Debit Card,0,0,73901.94
C108278,53.0,Male,Hyderabad,58,1211.08,64834.26,12.0,3,79.0,Monthly,UPI,0,0,92537.54
C108279,27.0,Male,Mumbai,26,1936.37,45361.04,22.0,2,55.0,Annual,Debit Card,0,0,70521.02
C108280,38.0,Female,Bengaluru,59,2221.5,133291.35,17.0,3,100.0,Monthly,Debit Card,0,0,150867.15
C108281,37.0,Female,Hyderabad,45,1651.43,81236.29,22.0,0,100.0,Monthly,UPI,1,0,106210.07
C108282,65.0,Male,Delhi,66,1548.54,113082.24,17.0,2,90.0,Monthly,UPI,0,0,134723.55
C108283,25.0,Female,Bengaluru,35,2094.64,70726.33,14.0,3,78.0,Monthly,UPI,0,0,105881.99
C108284,53.0,Female,Kolkata,64,1454.76,88117.98,16.0,2,56.0,Quarterly,Debit Card,0,0,98792.58
C108285,46.0,Male,Bengaluru,27,2223.38,53375.28,10.0,1,100.0,Annual,UPI,0,0,109587.73
C108286,59.0,Male,Mumbai,31,2021.52,61373.01,3.0,2,85.0,Annual,Debit Card,0,0,83282.93
C108287,29.0,Female,Pune,12,994.87,10532.82,18.0,2,74.0,Monthly,Bank Transfer,0,0,40931.37
C108288,31.0,Male,Chennai,45,2597.93,126662.24,23.0,3,51.0,Quarterly,UPI,1,0,130247.02
C108289,65.0,Male,Pune,32,1547.87,49358.68,12.0,3,69.0,Monthly,UPI,1,0,65904.01
C108290,67.0,Female,Delhi,54,2337.97,140606.23,11.0,3,67.0,Annual,Bank Transfer,1,0,132529.49
C108291,38.0,Male,Kolkata,66,1254.15,77696.3,16.0,1,88.0,Monthly,UPI,1,0,111294.23
C108292,39.0,Female,Bengaluru,32,790.17,25273.81,16.0,3,69.0,Annual,Credit Card,1,0,48384.31
C108293,38.0,Male,Hyderabad,15,2487.22,40109.92,23.0,4,31.0,Quarterly,Credit Card,1,0,76240.9
C108294,61.0,Female,Chennai,55,2040.75,104706.16,19.0,3,54.0,Annual,UPI,1,1,132879.37
C108295,67.0,Female,Pune,41,2154.13,86538.07,8.0,4,89.0,Annual,Debit Card,0,0,109412.28
C108296,47.0,Male,Chennai,40,1823.5,79338.92,5.0,1,46.0,Monthly,Debit Card,1,0,88229.04
C108297,56.0,Male,Bengaluru,72,3167.28,238163.18,16.0,1,51.0,Monthly,Debit Card,0,0,228609.51
C108298,37.0,Female,Hyderabad,49,2293.93,116438.07,24.0,1,93.0,Monthly,UPI,1,0,133681.0
C108299,41.0,Female,Bengaluru,38,2209.54,85445.55,25.0,5,83.0,Monthly,UPI,0,0,108935.86
C108300,40.0,Female,Delhi,56,1664.52,93797.8,2.0,3,38.0,Annual,UPI,1,0,94229.85
C108301,24.0,Male,Hyderabad,34,1678.77,56749.17,19.0,2,97.0,Monthly,Debit Card,0,0,92626.52
C108302,26.0,Female,Bengaluru,1,1797.5,1628.18,16.0,0,53.0,Monthly,UPI,0,0,43297.88
C108303,18.0,Female,Hyderabad,10,2189.76,21198.7,2.0,2,72.0,Monthly,Debit Card,0,0,58700.52
C108304,43.0,Female,Delhi,40,1609.32,64294.67,20.0,3,97.0,Monthly,UPI,1,0,89715.72
C108305,55.0,Female,Kolkata,16,1818.65,32368.71,25.0,7,76.0,Annual,UPI,1,0,65929.98
C108306,55.0,Male,Mumbai,46,2316.47,102263.31,19.0,0,83.0,Quarterly,Debit Card,1,0,129758.67
C108307,61.0,Female,Hyderabad,24,2828.33,63221.88,26.0,2,45.0,Monthly,Credit Card,0,0,110603.1
C108308,39.0,Male,Hyderabad,14,399.0,4949.28,18.0,2,93.0,Monthly,UPI,0,0,26600.95
C108309,61.0,Male,Chennai,39,2603.43,100733.8,13.0,2,69.0,Annual,Debit Card,0,0,125159.11
C108310,27.0,Female,Mumbai,18,1621.21,27197.46,18.0,2,100.0,Monthly,Credit Card,1,0,64609.66
C108311,23.0,Other,Mumbai,41,2436.96,103173.27,9.0,2,37.0,Annual,Bank Transfer,1,0,112854.42
C108312,34.0,Male,Kolkata,56,1948.47,110679.82,10.0,2,44.0,Annual,Debit Card,1,0,119397.93
C108313,68.0,Female,Other,36,1549.93,56635.09,16.0,2,77.0,Quarterly,UPI,1,0,82067.35
C108314,67.0,Male,Hyderabad,24,2104.55,49946.31,13.0,2,46.0,Annual,Debit Card,0,0,68501.9
C108315,55.0,Female,Hyderabad,29,870.12,26435.83,28.0,2,80.0,Monthly,Bank Transfer,1,0,48796.89
C108316,41.0,Female,Bengaluru,22,1374.5,31087.15,13.0,0,57.0,Annual,Credit Card,0,0,63193.5
C108317,68.0,Male,Chennai,11,1491.73,17492.83,14.0,4,65.0,Monthly,Credit Card,0,0,42254.77
C108318,27.0,Male,Mumbai,41,1818.38,78660.81,17.0,2,61.0,Monthly,UPI,0,0,103922.91
C108319,25.0,Male,Pune,49,2593.69,115351.94,21.0,4,49.0,Monthly,Debit Card,0,0,139067.02
C108320,38.0,Male,Hyderabad,11,2306.09,28250.9,4.0,2,43.0,Monthly,UPI,1,0,56995.07
C108321,23.0,Male,Pune,52,1655.09,80316.82,26.0,1,88.0,Monthly,UPI,0,0,108587.01
C108322,38.0,Female,Mumbai,67,1308.09,92913.26,21.0,1,45.0,Annual,Credit Card,1,0,97001.19
C108323,56.0,Male,Other,8,1816.45,15511.95,18.0,2,86.0,Quarterly,UPI,1,0,45921.18
C108324,41.0,Female,Delhi,31,2343.14,73626.06,35.0,2,65.0,Annual,Bank Transfer,0,0,115191.19
C108325,50.0,Male,Delhi,6,1482.51,8061.72,12.0,3,93.0,Monthly,Debit Card,1,0,39090.24
C108326,35.0,Female,Hyderabad,71,1619.38,105631.05,11.0,2,48.0,Monthly,Credit Card,0,0,129577.67
C108327,45.0,Male,Pune,13,2809.1,40416.43,7.0,3,87.0,Annual,UPI,0,0,79333.01
C108328,69.0,Male,Hyderabad,6,2151.99,12819.48,29.0,2,79.0,Annual,Bank Transfer,0,0,64324.34
C108329,49.0,Female,Delhi,67,1805.16,117014.01,12.0,3,73.0,Quarterly,UPI,1,0,136270.71
C108330,29.0,Male,Hyderabad,27,2016.88,58424.91,32.0,4,100.0,Annual,Bank Transfer,0,0,104858.75
C108331,65.0,Female,Hyderabad,45,2645.41,111004.34,19.0,1,83.0,Monthly,Wallet,1,0,149550.78
C108332,59.0,Female,Hyderabad,26,572.05,15013.17,17.0,5,72.0,Monthly,UPI,1,0,40507.63
C108333,44.0,Female,Hyderabad,4,2319.91,9332.38,17.0,6,66.0,Annual,Wallet,0,0,61158.61
C108334,27.0,Male,Bengaluru,37,829.4,27247.2,8.0,6,27.0,Annual,Debit Card,1,0,37194.78
C108335,63.0,Male,Other,21,1485.08,31484.28,18.0,2,100.0,Monthly,UPI,0,0,74644.52
C108336,69.0,Female,Bengaluru,28,690.87,19300.18,17.0,2,53.0,Monthly,Bank Transfer,0,0,39641.1
C108337,59.0,Female,Pune,32,2049.39,68513.51,24.0,0,95.0,Quarterly,UPI,0,0,102824.12
C108338,49.0,Male,Hyderabad,53,682.91,38838.31,19.0,3,76.0,Annual,UPI,1,0,63681.42
C108339,59.0,Male,Chennai,33,798.57,28759.67,15.0,0,35.0,Monthly,Wallet,0,0,44153.72
C108340,43.0,Male,Hyderabad,26,2010.27,47972.64,11.0,2,51.0,Annual,Credit Card,1,1,80162.06
C108341,42.0,Male,Hyderabad,17,1809.49,28307.06,19.0,4,84.0,Monthly,Debit Card,1,1,64326.77
C108342,28.0,Male,Hyderabad,56,2818.41,172719.34,15.0,3,49.0,Monthly,UPI,1,0,152669.77
C108343,40.0,Female,Chennai,30,2880.06,77316.18,18.0,1,53.0,Monthly,Debit Card,0,0,122257.17
C108344,51.0,Male,Hyderabad,5,1125.3,5878.77,12.0,3,82.0,Annual,UPI,1,0,36519.01
C108345,69.0,Male,Kolkata,6,1406.48,8636.72,14.0,4,71.0,Monthly,Credit Card,0,0,47304.25
C108346,57.0,Male,Chennai,62,1507.32,97188.04,6.0,3,89.0,Monthly,UPI,0,0,104300.86
C108347,40.0,Female,Pune,10,2439.71,27195.85,9.0,0,61.0,Monthly,UPI,0,0,62372.56
C108348,46.0,Male,Other,70,1555.71,104367.12,3.0,4,28.0,Monthly,Credit Card,1,0,101690.2
C108349,48.0,Male,Delhi,10,551.3,5769.17,12.0,1,50.0,Monthly,Credit Card,1,0,22175.14
C108350,24.0,Male,Kolkata,44,2314.55,111352.1,7.0,3,73.0,Monthly,Debit Card,0,0,113660.69
C108351,57.0,Male,Hyderabad,56,1454.63,88132.12,13.0,2,60.0,Monthly,Bank Transfer,0,0,88083.54
C108352,50.0,Male,Pune,4,2810.98,11421.06,16.0,0,95.0,Quarterly,Credit Card,0,0,62077.97
C108353,38.0,Female,Bengaluru,13,2058.12,28660.21,18.0,2,51.0,Monthly,Debit Card,0,1,71584.33
C108354,19.0,Female,Chennai,19,2572.22,48623.99,2.0,1,73.0,Annual,Credit Card,0,0,79080.52
C108355,35.0,Male,Delhi,70,2244.62,145809.27,10.0,1,57.0,Monthly,UPI,0,0,147792.68
C108356,64.0,Female,Kolkata,62,1391.81,78874.92,17.0,3,59.0,Annual,UPI,1,0,110855.12
C108357,50.0,Male,Kolkata,9,438.87,3758.42,17.0,2,58.0,Monthly,UPI,1,0,36344.56
C108358,54.0,Male,Hyderabad,46,3111.25,128099.48,17.0,3,51.0,Annual,Credit Card,0,0,171897.76
C108359,51.0,Other,Bengaluru,56,2235.59,118403.93,22.0,3,65.0,Monthly,UPI,0,0,143051.66
C108360,37.0,Female,Pune,40,1108.25,42076.3,8.0,1,92.0,Monthly,Bank Transfer,0,0,75773.79
C108361,52.0,Other,Delhi,67,399.0,27374.71,8.0,1,100.0,Monthly,Debit Card,1,0,46893.37
C108362,68.0,Male,Hyderabad,62,2723.88,182933.08,10.0,3,72.0,Monthly,Debit Card,0,0,178921.99
C108363,67.0,Male,Chennai,46,1935.06,91590.5,11.0,2,72.0,Quarterly,Credit Card,1,0,102057.34
C108364,35.0,Female,Pune,6,2584.59,16877.29,22.0,1,71.0,Quarterly,Debit Card,0,0,65541.07
C108365,63.0,Female,Delhi,29,2334.81,65666.81,12.0,3,50.0,Annual,UPI,0,0,93477.74
C108366,41.0,Male,Chennai,19,1378.81,23245.02,18.0,2,95.0,Quarterly,Credit Card,0,0,73832.79
C108367,25.0,Female,Delhi,15,1394.34,18666.47,9.0,2,68.0,Monthly,UPI,0,0,42833.95
C108368,47.0,Female,Mumbai,57,1992.84,125672.57,21.0,1,52.0,Annual,Debit Card,1,0,128787.91
C108369,61.0,Male,Kolkata,38,1751.89,61688.73,7.0,1,100.0,Quarterly,UPI,0,0,96972.02
C108370,70.0,Female,Mumbai,21,1110.02,22117.92,10.0,0,100.0,Monthly,Credit Card,0,0,60974.53
C108371,27.0,Female,Chennai,51,1964.4,89921.86,12.0,1,84.0,Annual,UPI,1,0,107068.63
C108372,40.0,Male,Kolkata,39,2575.35,111693.18,25.0,3,55.0,Annual,UPI,1,0,114574.82
C108373,69.0,Other,Hyderabad,20,1804.17,39852.09,21.0,1,58.0,Monthly,UPI,0,0,64494.91
C108374,66.0,Male,Kolkata,2,2202.54,4420.52,15.0,3,49.0,Monthly,UPI,1,0,46028.93
C108375,28.0,Male,Delhi,32,2006.12,63132.47,6.0,1,100.0,Monthly,Bank Transfer,1,0,98093.15
C108376,19.0,Female,Other,4,2563.78,9386.96,18.0,3,49.0,Quarterly,UPI,0,0,53152.81
C108377,43.0,Other,Bengaluru,7,2109.31,15934.73,20.0,2,63.0,Quarterly,Credit Card,0,0,54321.53
C108378,53.0,Female,Delhi,3,1184.94,3526.86,23.0,3,93.0,Quarterly,UPI,1,0,38912.98
C108379,50.0,Female,Pune,25,853.1,23373.14,21.0,4,74.0,Quarterly,UPI,0,0,50583.91
C108380,64.0,Female,Delhi,9,2996.63,27004.91,6.0,2,35.0,Monthly,Credit Card,1,0,64042.13
C108381,30.0,Female,Hyderabad,26,1177.55,27203.94,11.0,2,82.0,Monthly,UPI,0,0,49426.09
C108382,57.0,Male,Bengaluru,64,1878.95,108910.8,20.0,2,100.0,Annual,Credit Card,1,1,128967.06
C108383,42.0,Female,Mumbai,18,2011.58,39688.2,19.0,4,58.0,Annual,UPI,0,0,68495.45
C108384,21.0,Female,Chennai,2,1397.14,2843.54,17.0,2,59.0,Monthly,UPI,0,0,33604.34
C108385,59.0,Male,Delhi,1,2516.32,2741.66,16.0,1,98.0,Monthly,UPI,0,0,67279.94
C108386,36.0,Female,Bengaluru,48,1820.7,77890.36,12.0,1,87.0,Monthly,UPI,0,0,110521.05
C108387,35.0,Female,Pune,63,787.07,54508.01,1.0,1,39.0,Monthly,Debit Card,0,0,62856.18
C108388,54.0,Female,Chennai,36,1994.49,71661.85,16.0,3,100.0,Monthly,Debit Card,0,0,105450.63
C108389,47.0,Male,Hyderabad,63,1690.2,102145.97,25.0,0,60.0,Monthly,Credit Card,1,0,129218.4
C108390,36.0,Female,Hyderabad,26,2142.84,49634.5,20.0,1,88.0,Monthly,Wallet,0,0,111374.38
C108391,40.0,Male,Delhi,6,3052.68,19749.6,16.0,0,44.0,Quarterly,Credit Card,1,0,72148.61
C108392,33.0,Male,Mumbai,26,1563.92,40804.7,11.0,3,88.0,Annual,Credit Card,1,0,69255.29
C108393,18.0,Female,Mumbai,43,1215.42,51769.99,21.0,3,54.0,Annual,UPI,1,0,71370.98
C108394,29.0,Female,Pune,1,3699.21,3837.37,11.0,1,59.0,Quarterly,Debit Card,1,0,55713.48
C108395,41.0,Male,Bengaluru,9,1050.69,8926.56,32.0,2,67.0,Quarterly,UPI,0,0,51417.6
C108396,51.0,Male,Other,27,3027.92,90548.58,17.0,4,34.0,Monthly,Bank Transfer,0,0,110234.33
C108397,70.0,Female,Other,71,3128.17,205814.97,13.0,0,48.0,Monthly,Credit Card,0,0,224107.83
C108398,25.0,Other,Hyderabad,3,1576.25,5267.95,23.0,3,73.0,Quarterly,UPI,1,0,50880.32
C108399,35.0,Female,Kolkata,61,2569.85,162881.64,19.0,1,47.0,Monthly,Credit Card,0,0,163384.73
C108400,65.0,Female,Delhi,2,1112.86,2435.7,5.0,2,27.0,Monthly,Bank Transfer,0,0,23376.98
C108401,22.0,Male,Mumbai,31,2159.04,71408.34,15.0,3,72.0,Quarterly,Bank Transfer,1,0,90676.14
C108402,43.0,Male,Mumbai,65,2425.63,149589.33,17.0,1,100.0,Monthly,Debit Card,1,0,172626.83
C108403,47.0,Male,Pune,18,1374.27,26513.18,18.0,4,83.0,Annual,Credit Card,1,0,53858.13
C108404,30.0,Male,Other,6,2880.87,15547.31,10.0,3,90.0,Annual,Bank Transfer,0,0,64373.57
C108405,36.0,Male,Mumbai,42,2413.48,91656.73,20.0,4,77.0,Monthly,Bank Transfer,0,0,128132.41
C108406,46.0,Male,Hyderabad,68,2930.7,201619.5,1.0,0,65.0,Monthly,Credit Card,0,0,190406.59
C108407,20.0,Female,Delhi,4,1947.9,8702.06,17.0,5,71.0,Monthly,UPI,0,0,61497.3
C108408,43.0,Male,Hyderabad,4,518.4,2156.12,20.0,5,71.0,Annual,Wallet,1,0,14448.33
C108409,57.0,Female,Delhi,65,1955.07,116228.65,31.0,2,59.0,Monthly,UPI,0,0,142580.91
C108410,29.0,Female,Pune,41,1715.06,76954.25,18.0,3,82.0,Monthly,Bank Transfer,0,0,110547.77
C108411,19.0,Female,Bengaluru,43,2537.67,113834.37,8.0,0,44.0,Monthly,Credit Card,1,0,129842.03
C108412,28.0,Female,Hyderabad,55,985.32,59410.65,18.0,2,61.0,Monthly,Credit Card,1,0,77417.73
C108413,61.0,Female,Delhi,19,3633.91,72958.31,6.0,2,22.0,Annual,Debit Card,1,0,98416.98
C108414,45.0,Male,Bengaluru,21,1942.09,36496.3,20.0,3,74.0,Monthly,Debit Card,1,0,72728.29
C108415,35.0,Male,Bengaluru,58,3034.72,172636.09,20.0,2,48.0,Annual,Bank Transfer,1,1,184551.07
C108416,30.0,Male,Delhi,30,706.59,19900.97,10.0,1,73.0,Quarterly,Debit Card,0,0,38231.57
C108417,54.0,Male,Other,7,1668.07,11261.32,4.0,0,67.0,Monthly,Credit Card,0,0,36459.19
C108418,39.0,Female,Pune,69,3028.17,199907.42,35.0,1,75.0,Quarterly,Bank Transfer,1,0,221961.3
C108419,29.0,Female,Mumbai,64,1523.22,107980.48,13.0,4,34.0,Annual,Bank Transfer,0,0,92150.94
C108420,19.0,Female,Mumbai,2,1193.73,2187.78,17.0,1,80.0,Annual,UPI,1,0,38019.71
C108421,54.0,Male,Hyderabad,67,1821.45,118404.16,17.0,0,100.0,Quarterly,Credit Card,1,0,131549.98
C108422,24.0,Other,Pune,9,2459.93,24389.26,14.0,1,90.0,Quarterly,Credit Card,1,0,76058.04
C108423,43.0,Male,Mumbai,23,1568.38,32827.71,17.0,3,89.0,Monthly,UPI,1,0,57866.72
C108424,43.0,Female,Other,14,1962.39,25439.26,20.0,1,63.0,Annual,UPI,0,0,75513.28
C108425,41.0,Male,Other,54,1865.56,107165.94,26.0,1,88.0,Monthly,Credit Card,0,0,127513.5
C108426,29.0,Male,Bengaluru,45,1605.1,71587.94,9.0,4,32.0,Monthly,Credit Card,1,0,71359.07
C108427,33.0,Male,Other,16,2178.22,30771.23,10.0,2,44.0,Monthly,Debit Card,0,0,58203.87
C108428,40.0,Female,Other,72,939.13,67461.16,17.0,2,96.0,Monthly,Debit Card,1,0,82877.99
C108429,57.0,Male,Delhi,57,1009.82,56583.08,25.0,4,55.0,Quarterly,Credit Card,1,0,75324.57
C108430,26.0,Male,Bengaluru,8,2040.56,17272.78,3.0,5,64.0,Monthly,UPI,0,0,48603.66
C108431,49.0,Female,Pune,25,1683.74,39987.44,17.0,1,73.0,Annual,Credit Card,0,0,73053.85
C108432,32.0,Female,Bengaluru,41,2743.69,100464.58,22.0,2,40.0,Annual,Credit Card,1,0,123170.1
C108433,54.0,Male,Delhi,62,1531.97,89584.78,27.0,3,91.0,Monthly,Credit Card,0,0,120002.48
C108434,30.0,Female,Hyderabad,18,2140.57,42988.95,24.0,4,100.0,Monthly,UPI,0,0,75838.84
C108435,22.0,Male,Delhi,50,2174.8,104826.27,12.0,1,100.0,Monthly,UPI,0,0,137519.1
C108436,28.0,Male,Other,41,1761.73,75636.11,23.0,2,95.0,Annual,Bank Transfer,0,0,110534.9
C108437,27.0,Male,Bengaluru,34,1769.22,56673.19,4.0,3,73.0,Monthly,Credit Card,1,0,83818.62
C108438,69.0,Male,Pune,12,1851.63,20345.2,15.0,0,85.0,Monthly,Credit Card,0,0,78195.6
C108439,30.0,Female,Bengaluru,42,1401.26,62174.83,23.0,4,90.0,Annual,Bank Transfer,0,0,79660.89
C108440,58.0,Female,Delhi,55,2492.56,148042.74,12.0,5,76.0,Quarterly,Debit Card,0,0,153155.27
C108441,70.0,Male,Delhi,59,1505.42,98851.18,17.0,3,100.0,Monthly,Credit Card,0,0,122872.66
C108442,63.0,Female,Hyderabad,51,1464.32,72056.38,13.0,0,87.0,Annual,Debit Card,0,0,111006.98
C108443,67.0,Female,Mumbai,53,2142.18,112553.7,12.0,7,90.0,Annual,Debit Card,1,0,130900.48
C108444,32.0,Male,Pune,9,2658.41,24572.85,21.0,2,75.0,Monthly,UPI,0,0,83224.56
C108445,59.0,Male,Chennai,3,1742.76,5618.21,20.0,2,29.0,Monthly,Credit Card,1,0,31976.28
C108446,24.0,Female,Delhi,8,1697.79,14899.76,15.0,6,13.0,Monthly,Credit Card,1,0,23350.25
C108447,57.0,Female,Delhi,59,2161.13,136894.34,17.0,1,58.0,Annual,Debit Card,0,0,141844.64
C108448,45.0,Female,Bengaluru,30,1647.69,44509.72,31.0,2,100.0,Monthly,UPI,0,0,90752.85
C108449,49.0,Female,Kolkata,67,1261.3,80662.02,20.0,0,89.0,Monthly,Credit Card,1,0,104482.49
C108450,52.0,Male,Mumbai,55,1885.75,104832.39,10.0,1,67.0,Quarterly,Credit Card,0,0,125680.92
C108451,32.0,Female,Bengaluru,34,1635.42,53609.92,17.0,4,86.0,Quarterly,UPI,1,0,78331.69
C108452,65.0,Male,Hyderabad,43,1153.42,54451.47,1.0,1,75.0,Annual,Bank Transfer,1,0,65337.68
C108453,53.0,Female,Chennai,28,1894.12,53433.77,19.0,1,100.0,Annual,Credit Card,0,0,90601.02
C108454,38.0,Female,Delhi,37,1858.27,62988.03,12.0,1,58.0,Annual,Wallet,1,0,87615.33
C108455,23.0,Male,Delhi,30,1674.29,52166.21,4.0,0,45.0,Monthly,Debit Card,0,0,58632.02
C108456,18.0,Male,Delhi,71,1267.71,88015.96,22.0,1,85.0,Annual,UPI,0,0,106294.42
C108457,21.0,Female,Pune,62,2200.56,147136.92,19.0,1,84.0,Monthly,UPI,1,0,154722.65
C108458,28.0,Male,Chennai,29,2541.42,80001.66,18.0,1,75.0,Monthly,Debit Card,0,0,121984.76
C108459,61.0,Female,Mumbai,2,1758.69,3764.61,24.0,1,84.0,Quarterly,UPI,0,0,42936.54
C108460,43.0,Female,Other,57,1857.65,94222.14,17.0,2,100.0,Annual,UPI,0,0,129619.96
C108461,54.0,Female,Other,57,1976.59,103663.0,19.0,2,76.0,Quarterly,UPI,0,0,142703.24
C108462,40.0,Male,Chennai,42,1967.97,87680.97,13.0,3,63.0,Monthly,UPI,0,0,96035.73
C108463,46.0,Female,Delhi,49,1379.41,67346.34,23.0,4,68.0,Monthly,Debit Card,1,0,85459.16
C108464,38.0,Female,Bengaluru,57,2218.5,134367.95,12.0,2,44.0,Monthly,Credit Card,0,0,131558.55
C108465,65.0,Female,Hyderabad,71,1619.24,113133.42,16.0,4,56.0,Annual,Credit Card,1,0,119814.29
C108466,62.0,Female,Pune,18,1042.21,17770.54,15.0,3,100.0,Monthly,UPI,1,0,49914.51
C108467,62.0,Other,Chennai,70,1656.3,106289.49,17.0,3,72.0,Monthly,Debit Card,0,0,121552.52
C108468,66.0,Female,Hyderabad,27,2177.33,60312.74,14.0,3,61.0,Annual,Wallet,0,0,82121.36
C108469,44.0,Male,Pune,54,1646.69,90004.22,23.0,2,99.0,Monthly,Credit Card,0,0,118249.77
C108470,56.0,Female,Kolkata,24,2259.64,51131.36,14.0,2,65.0,Monthly,Credit Card,1,0,91638.61
C108471,57.0,Male,Other,34,1858.615,56107.97,11.0,2,98.0,Quarterly,Credit Card,1,0,88831.84
C108472,30.0,Male,Mumbai,22,2626.49,59752.82,14.0,2,84.0,Monthly,Debit Card,1,0,100279.47
C108473,40.0,Male,Chennai,63,2381.98,135617.93,16.0,5,48.0,Monthly,Credit Card,1,0,152541.49
C108474,33.0,Female,Hyderabad,36,767.81,30591.97,17.0,3,94.0,Quarterly,Debit Card,1,0,53369.78
C108475,47.0,Female,Pune,61,1501.96,93959.58,8.0,0,72.0,Monthly,Debit Card,1,0,97805.52
C108476,21.0,Female,Other,42,1516.1,64512.26,15.0,3,68.0,Annual,Wallet,1,0,87620.91
C108477,57.0,Male,Kolkata,33,2402.78,71821.2,22.0,4,81.0,Annual,Wallet,0,0,107325.54
C108478,33.0,Male,Pune,9,2519.76,20376.81,12.0,3,71.0,Annual,Debit Card,0,0,57574.5
C108479,48.0,Male,Hyderabad,25,2237.79,53130.39,23.0,2,47.0,Monthly,Bank Transfer,0,0,88341.24
C108480,70.0,Female,Chennai,13,923.33,13029.28,13.0,4,65.0,Monthly,Credit Card,0,0,33521.8
C108481,59.0,Male,Chennai,47,1631.4,82077.67,16.0,2,65.0,Monthly,Credit Card,0,0,110629.08
C108482,42.0,Male,Kolkata,45,2449.75,111973.73,20.0,4,41.0,Monthly,Credit Card,0,0,135340.78
C108483,61.0,Male,Hyderabad,5,2038.74,10754.0,33.0,0,78.0,Monthly,Credit Card,1,0,58847.62
C108484,29.0,Female,Mumbai,31,399.0,13831.15,14.0,3,70.0,Monthly,UPI,0,0,34001.11
C108485,43.0,Female,Hyderabad,31,2997.55,85956.08,15.0,3,100.0,Monthly,Debit Card,0,0,128462.81
C108486,54.0,Female,Delhi,71,2070.09,155618.9,25.0,1,46.0,Annual,Bank Transfer,1,0,151788.43
C108487,65.0,Male,Pune,41,2057.26,87050.49,14.0,3,66.0,Monthly,Bank Transfer,0,0,112311.48
C108488,50.0,Male,Delhi,46,2051.52,105044.55,17.0,2,61.0,Annual,Debit Card,0,0,113870.52
C108489,45.0,Male,Pune,52,1453.91,66964.23,18.0,3,54.0,Monthly,Debit Card,0,0,83821.23
C108490,26.0,Male,Mumbai,5,895.0,4107.17,11.0,1,100.0,Annual,Debit Card,1,0,38589.08
C108491,29.0,Male,Hyderabad,12,1495.95,16346.41,13.0,0,100.0,Quarterly,Debit Card,0,0,64076.98
C108492,22.0,Male,Chennai,21,2108.1,40776.7,1.0,2,46.0,Monthly,Credit Card,1,0,60538.01
C108493,44.0,Male,Other,9,1669.38,15801.06,17.0,1,96.0,Monthly,Credit Card,0,0,56340.57
C108494,45.0,Male,Bengaluru,17,2042.44,32116.5,1.0,3,72.0,Quarterly,UPI,0,0,65498.61
C108495,52.0,Male,Hyderabad,24,1463.57,36230.22,23.0,3,86.0,Monthly,Bank Transfer,0,0,67696.02
C108496,22.0,Female,Chennai,27,1630.76,44278.45,21.0,3,74.0,Monthly,Credit Card,0,0,66934.11
C108497,51.0,Other,Bengaluru,8,2083.17,16391.39,13.0,2,96.0,Monthly,UPI,0,1,55602.48
C108498,63.0,Female,Chennai,44,1678.24,72957.58,23.0,5,100.0,Monthly,Credit Card,0,0,92161.62
C108499,51.0,Male,Mumbai,62,1526.51,92801.36,23.0,4,89.0,Quarterly,UPI,1,0,108045.01
C108500,30.0,Male,Other,29,2188.47,70866.35,13.0,3,37.0,Monthly,Debit Card,0,0,85338.82
C108501,56.0,Female,Pune,24,1992.24,53415.67,8.0,2,84.0,Annual,Bank Transfer,1,0,89832.4
C108502,59.0,Male,Hyderabad,34,1242.9,40392.7,17.0,3,100.0,Monthly,Wallet,0,0,64214.15
C108503,62.0,Female,Delhi,60,1954.6,109487.69,25.0,2,83.0,Annual,UPI,0,0,148638.32
C108504,65.0,Female,Pune,31,1541.12,44313.37,17.0,4,62.0,Monthly,Bank Transfer,0,0,68296.25
C108505,31.0,Female,Kolkata,4,1179.27,4729.72,15.0,1,93.0,Quarterly,Credit Card,1,1,39014.31
C108506,28.0,Female,Chennai,9,3084.66,29764.34,15.0,3,96.0,Monthly,Debit Card,1,0,77875.23
C108507,59.0,Female,Bengaluru,54,1607.81,86716.79,14.0,2,60.0,Annual,UPI,0,0,82036.48
C108508,55.0,Female,Pune,1,1970.46,2200.16,1.0,1,73.0,Monthly,Debit Card,0,0,43126.08
C108509,21.0,Male,Pune,61,1886.65,127231.94,25.0,2,99.0,Annual,Debit Card,1,0,144463.89
C108510,70.0,Male,Mumbai,31,2582.33,85424.29,34.0,3,61.0,Monthly,UPI,0,0,118497.48
C108511,50.0,Male,Hyderabad,45,2632.85,127893.15,7.0,1,85.0,Monthly,UPI,0,0,143945.72
C108512,24.0,Male,Delhi,60,2121.58,135899.79,13.0,4,66.0,Monthly,Credit Card,1,0,124768.97
C108513,58.0,Male,Hyderabad,42,2559.33,116333.31,10.0,2,76.0,Annual,Wallet,1,0,134613.49
C108514,25.0,Male,Hyderabad,27,740.08,18797.45,6.0,4,65.0,Monthly,Bank Transfer,1,0,42293.21
C108515,54.0,Female,Bengaluru,58,2594.12,148877.6,16.0,3,80.0,Quarterly,Debit Card,0,0,158826.12
C108516,68.0,Male,Bengaluru,69,2249.01,144041.17,17.0,3,88.0,Monthly,Credit Card,0,0,164795.48
C108517,27.0,Male,Chennai,34,1359.12,47187.99,19.0,1,82.0,Monthly,UPI,0,0,70534.38
C108518,60.0,Male,Bengaluru,10,1656.21,15837.26,13.0,0,64.0,Annual,Credit Card,0,0,55252.7
C108519,32.0,Female,Hyderabad,66,1697.74,118332.02,35.0,1,72.0,Monthly,UPI,1,0,133561.76
C108520,55.0,Male,Hyderabad,25,3180.65,84055.5,15.0,0,100.0,Monthly,UPI,1,0,120378.43
C108521,32.0,Female,Hyderabad,3,1621.38,5366.89,16.0,4,60.0,Monthly,Debit Card,1,0,49501.51
C108522,22.0,Female,Chennai,34,1342.26,50257.47,8.0,0,49.0,Monthly,Wallet,0,0,68719.57
C108523,46.0,Female,Hyderabad,71,1346.1,87572.87,13.0,2,37.0,Monthly,UPI,1,0,85379.14
C108524,36.0,Male,Bengaluru,28,555.65,14413.0,12.0,1,87.0,Monthly,Wallet,0,0,35429.97
C108525,68.0,Male,Chennai,9,2280.91,21503.48,8.0,2,63.0,Monthly,Bank Transfer,1,0,53171.41
C108526,27.0,Female,Bengaluru,11,2301.01,28131.23,22.0,3,81.0,Monthly,Credit Card,0,0,75283.97
C108527,29.0,Male,Bengaluru,39,399.0,14037.29,11.0,3,85.0,Monthly,UPI,0,0,38739.64
C108528,21.0,Male,Pune,13,2757.5,35763.82,13.0,2,70.0,Monthly,UPI,1,0,76026.59
C108529,48.0,Male,Mumbai,11,1680.5,20611.43,21.0,2,72.0,Monthly,Credit Card,1,0,41079.63
C108530,35.0,Female,Pune,35,1387.6,48456.77,14.0,3,62.0,Monthly,Debit Card,1,0,66834.55
C108531,33.0,Male,Mumbai,8,775.59,5606.94,21.0,0,42.0,Quarterly,UPI,1,0,30871.3
C108532,57.0,Female,Kolkata,7,954.38,7143.62,9.0,1,100.0,Monthly,UPI,0,0,46713.9
C108533,53.0,Male,Bengaluru,69,2314.4,170296.86,3.0,2,63.0,Annual,Bank Transfer,0,0,166281.2
C108534,42.0,Female,Mumbai,70,2398.85,159697.2,17.0,4,58.0,Monthly,UPI,0,0,178160.53
C108535,40.0,Female,Mumbai,57,1107.22,67628.04,24.0,1,100.0,Monthly,Debit Card,0,0,100979.57
C108536,29.0,Male,Kolkata,35,588.13,20267.55,24.0,2,41.0,Monthly,UPI,1,0,47503.5
C108537,51.0,Male,Chennai,11,1637.19,16924.44,17.0,2,100.0,Monthly,UPI,1,0,57507.98
C108538,53.0,Male,Pune,38,1126.98,38684.86,16.0,5,59.0,Monthly,Bank Transfer,0,0,50734.53
C108539,54.0,Male,Mumbai,49,2099.42,99316.54,17.0,1,97.0,Annual,Bank Transfer,1,0,128801.76
C108540,20.0,Female,Delhi,35,2405.93,89085.51,1.0,1,63.0,Monthly,UPI,0,0,89291.4
C108541,26.0,Male,Kolkata,29,1135.77,34760.35,17.0,4,28.0,Monthly,UPI,0,0,48062.03
C108542,70.0,Female,Other,41,2085.55,91047.48,11.0,1,46.0,Monthly,UPI,1,0,89273.94
C108543,35.0,Male,Delhi,6,2799.55,18545.39,26.0,3,77.0,Annual,UPI,0,0,65657.87
C108544,60.0,Male,Bengaluru,10,1905.15,18975.97,14.0,3,73.0,Monthly,UPI,0,0,44183.69
C108545,52.0,Female,Bengaluru,23,2105.66,48922.1,17.0,4,69.0,Monthly,UPI,0,0,79233.26
C108546,51.0,Female,Bengaluru,46,1311.91,62119.09,7.0,3,73.0,Monthly,UPI,1,0,80427.64
C108547,58.0,Male,Hyderabad,12,2644.2,32170.31,22.0,2,32.0,Quarterly,Credit Card,0,0,73136.98
C108548,31.0,Female,Hyderabad,55,2113.35,129147.74,17.0,2,81.0,Quarterly,Bank Transfer,1,0,136817.91
C108549,21.0,Male,Mumbai,13,1144.77,13671.88,17.0,2,43.0,Monthly,Debit Card,1,0,38935.69
C108550,46.0,Female,Pune,7,3210.65,24027.7,35.0,4,100.0,Annual,Bank Transfer,1,0,81377.96
C108551,58.0,Male,Hyderabad,12,399.0,4328.5,17.0,1,39.0,Quarterly,Credit Card,0,0,25396.06
C108552,62.0,Male,Mumbai,61,2768.07,159499.11,30.0,3,100.0,Annual,Credit Card,1,0,193766.21
C108553,67.0,Female,Bengaluru,25,1014.21,22405.43,1.0,2,72.0,Quarterly,Credit Card,0,0,38267.82
C108554,32.0,Male,Kolkata,2,1831.26,3488.97,19.0,0,60.0,Monthly,Credit Card,0,0,36412.45
C108555,45.0,Male,Hyderabad,26,2585.38,63399.51,15.0,1,100.0,Monthly,Credit Card,0,0,106186.67
C108556,59.0,Male,Mumbai,51,916.15,45823.13,7.0,3,78.0,Quarterly,UPI,1,0,61477.38
C108557,33.0,Female,Other,69,2039.83,127106.11,17.0,1,97.0,Monthly,Debit Card,0,0,149249.48
C108558,29.0,Female,Bengaluru,62,514.6,29110.05,10.0,3,69.0,Quarterly,UPI,0,0,48800.31
C108559,69.0,Female,Pune,72,1863.92,118791.22,13.0,2,78.0,Annual,Credit Card,1,0,143991.35
C108560,22.0,Female,Kolkata,39,2733.33,116175.14,13.0,3,87.0,Monthly,UPI,1,1,132568.32
C108561,51.0,Female,Hyderabad,11,1913.65,20280.04,11.0,1,65.0,Annual,UPI,1,0,53553.63
C108562,59.0,Male,Other,64,2402.05,163043.41,10.0,4,100.0,Monthly,Credit Card,0,0,171938.43
C108563,18.0,Male,Pune,42,2331.45,104155.7,2.0,2,38.0,Monthly,Debit Card,1,0,122355.58
C108564,56.0,Female,Hyderabad,10,961.14,10602.57,14.0,3,68.0,Quarterly,UPI,0,0,39782.74
C108565,49.0,Male,Bengaluru,19,835.47,15789.08,18.0,5,100.0,Monthly,UPI,1,0,49581.36
C108566,43.0,Male,Delhi,4,2471.64,9351.29,19.0,1,37.0,Annual,UPI,0,0,54165.11
C108567,34.0,Female,Kolkata,3,2075.0,5668.55,1.0,3,52.0,Monthly,Wallet,0,0,42222.16
C108568,65.0,Female,Hyderabad,14,1434.34,20381.79,6.0,4,22.0,Annual,Credit Card,0,0,33464.28
C108569,44.0,Male,Delhi,10,1592.74,16154.42,21.0,2,68.0,Monthly,UPI,0,0,56983.03
C108570,41.0,Male,Bengaluru,6,1946.79,10517.3,6.0,1,65.0,Monthly,UPI,0,0,37498.48
C108571,52.0,Female,Pune,31,1358.65,38669.93,22.0,4,54.0,Monthly,Wallet,0,0,61450.7
C108572,63.0,Male,Delhi,31,2407.0,76583.86,23.0,0,77.0,Monthly,UPI,1,0,123757.4
C108573,59.0,Male,Mumbai,48,1796.95,93120.98,24.0,1,56.0,Quarterly,Debit Card,1,0,108874.74
C108574,56.0,Male,Delhi,9,1669.49,14121.43,1.0,0,72.0,Monthly,Bank Transfer,0,0,43830.15
C108575,43.0,Other,Kolkata,26,1793.29,51292.84,22.0,0,86.0,Annual,UPI,0,0,97890.85
C108576,66.0,Male,Chennai,2,2106.17,3998.21,16.0,1,85.0,Monthly,Wallet,0,0,40059.11
C108577,55.0,Female,Pune,4,1727.09,6330.32,10.0,3,67.0,Monthly,UPI,0,0,47657.99
C108578,40.0,Male,Hyderabad,6,577.86,3519.93,17.0,3,54.0,Monthly,Credit Card,0,0,24829.88
C108579,39.0,Male,Delhi,30,2973.55,92770.49,14.0,3,45.0,Quarterly,Credit Card,0,0,111219.65
C108580,21.0,Male,Pune,55,625.33,32742.96,1.0,1,67.0,Annual,Debit Card,0,0,52535.96
C108581,66.0,Female,Chennai,28,2707.51,76613.85,2.0,2,30.0,Monthly,Credit Card,0,0,90757.35
C108582,26.0,Female,Pune,61,1231.86,76881.36,8.0,5,97.0,Monthly,UPI,1,0,94696.94
C108583,21.0,Male,Mumbai,55,1429.23,78492.91,22.0,0,80.0,Quarterly,Bank Transfer,0,0,110037.33
C108584,24.0,Female,Other,36,3014.95,98058.86,21.0,5,44.0,Monthly,Debit Card,1,0,133173.59
C108585,40.0,Male,Hyderabad,5,399.0,2011.92,16.0,0,62.0,Monthly,UPI,1,0,23743.27
C108586,19.0,Female,Hyderabad,29,1729.04,55008.95,7.0,0,77.0,Quarterly,Wallet,1,0,76486.65
C108587,66.0,Male,Pune,12,2657.25,28877.56,6.0,0,89.0,Monthly,Credit Card,0,0,81052.1
C108588,41.0,Female,Pune,22,1398.66,34187.96,12.0,1,76.0,Monthly,Debit Card,1,0,62788.47
C108589,57.0,Male,Chennai,59,2283.75,138954.97,26.0,0,55.0,Annual,Credit Card,1,0,152588.79
C108590,48.0,Female,Other,39,2544.48,105873.18,8.0,1,94.0,Monthly,Credit Card,0,0,148177.9
C108591,64.0,Female,Delhi,2,1719.16,3322.7,7.0,2,64.0,Monthly,UPI,1,0,21737.66
C108592,48.0,Male,Other,14,2695.95,40198.9,18.0,3,100.0,Monthly,UPI,0,0,90295.9
C108593,64.0,Male,Mumbai,10,1775.9,16863.06,22.0,1,87.0,Monthly,Bank Transfer,0,0,64185.83
C108594,57.0,Male,Hyderabad,48,1432.56,71710.15,12.0,0,79.0,Quarterly,Debit Card,1,0,92165.45
C108595,65.0,Female,Chennai,64,2098.02,124522.41,24.0,2,78.0,Quarterly,UPI,1,0,143427.73
C108596,68.0,Male,Other,3,2544.25,8039.61,13.0,4,80.0,Monthly,UPI,0,0,56246.55
C108597,60.0,Female,Bengaluru,72,1319.15,94853.75,12.0,1,99.0,Quarterly,Debit Card,0,0,113933.0
C108598,51.0,Female,Other,60,1628.09,95096.16,6.0,0,54.0,Monthly,Debit Card,0,0,110810.9
C108599,41.0,Male,Pune,68,1041.16,78734.66,20.0,1,98.0,Quarterly,UPI,0,0,95717.17
C108600,66.0,Male,Chennai,21,1548.17,31778.28,5.0,4,64.0,Quarterly,Wallet,0,0,60340.3
C108601,43.0,Female,Mumbai,19,1454.46,25079.84,2.0,0,71.0,Monthly,Wallet,0,0,65447.46
C108602,33.0,Female,Mumbai,20,1966.26,35061.19,15.0,3,100.0,Monthly,Wallet,1,0,82020.76
C108603,64.0,Female,Delhi,58,872.34,49612.63,7.0,0,55.0,Annual,Credit Card,1,0,75764.16
C108604,30.0,Male,Hyderabad,42,1662.27,63875.8,10.0,3,97.0,Quarterly,UPI,1,0,88923.43
C108605,32.0,Male,Other,10,2545.73,26740.97,22.0,1,91.0,Annual,Bank Transfer,0,0,85666.11
C108606,44.0,Female,Mumbai,23,2097.92,43926.18,18.0,1,88.0,Monthly,UPI,0,0,93329.5
C108607,21.0,Female,Other,12,2334.18,28722.54,23.0,4,100.0,Monthly,Debit Card,0,0,79959.81
C108608,33.0,Female,Delhi,9,2256.29,20471.56,16.0,1,84.0,Monthly,UPI,0,0,62700.5
C108609,47.0,Male,Chennai,29,2288.04,61937.89,1.0,2,79.0,Monthly,Debit Card,1,0,78012.18
C108610,61.0,Male,Mumbai,20,1129.03,22600.01,13.0,2,100.0,Quarterly,UPI,0,0,59458.79
C108611,47.0,Male,Pune,65,1546.6,98384.89,21.0,1,86.0,Annual,Bank Transfer,0,0,117234.3
C108612,53.0,Female,Bengaluru,3,2343.41,6534.79,23.0,2,5.0,Monthly,Bank Transfer,1,0,34405.13
C108613,20.0,Male,Other,8,458.8,3434.25,21.0,2,65.0,Monthly,UPI,1,0,16783.26
C108614,39.0,Female,Chennai,39,626.51,22106.2,19.0,4,96.0,Monthly,Credit Card,0,0,47536.58
C108615,66.0,Female,Other,64,1596.26,104188.65,20.0,3,66.0,Monthly,Wallet,1,0,119741.74
C108616,39.0,Male,Kolkata,31,1757.01,59080.34,29.0,1,59.0,Monthly,Credit Card,1,0,84780.83
C108617,67.0,Male,Pune,72,1663.56,133272.47,14.0,3,53.0,Annual,Debit Card,0,0,123372.05
C108618,67.0,Female,Chennai,22,835.56,19134.93,14.0,3,86.0,Annual,Debit Card,0,0,43067.66
C108619,66.0,Male,Mumbai,5,2535.35,13490.0,19.0,3,50.0,Monthly,UPI,0,0,61963.02
C108620,29.0,Male,Pune,58,1367.46,74825.77,9.0,1,76.0,Quarterly,UPI,1,0,102806.54
C108621,38.0,Male,Mumbai,63,853.72,59326.12,22.0,0,71.0,Monthly,Wallet,0,0,66061.49
C108622,21.0,Female,Delhi,61,399.0,26697.37,11.0,0,91.0,Monthly,Credit Card,1,0,45086.69
C108623,48.0,Female,Pune,52,2347.4,121231.19,16.0,0,88.0,Monthly,Debit Card,1,0,125692.9
C108624,61.0,Female,Mumbai,33,1738.51,56145.68,1.0,3,68.0,Monthly,Credit Card,0,0,82752.36
C108625,48.0,Female,Mumbai,22,1470.61,30938.95,11.0,4,57.0,Annual,UPI,0,0,60823.49
C108626,40.0,Female,Hyderabad,51,2337.79,115773.28,10.0,1,68.0,Quarterly,Credit Card,0,0,127476.74
C108627,70.0,Female,Bengaluru,11,2170.3,24316.91,11.0,0,49.0,Monthly,Bank Transfer,0,0,41203.6
C108628,37.0,Other,Kolkata,58,2141.71,136609.3,19.0,2,63.0,Annual,Wallet,0,0,142256.24
C108629,32.0,Male,Pune,50,1788.77,89261.58,14.0,1,97.0,Monthly,Debit Card,0,0,114749.43
C108630,40.0,Male,Hyderabad,70,1518.18,101267.04,5.0,5,42.0,Quarterly,UPI,1,0,109015.18
C108631,45.0,Female,Kolkata,17,2139.49,32677.61,15.0,1,40.0,Quarterly,UPI,0,1,69235.39
C108632,33.0,Female,Hyderabad,46,612.28,26790.35,12.0,3,64.0,Monthly,Debit Card,1,0,45116.53
C108633,54.0,Male,Chennai,44,1548.97,73355.72,20.0,1,75.0,Monthly,Credit Card,0,0,94110.77
C108634,38.0,Other,Hyderabad,57,1077.38,57394.54,16.0,0,62.0,Annual,UPI,0,0,90569.05
C108635,32.0,Male,Other,5,1977.12,9115.29,21.0,2,69.0,Monthly,Credit Card,0,0,45722.3
C108636,34.0,Male,Other,39,2358.95,101592.21,10.0,1,56.0,Monthly,Debit Card,0,0,119773.6
C108637,67.0,Female,Mumbai,58,1826.62,97094.97,22.0,5,100.0,Quarterly,Bank Transfer,0,0,124966.31
C108638,54.0,Male,Chennai,9,1645.19,15449.04,18.0,2,100.0,Quarterly,UPI,1,0,47806.71
C108639,30.0,Female,Mumbai,23,1062.58,26594.47,21.0,1,41.0,Annual,Bank Transfer,1,0,52758.26
C108640,36.0,Male,Pune,47,2264.85,112911.29,12.0,2,84.0,Annual,UPI,0,0,129069.08
C108641,47.0,Male,Bengaluru,36,2342.81,91057.54,14.0,4,9.0,Quarterly,Debit Card,0,1,97126.88
C108642,62.0,Female,Chennai,31,1718.09,56703.0,13.0,5,97.0,Monthly,Credit Card,1,0,80175.61
C108643,35.0,Female,Delhi,23,1657.22,38833.04,12.0,1,74.0,Annual,Credit Card,0,0,72463.45
C108644,31.0,Male,Chennai,56,1193.74,63736.65,11.0,0,63.0,Monthly,Wallet,0,0,87783.25
C108645,53.0,Female,Hyderabad,71,2562.05,176274.56,6.0,2,35.0,Monthly,Debit Card,0,0,179317.53
C108646,53.0,Female,Mumbai,46,3004.89,123710.41,9.0,2,82.0,Monthly,UPI,0,0,163068.39
C108647,37.0,Male,Delhi,58,1757.61,104309.08,14.0,2,37.0,Monthly,UPI,1,0,107559.7
C108648,69.0,Male,Other,36,1751.74,56891.58,3.0,1,96.0,Monthly,Credit Card,0,0,90876.53
C108649,36.0,Female,Hyderabad,68,1934.53,135520.79,23.0,0,84.0,Monthly,UPI,0,0,160611.43
C108650,62.0,Female,Mumbai,60,2357.33,143822.56,24.0,0,89.0,Monthly,Credit Card,0,0,169046.5
C108651,61.0,Male,Chennai,14,2350.52,30712.97,10.0,1,59.0,Monthly,Debit Card,0,0,73264.37
C108652,24.0,Male,Bengaluru,25,2671.77,72082.53,22.0,2,96.0,Monthly,Debit Card,0,0,98338.8
C108653,61.0,Male,Delhi,71,1918.8,148253.7,10.0,2,27.0,Monthly,Wallet,0,0,138094.01
C108654,70.0,Male,Hyderabad,44,3499.07,136762.49,6.0,3,63.0,Annual,Wallet,1,0,171447.91
C108655,21.0,Female,Bengaluru,46,2468.68,109823.94,21.0,3,43.0,Annual,Debit Card,0,0,119009.41
C108656,51.0,Female,Pune,13,1742.9,23369.75,24.0,3,90.0,Monthly,UPI,1,0,61583.39
C108657,19.0,Male,Chennai,62,2611.29,163206.22,14.0,4,52.0,Quarterly,UPI,1,0,161153.38
C108658,22.0,Female,Other,19,3685.14,70242.58,21.0,2,79.0,Annual,Credit Card,1,0,132961.69
C108659,27.0,Female,Chennai,12,1404.06,18831.01,1.0,1,51.0,Monthly,UPI,0,0,36216.25
C108660,49.0,Female,Chennai,48,1852.65,86694.15,9.0,3,79.0,Annual,Credit Card,0,0,106049.81
C108661,59.0,Female,Bengaluru,33,2211.02,78489.78,18.0,2,82.0,Annual,Credit Card,1,0,97853.27
C108662,58.0,Female,Bengaluru,37,1313.06,49240.58,23.0,1,66.0,Monthly,Bank Transfer,0,0,89284.57
C108663,30.0,Female,Kolkata,6,2443.47,15564.83,16.0,3,76.0,Monthly,UPI,0,0,50865.55
C108664,56.0,Male,Pune,43,1802.69,74137.18,11.0,1,48.0,Annual,Debit Card,1,0,85130.9
C108665,22.0,Female,Bengaluru,50,1493.93,71326.62,19.0,6,100.0,Monthly,Debit Card,0,0,96870.06
C108666,27.0,Female,Delhi,46,2155.69,106218.48,17.0,2,83.0,Monthly,Debit Card,0,0,126580.92
C108667,27.0,Male,Other,28,2936.54,72956.15,11.0,2,68.0,Monthly,UPI,0,0,99566.8
C108668,55.0,Male,Hyderabad,67,1069.38,63856.68,3.0,4,12.0,Monthly,Bank Transfer,1,0,71396.9
C108669,44.0,Male,Bengaluru,11,1276.84,15204.22,12.0,1,83.0,Annual,Debit Card,0,0,54496.19
C108670,68.0,Female,Hyderabad,20,1857.98,40352.09,17.0,4,72.0,Monthly,Debit Card,1,0,49611.63
C108671,38.0,Female,Kolkata,30,844.69,24439.72,14.0,1,63.0,Monthly,UPI,0,0,55233.08
C108672,44.0,Female,Hyderabad,36,1642.73,55840.53,26.0,2,70.0,Annual,Bank Transfer,0,0,96182.01
C108673,18.0,Male,Bengaluru,68,1952.39,132112.87,22.0,2,100.0,Annual,Credit Card,0,0,147820.74
C108674,45.0,Female,Mumbai,36,2685.78,88833.14,6.0,0,72.0,Annual,Bank Transfer,1,0,133058.22
C108675,66.0,Male,Delhi,58,938.69,57011.47,9.0,0,44.0,Monthly,UPI,1,0,61889.53
C108676,56.0,Female,Pune,28,1895.42,56057.89,1.0,4,36.0,Annual,Bank Transfer,1,0,65904.57
C108677,31.0,Male,Chennai,39,1333.94,48230.92,11.0,2,78.0,Monthly,UPI,0,0,68064.96
C108678,38.0,Female,Mumbai,66,1457.22,85242.84,2.0,2,84.0,Annual,Bank Transfer,0,0,104896.09
C108679,47.0,Female,Other,43,1913.69,86337.94,21.0,1,75.0,Monthly,UPI,1,0,110032.37
C108680,38.0,Female,Bengaluru,5,2353.9,12187.37,14.0,0,66.0,Annual,Credit Card,1,0,64470.92
C108681,66.0,Female,Bengaluru,13,1717.98,21320.33,27.0,6,82.0,Quarterly,Credit Card,0,0,57263.48
C108682,26.0,Male,Delhi,9,2057.84,19745.99,5.0,1,93.0,Monthly,UPI,0,0,48846.68
C108683,34.0,Male,Pune,57,1083.9,68175.38,7.0,2,78.0,Monthly,UPI,0,0,70934.27
C108684,22.0,Female,Chennai,27,2369.3,56593.6,15.0,1,73.0,Annual,Credit Card,0,0,93413.42
C108685,48.0,Female,Hyderabad,61,2442.51,138134.02,9.0,3,53.0,Annual,Bank Transfer,1,0,149283.35
C108686,69.0,Male,Pune,50,2214.76,103017.93,9.0,2,87.0,Monthly,Bank Transfer,1,0,123655.26
C108687,57.0,Female,Delhi,34,432.85,16405.13,9.0,3,83.0,Monthly,Bank Transfer,1,0,28569.34
C108688,55.0,Female,Kolkata,65,2510.54,155642.69,17.0,2,100.0,Annual,Wallet,0,0,168904.6
C108689,60.0,Female,Pune,45,2102.73,100498.87,13.0,2,91.0,Monthly,UPI,0,0,122034.2
C108690,36.0,Female,Hyderabad,34,2584.14,84683.51,13.0,3,81.0,Monthly,UPI,0,0,118475.4
C108691,53.0,Female,Pune,8,1051.63,8071.26,4.0,2,70.0,Quarterly,Bank Transfer,0,0,43170.54
C108692,67.0,Female,Hyderabad,48,2012.85,87081.54,9.0,3,52.0,Monthly,Debit Card,0,0,97571.14
C108693,50.0,Female,Kolkata,36,1557.99,51003.88,4.0,6,73.0,Monthly,UPI,0,1,64984.85
C108694,30.0,Female,Pune,66,673.84,46988.1,17.0,2,63.0,Monthly,UPI,0,0,61369.0
C108695,31.0,Female,Mumbai,11,2109.16,21473.25,24.0,0,44.0,Annual,Wallet,0,0,61925.7
C108696,50.0,Male,Delhi,52,596.47,34569.45,11.0,4,100.0,Monthly,Debit Card,1,0,55034.73
C108697,46.0,Male,Hyderabad,36,1625.12,63969.68,1.0,4,42.0,Monthly,Debit Card,1,0,69027.47
C108698,60.0,Male,Hyderabad,31,1697.02,53190.97,8.0,1,50.0,Monthly,UPI,1,0,74633.7
C108699,66.0,Female,Bengaluru,24,1377.51,35940.85,9.0,1,72.0,Monthly,Debit Card,0,0,57594.15
C108700,53.0,Female,Pune,21,1953.15,38971.08,19.0,4,80.0,Monthly,Bank Transfer,0,0,85531.51
C108701,61.0,Female,Chennai,30,882.08,24706.8,10.0,3,73.0,Monthly,Bank Transfer,1,0,45092.44
C108702,27.0,Female,Bengaluru,72,1858.615,93571.52,27.0,0,72.0,Monthly,Debit Card,1,0,101521.19
C108703,48.0,Male,Pune,64,2890.42,184145.1,1.0,3,74.0,Monthly,Debit Card,0,0,179593.95
C108704,23.0,Male,Bengaluru,39,1429.45,54365.58,5.0,5,91.0,Monthly,Credit Card,0,0,87864.0
C108705,18.0,Female,Pune,1,1443.79,1492.17,22.0,2,58.0,Quarterly,Credit Card,0,0,42019.87
C108706,24.0,Male,Chennai,42,1497.57,66543.84,17.0,1,47.0,Annual,Credit Card,0,0,84467.18
C108707,44.0,Male,Chennai,5,1858.615,11853.32,21.0,4,29.0,Quarterly,UPI,0,0,45992.34
C108708,38.0,Female,Bengaluru,12,2301.96,26603.03,15.0,3,63.0,Annual,Credit Card,0,0,76574.93
C108709,45.0,Male,Kolkata,29,1358.92,38031.79,21.0,2,79.0,Annual,Credit Card,0,0,75276.52
C108710,33.0,Female,Hyderabad,3,1957.73,6501.17,21.0,2,84.0,Monthly,Credit Card,0,0,59101.78
C108711,63.0,Male,Hyderabad,61,2481.9,159265.05,11.0,5,57.0,Monthly,Debit Card,0,0,157794.11
C108712,40.0,Female,Delhi,51,2195.86,122811.99,14.0,2,100.0,Quarterly,Debit Card,0,0,136299.12
C108713,69.0,Male,Pune,36,2358.8,76544.98,2.0,3,81.0,Monthly,Bank Transfer,1,0,106774.77
C108714,37.0,Male,Hyderabad,2,2876.28,5742.3,20.0,5,80.0,Quarterly,Credit Card,0,1,66400.86
C108715,55.0,Female,Delhi,29,977.13,30826.58,9.0,2,62.0,Quarterly,UPI,0,0,57070.56
C108716,42.0,Female,Pune,41,2371.54,96943.82,20.0,3,50.0,Annual,Bank Transfer,1,0,107313.02
C108717,45.0,Female,Mumbai,29,1551.54,48490.82,17.0,2,56.0,Annual,Bank Transfer,0,0,72865.29
C108718,22.0,Male,Mumbai,64,1272.19,74561.19,15.0,2,55.0,Monthly,Credit Card,0,0,93506.61
C108719,38.0,Male,Bengaluru,58,1903.72,114722.29,22.0,3,83.0,Monthly,Credit Card,0,0,123050.3
C108720,35.0,Female,Bengaluru,10,1108.95,10333.75,14.0,1,79.0,Monthly,Credit Card,0,0,47215.07
C108721,64.0,Male,Delhi,11,1684.4,18877.39,22.0,2,43.0,Monthly,UPI,0,0,41174.5
C108722,23.0,Male,Hyderabad,7,2645.65,20449.1,11.0,1,79.0,Quarterly,Debit Card,0,0,59106.71
C108723,46.0,Female,Mumbai,61,2319.51,152405.82,23.0,5,85.0,Monthly,UPI,1,0,152637.48
C108724,36.0,Male,Bengaluru,66,1189.51,85354.38,21.0,3,85.0,Annual,Debit Card,0,0,97020.23
C108725,50.0,Male,Chennai,53,784.4,40328.67,8.0,2,66.0,Monthly,UPI,0,0,55420.45
C108726,18.0,Male,Mumbai,65,1643.66,102875.77,17.0,2,63.0,Monthly,UPI,0,0,107201.78
C108727,62.0,Other,Kolkata,27,1645.93,41835.37,1.0,2,93.0,Annual,Debit Card,0,0,73220.51
C108728,20.0,Male,Mumbai,7,2163.27,14404.65,14.0,4,47.0,Quarterly,Credit Card,0,0,51503.31
C108729,59.0,Female,Bengaluru,65,1115.76,75749.32,5.0,2,20.0,Monthly,Debit Card,0,0,71496.91
C108730,38.0,Male,Hyderabad,58,1954.17,125196.47,16.0,1,55.0,Quarterly,Debit Card,1,0,114590.97
C108731,52.0,Female,Delhi,25,2053.68,54887.17,26.0,1,100.0,Monthly,Credit Card,1,0,103888.27
C108732,58.0,Male,Mumbai,48,1987.04,88622.19,35.0,2,90.0,Annual,Debit Card,0,0,124192.39
C108733,57.0,Female,Delhi,4,1834.39,6833.67,20.0,3,56.0,Monthly,Wallet,0,0,53545.88
C108734,20.0,Female,Chennai,8,3065.49,23975.01,18.0,3,88.0,Monthly,Bank Transfer,1,0,83454.57
C108735,42.0,Female,Pune,68,1695.88,128862.17,12.0,1,74.0,Monthly,Bank Transfer,0,0,126305.25
C108736,62.0,Female,Kolkata,60,2594.38,140082.74,4.0,0,67.0,Annual,Bank Transfer,0,0,161114.6
C108737,55.0,Female,Hyderabad,4,1068.68,4118.79,9.0,2,44.0,Monthly,Bank Transfer,0,0,20885.71
C108738,62.0,Male,Pune,8,1650.78,12173.22,10.0,3,84.0,Annual,Debit Card,0,0,50101.41
C108739,37.0,Male,Hyderabad,16,1254.86,18393.24,22.0,1,60.0,Quarterly,Debit Card,1,0,51041.4
C108740,69.0,Male,Chennai,19,2413.7,49450.91,1.0,4,92.0,Monthly,Debit Card,0,0,72648.08
C108741,61.0,Female,Chennai,1,2098.54,2328.13,15.0,2,42.0,Monthly,Bank Transfer,0,0,47983.37
C108742,62.0,Male,Delhi,34,2572.78,86648.76,17.0,2,81.0,Annual,Bank Transfer,1,0,121062.47
C108743,51.0,Female,Bengaluru,45,1744.55,73846.3,25.0,0,53.0,Quarterly,Credit Card,1,0,102305.04
C108744,38.0,Male,Pune,63,765.65,47025.0,8.0,2,37.0,Monthly,Wallet,0,0,56075.77
C108745,65.0,Female,Bengaluru,6,2124.2,12705.12,12.0,4,80.0,Monthly,Debit Card,0,1,54913.07
C108746,40.0,Male,Bengaluru,36,2009.1,78425.88,19.0,1,55.0,Quarterly,UPI,0,0,91592.18
C108747,23.0,Male,Bengaluru,66,2525.97,163173.07,10.0,1,59.0,Monthly,UPI,0,0,168510.14
C108748,68.0,Female,Delhi,8,2163.77,16155.86,14.0,1,48.0,Quarterly,Credit Card,0,0,53456.47
C108749,70.0,Female,Hyderabad,67,1913.39,126119.81,11.0,2,100.0,Quarterly,UPI,0,0,147791.12
C108750,30.0,Female,Bengaluru,27,2076.52,53746.64,10.0,2,56.0,Monthly,UPI,0,0,83960.8
C108751,66.0,Female,Bengaluru,34,2633.97,91110.18,24.0,0,96.0,Annual,UPI,1,0,122356.35
C108752,40.0,Female,Bengaluru,28,2601.13,64570.23,23.0,2,62.0,Annual,Debit Card,0,0,106786.83
C108753,26.0,Female,Hyderabad,31,1514.22,46231.16,20.0,2,40.0,Monthly,Bank Transfer,0,0,82339.72
C108754,34.0,Female,Hyderabad,17,881.24,15306.7,13.0,3,70.0,Monthly,UPI,0,0,54119.35
C108755,19.0,Female,Chennai,55,2262.36,138388.79,18.0,1,93.0,Quarterly,Credit Card,1,0,149781.05
C108756,36.0,Male,Mumbai,9,1805.89,16317.26,19.0,3,71.0,Monthly,UPI,0,0,47300.97
C108757,36.0,Male,Bengaluru,57,1913.44,96841.4,28.0,1,75.0,Annual,UPI,0,0,130996.27
C108758,24.0,Female,Delhi,45,2495.02,112136.13,1.0,2,67.0,Monthly,Credit Card,1,0,123154.33
C108759,59.0,Female,Bengaluru,6,1900.96,11854.85,6.0,5,82.0,Annual,Debit Card,0,0,42860.15
C108760,59.0,Male,Bengaluru,14,2074.85,31965.87,13.0,2,75.0,Quarterly,Debit Card,0,0,57738.04
C108761,37.0,Male,Pune,31,2682.63,82061.1,16.0,1,54.0,Monthly,Bank Transfer,1,0,114458.41
C108762,26.0,Female,Mumbai,54,2103.11,111963.09,7.0,5,51.0,Monthly,Credit Card,0,0,120050.85
C108763,34.0,Male,Other,11,1331.98,14962.28,16.0,4,85.0,Monthly,Debit Card,0,0,47682.63
C108764,44.0,Female,Bengaluru,69,1839.33,113693.85,6.0,1,47.0,Annual,Credit Card,1,0,122711.28
C108765,64.0,Female,Pune,2,2091.31,3702.75,1.0,2,57.0,Annual,Bank Transfer,1,0,29681.0
C108766,19.0,Male,Delhi,17,2218.52,35540.22,10.0,1,89.0,Quarterly,Debit Card,0,0,79454.71
C108767,53.0,Female,Kolkata,36,2130.32,78001.25,19.0,1,79.0,Monthly,Bank Transfer,0,0,101457.88
C108768,36.0,Female,Other,3,1398.55,3745.26,15.0,5,70.0,Monthly,UPI,0,0,31293.45
C108769,34.0,Female,Hyderabad,63,2140.46,149344.49,2.0,1,35.0,Monthly,Debit Card,1,0,134492.24
C108770,22.0,Male,Hyderabad,43,4006.18,189999.77,17.0,2,39.0,Monthly,UPI,0,0,200477.56
C108771,56.0,Male,Delhi,33,2002.21,69734.34,26.0,2,89.0,Monthly,Debit Card,0,0,92201.64
C108772,35.0,Female,Chennai,29,1445.12,39045.24,19.0,6,77.0,Monthly,Debit Card,0,0,66956.99
C108773,70.0,Male,Pune,23,2867.39,72874.1,22.0,3,48.0,Annual,UPI,0,1,95274.16
C108774,24.0,Male,Hyderabad,59,1342.36,88493.58,17.0,1,96.0,Monthly,UPI,0,0,111398.02
C108775,34.0,Male,Pune,49,2702.6,143662.02,19.0,2,49.0,Quarterly,UPI,0,0,147784.58
C108776,56.0,Male,Hyderabad,55,1690.08,101430.62,9.0,2,52.0,Monthly,Debit Card,1,0,95040.08
C108777,53.0,Male,Bengaluru,28,2443.45,74535.47,13.0,0,59.0,Annual,Credit Card,0,0,113571.39
C108778,57.0,Male,Other,71,1417.5,91595.64,7.0,1,100.0,Quarterly,Bank Transfer,0,0,118280.01
C108779,62.0,Female,Hyderabad,72,2345.26,167139.04,14.0,3,82.0,Annual,Debit Card,0,0,178351.14
C108780,21.0,Female,Bengaluru,25,2028.33,47956.77,10.0,3,73.0,Monthly,UPI,0,0,83555.2
C108781,55.0,Male,Hyderabad,7,2717.9,20276.72,3.0,1,49.0,Annual,Credit Card,0,0,65853.41
C108782,42.0,Female,Pune,34,1574.9,48834.85,12.0,3,54.0,Monthly,UPI,1,0,60229.08
C108783,22.0,Male,Delhi,22,2643.96,61585.98,10.0,5,47.0,Monthly,Wallet,0,1,87584.14
C108784,47.0,Female,Pune,67,2340.43,157725.09,10.0,4,100.0,Annual,Debit Card,0,0,166295.29
C108785,29.0,Male,Mumbai,50,681.75,32484.66,22.0,4,55.0,Annual,UPI,0,0,45535.9
C108786,21.0,Male,Bengaluru,48,1999.19,100019.13,16.0,2,47.0,Monthly,Bank Transfer,0,0,103541.85
C108787,41.0,Female,Hyderabad,72,399.0,25565.09,14.0,1,64.0,Quarterly,Bank Transfer,0,0,39838.51
C108788,46.0,Male,Bengaluru,70,927.28,57222.14,21.0,0,100.0,Monthly,Wallet,1,0,82880.08
C108789,26.0,Female,Mumbai,57,1600.48,81794.11,15.0,1,75.0,Quarterly,Credit Card,0,0,116815.11
C108790,21.0,Male,Delhi,25,646.36,16230.59,21.0,5,67.0,Quarterly,Debit Card,0,0,33389.03
C108791,68.0,Male,Bengaluru,66,1287.08,93158.28,15.0,2,51.0,Monthly,Debit Card,1,0,87907.09
C108792,41.0,Female,Hyderabad,16,1976.45,31500.35,14.0,1,90.0,Annual,Debit Card,0,0,68335.08
C108793,31.0,Female,Hyderabad,58,1732.79,107086.02,13.0,3,99.0,Monthly,Bank Transfer,0,0,120140.28
C108794,22.0,Male,Bengaluru,41,1433.63,62503.13,16.0,3,49.0,Annual,Credit Card,1,0,68383.61
C108795,35.0,Male,Hyderabad,51,2129.54,117075.07,22.0,2,65.0,Annual,Bank Transfer,0,0,134034.66
C108796,59.0,Male,Hyderabad,21,2679.41,54459.46,11.0,4,54.0,Monthly,UPI,1,0,80023.77
C108797,36.0,Female,Hyderabad,56,1734.25,87841.66,15.0,3,59.0,Quarterly,UPI,1,0,120477.11
C108798,29.0,Female,Pune,47,1448.59,60993.66,16.0,2,74.0,Monthly,Debit Card,0,0,96505.41
C108799,35.0,Male,Hyderabad,43,2045.78,82327.55,18.0,1,56.0,Monthly,UPI,0,0,109683.25
C108800,34.0,Female,Pune,31,1374.69,46032.09,8.0,1,63.0,Annual,Bank Transfer,0,0,61807.97
C108801,47.0,Male,Chennai,15,2496.26,35579.26,16.0,0,57.0,Monthly,UPI,0,0,76545.26
C108802,41.0,Male,Delhi,48,2574.8,115601.68,13.0,2,61.0,Monthly,UPI,0,0,150901.12
C108803,28.0,Male,Hyderabad,62,3305.12,196155.7,12.0,2,73.0,Annual,Debit Card,1,0,209888.04
C108804,52.0,Female,Mumbai,70,2124.63,148272.96,24.0,1,92.0,Monthly,Credit Card,1,0,168558.73
C108805,40.0,Male,Bengaluru,3,1115.5,3612.02,4.0,0,70.0,Quarterly,Debit Card,1,1,45838.7
C108806,34.0,Male,Hyderabad,38,2458.18,94815.33,19.0,2,79.0,Quarterly,UPI,0,1,125019.23
C108807,18.0,Female,Kolkata,58,1019.68,54354.59,9.0,0,100.0,Annual,Bank Transfer,0,0,85734.69
C108808,32.0,Male,Mumbai,67,2835.75,172611.91,8.0,1,73.0,Annual,UPI,1,0,199280.84
C108809,49.0,Male,Bengaluru,45,1894.88,83755.56,13.0,3,100.0,Monthly,Debit Card,1,0,106132.42
C108810,26.0,Male,Chennai,44,1477.96,58971.91,27.0,1,87.0,Quarterly,UPI,1,0,103196.51
C108811,32.0,Female,Bengaluru,8,1785.41,13650.82,16.0,1,60.0,Annual,Debit Card,1,0,45748.18
C108812,45.0,Female,Delhi,66,1934.58,137431.78,21.0,5,100.0,Annual,UPI,0,0,143580.55
C108813,41.0,Male,Mumbai,71,2538.64,170904.36,6.0,2,91.0,Monthly,Debit Card,1,0,175876.44
C108814,52.0,Male,Hyderabad,61,1858.615,33859.96,15.0,3,80.0,Quarterly,UPI,1,0,46980.37
C108815,39.0,Male,Hyderabad,17,2067.07,35935.05,15.0,4,83.0,Quarterly,Credit Card,0,0,83300.49
C108816,44.0,Male,Chennai,71,2571.77,201767.39,1.0,6,58.0,Annual,Debit Card,0,0,181438.8
C108817,36.0,Female,Chennai,36,1093.99,37628.64,20.0,3,93.0,Monthly,Bank Transfer,0,0,59833.78
C108818,62.0,Male,Mumbai,68,2934.37,190903.26,8.0,3,74.0,Monthly,Debit Card,0,0,202330.71
C108819,29.0,Male,Delhi,21,2585.99,58196.25,23.0,4,79.0,Monthly,Debit Card,0,0,91265.93
C108820,37.0,Female,Delhi,46,1349.56,63917.75,8.0,2,33.0,Quarterly,Bank Transfer,0,0,70731.0
C108821,18.0,Male,Bengaluru,46,1947.88,80934.57,24.0,3,100.0,Quarterly,Credit Card,1,0,130475.39
C108822,38.0,Female,Kolkata,16,1426.08,25098.71,19.0,2,100.0,Annual,Debit Card,1,0,59337.07
C108823,66.0,Male,Hyderabad,22,1550.4,32151.75,29.0,5,77.0,Monthly,UPI,1,0,69041.46
C108824,62.0,Female,Mumbai,6,788.19,4175.9,20.0,1,66.0,Monthly,Wallet,1,0,47438.23
C108825,18.0,Male,Other,56,1835.6,106122.65,15.0,2,69.0,Monthly,Bank Transfer,1,0,124891.44
C108826,27.0,Female,Mumbai,45,980.75,44746.52,25.0,5,79.0,Monthly,Credit Card,0,0,63755.61
C108827,64.0,Male,Chennai,58,1157.54,70521.7,12.0,5,89.0,Monthly,Bank Transfer,0,0,88429.41
C108828,49.0,Female,Hyderabad,28,2334.19,62620.78,4.0,8,72.0,Annual,Debit Card,0,0,74506.2
C108829,56.0,Male,Pune,17,2005.02,36401.56,9.0,3,75.0,Monthly,Bank Transfer,0,1,68050.09
C108830,39.0,Female,Bengaluru,36,1212.42,43895.2,13.0,2,37.0,Quarterly,Credit Card,1,0,64789.15
C108831,35.0,Male,Delhi,12,840.03,10234.63,21.0,2,45.0,Monthly,Debit Card,0,0,38399.2
C108832,65.0,Female,Hyderabad,50,2172.02,121045.9,14.0,3,83.0,Monthly,Bank Transfer,1,0,131654.02
C108833,63.0,Female,Hyderabad,59,2252.67,143668.69,17.0,3,74.0,Monthly,Bank Transfer,0,0,142700.64
C108834,49.0,Female,Bengaluru,12,2467.04,28093.42,16.0,2,85.0,Quarterly,Debit Card,1,0,81609.32
C108835,44.0,Female,Bengaluru,62,2470.04,158415.17,18.0,1,49.0,Monthly,Credit Card,1,0,157086.76
C108836,45.0,Male,Kolkata,40,2029.89,84549.07,12.0,2,34.0,Monthly,Bank Transfer,1,0,93314.59
C108837,35.0,Male,Kolkata,2,1693.19,3247.9,9.0,2,77.0,Monthly,Debit Card,0,0,42215.11
C108838,56.0,Female,Mumbai,25,1436.56,33112.46,14.0,2,36.0,Quarterly,Credit Card,1,0,47885.14
C108839,66.0,Male,Hyderabad,31,2190.09,63449.73,19.0,1,36.0,Quarterly,Debit Card,0,0,90960.82
C108840,46.0,Male,Bengaluru,47,1187.48,55060.47,14.0,0,70.0,Monthly,Debit Card,1,0,81127.2
C108841,35.0,Male,Delhi,60,2337.8,144217.46,12.0,3,36.0,Annual,Credit Card,1,0,134794.77
C108842,61.0,Male,Hyderabad,41,709.05,26022.15,14.0,1,60.0,Monthly,Wallet,1,0,37261.5
C108843,25.0,Female,Delhi,50,2451.59,116747.64,12.0,2,58.0,Annual,Debit Card,1,0,127097.92
C108844,48.0,Female,Hyderabad,23,1948.22,47152.79,19.0,1,80.0,Monthly,Credit Card,0,0,85440.66
C108845,51.0,Female,Delhi,12,1232.89,15642.12,13.0,0,77.0,Quarterly,Debit Card,1,0,59824.34
C108846,24.0,Male,Pune,71,1748.46,137732.71,22.0,4,100.0,Monthly,Debit Card,0,0,131455.38
C108847,53.0,Female,Chennai,22,1727.12,38744.84,16.0,2,45.0,Quarterly,Debit Card,0,0,62441.23
C108848,35.0,Female,Pune,56,2899.69,170348.07,11.0,4,24.0,Monthly,Bank Transfer,1,0,163841.07
C108849,55.0,Female,Pune,16,1631.32,27331.75,9.0,2,18.0,Monthly,Credit Card,0,0,43303.41
C108850,26.0,Female,Delhi,58,1989.37,121568.4,4.0,1,73.0,Monthly,Wallet,1,0,122377.76
C108851,26.0,Female,Chennai,72,2128.89,153298.43,17.0,3,86.0,Monthly,UPI,0,0,161306.8
C108852,63.0,Male,Bengaluru,51,1625.53,92581.75,12.0,4,81.0,Quarterly,UPI,1,0,101170.11
C108853,25.0,Male,Kolkata,6,3038.62,18961.85,13.0,2,98.0,Annual,Credit Card,0,0,76132.97
C108854,68.0,Male,Delhi,2,1877.9,3409.24,10.0,5,44.0,Monthly,Debit Card,0,0,41202.75
C108855,52.0,Female,Pune,62,399.0,26313.3,14.0,6,61.0,Monthly,Credit Card,1,1,47488.03
C108856,35.0,Female,Mumbai,42,1822.37,80382.89,7.0,4,42.0,Monthly,UPI,0,0,91233.26
C108857,22.0,Female,Hyderabad,43,3228.06,133331.52,21.0,8,17.0,Monthly,Debit Card,0,1,153530.21
C108858,31.0,Female,Other,52,1475.65,83678.3,14.0,1,79.0,Monthly,UPI,0,0,108510.3
C108859,45.0,Female,Hyderabad,58,2074.61,119818.5,10.0,2,82.0,Monthly,UPI,0,0,126822.71
C108860,47.0,Female,Kolkata,20,1371.54,28203.07,19.0,1,59.0,Monthly,UPI,1,0,55143.0
C108861,21.0,Female,Hyderabad,56,1947.39,120691.15,13.0,4,57.0,Annual,Credit Card,1,0,111652.68
C108862,56.0,Male,Bengaluru,67,2800.38,192344.56,1.0,1,58.0,Annual,Credit Card,0,0,190661.93
C108863,37.0,Male,Chennai,59,2550.49,160756.11,30.0,3,72.0,Annual,Bank Transfer,1,0,173356.71
C108864,42.0,Male,Kolkata,48,2263.24,114897.64,19.0,1,70.0,Annual,Credit Card,0,0,139919.63
C108865,45.0,Male,Kolkata,35,1878.42,65560.4,23.0,2,67.0,Quarterly,Debit Card,1,0,91432.15
C108866,29.0,Female,Pune,8,1710.48,13539.87,9.0,3,93.0,Monthly,Credit Card,1,0,45597.03
C108867,19.0,Male,Bengaluru,32,1968.51,59186.37,19.0,1,79.0,Quarterly,UPI,1,0,99856.75
C108868,60.0,Female,Hyderabad,45,2541.52,112292.59,12.0,6,95.0,Quarterly,Debit Card,1,0,140571.42
C108869,31.0,Male,Delhi,67,1805.27,109120.24,18.0,2,90.0,Monthly,Debit Card,1,0,138978.64
C108870,39.0,Male,Chennai,27,2000.13,55845.09,12.0,2,44.0,Quarterly,UPI,0,0,72957.22
C108871,48.0,Female,Pune,3,1065.98,2991.82,24.0,1,100.0,Quarterly,UPI,0,0,44231.84
C108872,40.0,Female,Pune,57,1254.13,77917.81,17.0,2,62.0,Monthly,UPI,0,0,87082.31
C108873,65.0,Male,Chennai,65,2709.14,159245.78,14.0,2,75.0,Monthly,UPI,0,0,172641.51
C108874,37.0,Female,Pune,20,2344.71,43092.97,16.0,2,83.0,Quarterly,Debit Card,1,0,75253.48
C108875,55.0,Male,Pune,71,2127.72,133943.82,12.0,4,54.0,Monthly,Credit Card,1,0,153337.53
C108876,21.0,Female,Kolkata,41,2518.73,97332.34,12.0,4,70.0,Monthly,Credit Card,1,0,130533.37
C108877,32.0,Female,Mumbai,1,2258.09,2072.28,26.0,0,100.0,Annual,UPI,1,0,57783.2
C108878,41.0,Male,Pune,4,1993.55,7289.8,6.0,2,80.0,Monthly,Credit Card,0,0,40204.38
C108879,42.0,Female,Mumbai,71,1822.23,128816.15,22.0,1,60.0,Annual,Debit Card,0,0,145726.29
C108880,18.0,Female,Hyderabad,10,1858.615,17680.54,9.0,2,47.0,Quarterly,Credit Card,0,0,42626.94
C108881,24.0,Female,Hyderabad,29,1101.83,30346.64,11.0,5,64.0,Monthly,Credit Card,0,0,45792.97
C108882,48.0,Female,Hyderabad,15,1459.46,21773.06,18.0,2,84.0,Annual,Credit Card,0,0,59849.67
C108883,29.0,Male,Hyderabad,19,1279.59,23453.22,12.0,3,80.0,Monthly,Credit Card,1,0,48655.24
C108884,59.0,Female,Hyderabad,58,3109.5,185613.66,14.0,1,85.0,Annual,Credit Card,0,0,194152.38
C108885,22.0,Female,Pune,53,1794.81,91931.62,10.0,5,76.0,Quarterly,UPI,1,0,104874.07
C108886,61.0,Female,Mumbai,46,2282.2,96499.03,18.0,2,33.0,Annual,UPI,1,0,123266.97
C108887,67.0,Male,Chennai,18,1651.12,32645.83,6.0,1,52.0,Annual,Credit Card,0,0,61250.23
C108888,59.0,Female,Chennai,3,1695.99,5079.1,16.0,2,58.0,Monthly,UPI,0,1,36483.11
C108889,55.0,Female,Chennai,70,1725.65,132887.98,24.0,0,100.0,Annual,Debit Card,1,0,135081.31
C108890,29.0,Female,Hyderabad,22,991.8,21893.89,26.0,6,100.0,Quarterly,Credit Card,0,1,51644.38
C108891,56.0,Male,Bengaluru,55,1281.18,68200.76,24.0,3,70.0,Monthly,Credit Card,1,0,93159.01
C108892,35.0,Male,Pune,64,1002.15,67693.88,5.0,2,94.0,Annual,Debit Card,1,0,71934.8
C108893,19.0,Male,Pune,41,2182.44,79609.54,18.0,4,70.0,Annual,Bank Transfer,0,0,105152.3
C108894,27.0,Male,Mumbai,8,2429.48,19208.87,24.0,4,84.0,Monthly,UPI,0,0,67232.24
C108895,32.0,Female,Mumbai,65,1818.12,108005.74,20.0,2,78.0,Annual,UPI,1,0,127370.75
C108896,47.0,Female,Bengaluru,3,2123.6,6051.58,3.0,1,100.0,Quarterly,Debit Card,1,0,51733.89
C108897,61.0,Female,Chennai,29,1620.17,50859.72,5.0,2,77.0,Monthly,Bank Transfer,1,0,69691.43
C108898,34.0,Female,Mumbai,70,2359.47,155493.34,17.0,2,66.0,Monthly,Credit Card,1,0,175035.91
C108899,21.0,Male,Delhi,18,1955.65,34625.77,20.0,1,100.0,Annual,Bank Transfer,0,0,90844.97
C108900,24.0,Male,Hyderabad,58,2755.2,148594.07,19.0,3,74.0,Monthly,Debit Card,0,0,181335.3
C108901,58.0,Female,Pune,1,1541.35,1553.15,14.0,0,80.0,Quarterly,UPI,0,0,42764.54
C108902,48.0,Female,Bengaluru,22,3128.44,62338.24,12.0,0,61.0,Annual,Credit Card,0,0,99548.82
C108903,68.0,Female,Mumbai,23,1158.0,27268.0,7.0,2,52.0,Annual,UPI,0,0,47696.21
C108904,56.0,Male,Mumbai,8,1881.64,15556.65,16.0,1,74.0,Monthly,UPI,1,0,59127.99
C108905,51.0,Female,Mumbai,29,1430.14,38940.89,31.0,2,85.0,Monthly,UPI,0,0,70799.23
C108906,23.0,Male,Mumbai,44,2108.22,88340.29,26.0,2,87.0,Monthly,Debit Card,0,0,128792.46
C108907,67.0,Female,Hyderabad,62,998.78,67442.3,18.0,4,5.0,Quarterly,Bank Transfer,0,0,63295.36
C108908,55.0,Other,Chennai,19,1411.6,26643.68,22.0,3,69.0,Annual,Credit Card,0,0,70080.4
C108909,62.0,Female,Bengaluru,59,1356.23,78374.0,23.0,2,75.0,Monthly,Debit Card,0,0,96995.35
C108910,68.0,Male,Hyderabad,19,1288.24,24744.72,21.0,1,80.0,Monthly,Bank Transfer,0,0,75508.99
C108911,51.0,Female,Hyderabad,22,1862.47,42722.54,20.0,4,92.0,Annual,Bank Transfer,1,0,88274.14
C108912,61.0,Male,Mumbai,68,919.29,65660.79,19.0,4,27.0,Annual,Credit Card,0,0,71985.54
C108913,32.0,Male,Hyderabad,5,2083.85,11026.41,8.0,1,62.0,Monthly,Bank Transfer,1,0,43140.97
C108914,31.0,Female,Hyderabad,5,2241.65,10510.93,24.0,2,86.0,Monthly,Credit Card,0,0,62731.36
C108915,23.0,Male,Mumbai,25,722.76,17581.45,23.0,3,100.0,Annual,Bank Transfer,0,0,50093.24
C108916,67.0,Female,Kolkata,24,2407.71,63617.14,8.0,6,72.0,Monthly,Credit Card,1,0,76727.66
C108917,54.0,Male,Pune,1,1126.2,1122.2,8.0,2,93.0,Quarterly,UPI,1,0,27178.65
C108918,67.0,Female,Kolkata,28,1464.89,36892.78,10.0,4,38.0,Quarterly,Credit Card,0,0,62012.97
C108919,49.0,Female,Mumbai,47,1781.81,79982.33,24.0,2,81.0,Quarterly,UPI,1,0,99790.98
C108920,20.0,Male,Chennai,60,1544.24,101801.22,13.0,2,82.0,Monthly,Debit Card,0,0,102764.44
C108921,20.0,Female,Delhi,19,1131.97,18947.13,12.0,3,54.0,Monthly,Bank Transfer,1,0,44375.72
C108922,39.0,Female,Bengaluru,14,1359.99,17114.25,19.0,1,94.0,Quarterly,UPI,0,0,47566.91
C108923,39.0,Female,Hyderabad,70,1969.19,138542.37,13.0,0,46.0,Annual,Bank Transfer,1,0,138010.01
C108924,27.0,Female,Bengaluru,8,1819.57,15621.75,11.0,2,36.0,Annual,UPI,1,0,42619.92
C108925,68.0,Other,Bengaluru,37,1432.81,57818.73,1.0,0,74.0,Quarterly,UPI,0,0,89452.7
C108926,20.0,Male,Delhi,72,1509.52,117185.72,25.0,4,100.0,Monthly,UPI,0,0,135992.93
C108927,29.0,Male,Mumbai,10,2136.29,19534.74,13.0,1,91.0,Monthly,Credit Card,0,0,64924.6
C108928,46.0,Male,Hyderabad,67,1779.75,109631.44,23.0,2,79.0,Monthly,UPI,0,0,125860.97
C108929,65.0,Female,Kolkata,13,1039.72,14825.14,11.0,0,62.0,Annual,Bank Transfer,0,0,46709.53
C108930,34.0,Female,Mumbai,39,1845.94,75603.19,4.0,3,56.0,Monthly,Bank Transfer,1,1,75579.72
C108931,24.0,Female,Chennai,64,2438.02,170425.82,15.0,3,79.0,Monthly,Debit Card,1,0,160409.76
C108932,30.0,Female,Other,30,1930.94,61319.53,2.0,4,29.0,Quarterly,Debit Card,1,1,73507.44
C108933,19.0,Female,Hyderabad,4,2724.76,9640.78,6.0,4,48.0,Quarterly,UPI,0,0,44075.88
C108934,21.0,Male,Pune,45,721.64,35810.39,12.0,7,99.0,Quarterly,UPI,0,0,49226.91
C108935,27.0,Male,Bengaluru,6,1516.89,9897.72,13.0,2,86.0,Quarterly,Credit Card,1,0,54988.69
C108936,56.0,Female,Delhi,16,3040.67,50449.09,15.0,4,72.0,Monthly,Credit Card,0,0,102709.29
C108937,41.0,Male,Other,22,2124.34,44061.66,24.0,0,91.0,Monthly,UPI,1,0,78391.98
C108938,34.0,Female,Mumbai,21,1152.97,22465.18,12.0,0,75.0,Annual,Debit Card,0,0,39589.21
C108939,69.0,Male,Hyderabad,65,2374.42,144679.84,3.0,1,100.0,Annual,UPI,1,0,175635.32
C108940,23.0,Male,Hyderabad,30,1655.43,45922.47,26.0,2,54.0,Monthly,Bank Transfer,0,0,65504.79
C108941,36.0,Female,Bengaluru,24,2331.9,60858.75,20.0,1,64.0,Monthly,UPI,0,0,88488.26
C108942,22.0,Male,Pune,64,1640.41,114183.86,6.0,4,71.0,Monthly,Bank Transfer,1,0,120248.23
C108943,49.0,Female,Bengaluru,13,2398.96,27947.41,19.0,3,96.0,Quarterly,UPI,0,0,73642.86
C108944,27.0,Male,Bengaluru,26,1691.48,41616.28,13.0,6,72.0,Quarterly,Credit Card,1,0,71126.88
C108945,26.0,Female,Pune,20,1985.91,43087.71,10.0,2,100.0,Monthly,Debit Card,0,0,77450.19
C108946,44.0,Female,Hyderabad,61,2688.75,171440.41,15.0,3,56.0,Monthly,Wallet,1,0,172819.84
C108947,30.0,Female,Pune,6,1922.74,11864.49,15.0,2,48.0,Quarterly,Debit Card,0,1,52039.72
C108948,36.0,Female,Bengaluru,43,1288.01,58841.33,15.0,5,69.0,Annual,Debit Card,0,0,80335.63
C108949,38.0,Male,Hyderabad,49,1162.42,61015.47,14.0,4,98.0,Monthly,UPI,1,0,71777.98
C108950,41.0,Male,Hyderabad,9,2609.46,23785.52,7.0,6,66.0,Quarterly,Credit Card,1,1,50390.94
C108951,55.0,Male,Other,37,399.0,16228.12,15.0,1,66.0,Monthly,UPI,1,0,27795.88
C108952,21.0,Female,Chennai,16,1313.01,22059.19,11.0,0,81.0,Monthly,Credit Card,0,0,43676.51
C108953,41.0,Female,Bengaluru,4,3924.97,14176.44,8.0,3,59.0,Annual,Credit Card,1,0,68106.05
C108954,52.0,Male,Mumbai,32,1572.0,47954.94,10.0,2,74.0,Quarterly,UPI,0,0,70643.44
C108955,20.0,Female,Delhi,17,2010.43,35204.18,9.0,3,68.0,Monthly,Credit Card,0,0,59776.47
C108956,21.0,Male,Bengaluru,41,1295.6,57231.62,10.0,1,70.0,Quarterly,UPI,0,0,86058.08
C108957,54.0,Male,Delhi,45,2340.06,115702.3,9.0,3,57.0,Annual,Bank Transfer,0,0,127043.14
C108958,57.0,Female,Bengaluru,16,2545.31,45517.4,1.0,2,61.0,Annual,Debit Card,0,0,68683.49
C108959,65.0,Male,Hyderabad,20,1818.87,33042.77,16.0,2,70.0,Annual,Wallet,0,0,73212.8
C108960,52.0,Male,Mumbai,42,1857.96,70273.42,11.0,3,53.0,Monthly,Wallet,0,0,94065.2
C108961,48.0,Female,Hyderabad,10,1309.92,11546.24,15.0,2,52.0,Annual,Credit Card,0,0,41813.6
C108962,61.0,Female,Other,52,1455.01,82816.41,16.0,2,41.0,Monthly,Debit Card,1,0,84815.53
C108963,42.0,Male,Hyderabad,60,1804.47,119112.34,16.0,3,92.0,Monthly,Wallet,0,0,125327.44
C108964,57.0,Female,Pune,48,3070.09,157081.72,17.0,3,99.0,Monthly,Credit Card,0,0,161132.98
C108965,30.0,Female,Bengaluru,23,868.84,18466.36,15.0,3,86.0,Quarterly,Debit Card,1,0,38574.15
C108966,21.0,Male,Pune,33,2142.25,79058.73,17.0,3,83.0,Monthly,Debit Card,0,0,94548.29
C108967,63.0,Female,Hyderabad,25,2429.82,62390.2,4.0,3,100.0,Monthly,Bank Transfer,1,0,96650.99
C108968,31.0,Male,Other,50,1596.64,86955.74,15.0,3,63.0,Quarterly,Credit Card,1,0,91256.97
C108969,30.0,Male,Hyderabad,70,2236.1,149915.96,15.0,2,71.0,Quarterly,Credit Card,0,0,155634.13
C108970,44.0,Male,Pune,55,2494.76,141362.8,13.0,1,72.0,Quarterly,Credit Card,1,0,154342.08
C108971,23.0,Female,Mumbai,68,3086.65,208894.9,15.0,3,73.0,Quarterly,Credit Card,1,0,213123.63
C108972,34.0,Male,Chennai,4,3228.58,13694.41,7.0,4,25.0,Annual,Credit Card,0,0,50381.3
C108973,53.0,Male,Bengaluru,28,1858.615,20507.35,13.0,2,92.0,Annual,UPI,0,0,51970.03
C108974,57.0,Male,Pune,29,1468.74,44847.55,14.0,2,62.0,Monthly,UPI,0,0,73218.39
C108975,66.0,Male,Hyderabad,48,2332.19,109100.73,23.0,5,66.0,Annual,Debit Card,1,0,123045.88
C108976,52.0,Female,Delhi,72,1887.44,151371.3,14.0,0,80.0,Monthly,Debit Card,0,0,146530.38
C108977,34.0,Male,Chennai,13,2312.93,27002.61,10.0,2,62.0,Quarterly,Bank Transfer,0,0,77574.97
C108978,58.0,Female,Other,43,2232.57,95395.26,1.0,3,58.0,Annual,UPI,0,0,121718.53
C108979,19.0,Female,Mumbai,9,1985.97,17281.61,14.0,3,50.0,Quarterly,UPI,0,0,54722.63
C108980,30.0,Female,Hyderabad,40,2139.39,91852.61,17.0,4,47.0,Annual,UPI,1,0,102211.91
C108981,69.0,Male,Chennai,46,2304.47,109121.0,14.0,2,86.0,Annual,Bank Transfer,1,0,129401.08
C108982,19.0,Male,Hyderabad,58,2433.4,127386.71,21.0,2,84.0,Annual,Credit Card,1,0,163718.74
C108983,69.0,Male,Bengaluru,56,2139.5,120106.15,6.0,4,100.0,Monthly,Wallet,0,0,130440.79
C108984,45.0,Female,Bengaluru,12,429.14,5522.5,9.0,8,33.0,Annual,Bank Transfer,1,1,8830.98
C108985,60.0,Male,Pune,25,1036.9,26492.18,27.0,1,78.0,Monthly,Debit Card,1,0,56424.34
C108986,43.0,Female,Pune,16,1864.35,28680.57,15.0,2,65.0,Monthly,Debit Card,0,0,73439.98
C108987,39.0,Male,Hyderabad,51,2421.35,117338.59,12.0,0,61.0,Annual,Bank Transfer,0,0,144707.47
C108988,64.0,Male,Mumbai,72,2372.17,189353.99,12.0,2,82.0,Annual,Debit Card,0,0,175349.26
C108989,60.0,Male,Bengaluru,53,643.62,31155.68,10.0,2,69.0,Monthly,UPI,0,0,54941.44
C108990,20.0,Male,Bengaluru,52,1513.81,81755.89,21.0,0,95.0,Annual,UPI,1,0,111214.46
C108991,52.0,Female,Hyderabad,67,2239.82,167750.14,9.0,3,43.0,Annual,Debit Card,0,0,146158.66
C108992,29.0,Male,Pune,24,2489.63,55030.92,14.0,3,64.0,Annual,Debit Card,0,0,101528.04
C108993,41.0,Female,Other,14,1985.56,25632.24,8.0,1,41.0,Monthly,Credit Card,1,0,57920.24
C108994,22.0,Female,Hyderabad,22,2101.94,48189.23,1.0,1,43.0,Annual,Credit Card,1,0,75105.61
C108995,37.0,Female,Bengaluru,31,2045.29,59122.83,12.0,4,42.0,Quarterly,Debit Card,0,0,86435.4
C108996,56.0,Male,Hyderabad,58,2247.52,116729.41,13.0,2,72.0,Monthly,Credit Card,1,0,140507.3
C108997,56.0,Female,Other,69,830.56,55882.6,13.0,1,63.0,Annual,Debit Card,0,0,68281.17
C108998,30.0,Male,Hyderabad,19,1441.74,24609.38,25.0,2,83.0,Monthly,Debit Card,0,0,65878.21
C108999,58.0,Female,Mumbai,53,2105.71,109026.66,15.0,2,26.0,Monthly,Credit Card,1,0,109261.9
C109000,70.0,Male,Kolkata,2,1636.18,3579.67,17.0,1,88.0,Monthly,Credit Card,0,0,40576.07
C109001,62.0,Male,Hyderabad,53,1837.37,96104.13,28.0,1,80.0,Monthly,Credit Card,0,0,137703.35
C109002,29.0,Female,Mumbai,67,1433.32,97150.25,20.0,1,79.0,Quarterly,UPI,1,0,112783.83
C109003,30.0,Female,Hyderabad,47,1734.47,79825.18,9.0,3,94.0,Annual,Credit Card,1,0,109561.66
C109004,27.0,Male,Pune,53,2167.35,107087.13,9.0,3,74.0,Annual,UPI,0,0,141477.96
C109005,50.0,Male,Bengaluru,57,1025.54,55389.16,5.0,4,31.0,Monthly,UPI,1,0,51836.38
C109006,57.0,Female,Other,25,1940.76,43220.66,22.0,4,88.0,Monthly,Credit Card,0,0,88826.41
C109007,33.0,Male,Kolkata,35,1341.53,52375.8,31.0,3,100.0,Monthly,Credit Card,0,0,88020.37
C109008,62.0,Male,Delhi,29,590.75,18274.61,17.0,2,38.0,Monthly,Bank Transfer,0,0,26211.11
C109009,52.0,Female,Mumbai,17,2628.39,40335.04,13.0,1,72.0,Annual,Credit Card,0,0,95159.21
C109010,20.0,Female,Pune,49,2851.27,150861.43,26.0,3,49.0,Monthly,UPI,0,0,157402.67
C109011,22.0,Female,Hyderabad,56,1937.69,101024.6,23.0,3,99.0,Monthly,Credit Card,1,0,143439.17
C109012,43.0,Female,Bengaluru,3,2203.89,6273.69,9.0,3,72.0,Annual,Debit Card,0,0,41297.51
C109013,28.0,Male,Hyderabad,22,1496.29,31545.33,15.0,1,70.0,Quarterly,Credit Card,0,0,68826.7
C109014,24.0,Other,Delhi,14,2727.67,39502.79,17.0,1,66.0,Monthly,UPI,1,0,57731.28
C109015,70.0,Male,Pune,3,3109.94,10371.84,12.0,3,53.0,Annual,Debit Card,0,0,54344.06
C109016,27.0,Male,Other,38,1940.63,79210.95,12.0,1,58.0,Monthly,UPI,1,0,94961.03
C109017,59.0,Female,Delhi,21,2892.56,62263.8,20.0,2,65.0,Annual,Bank Transfer,0,0,98876.03
C109018,69.0,Male,Delhi,51,1856.54,92946.32,23.0,3,87.0,Monthly,UPI,1,0,129473.12
C109019,51.0,Female,Kolkata,24,2030.02,52152.09,22.0,4,77.0,Annual,Wallet,0,0,90622.05
C109020,20.0,Male,Other,45,1888.31,77352.1,20.0,5,71.0,Monthly,Credit Card,0,0,104606.18
C109021,25.0,Male,Mumbai,69,1558.85,101523.87,27.0,2,28.0,Monthly,Debit Card,0,0,124399.15
C109022,48.0,Female,Hyderabad,44,2970.93,141695.76,11.0,4,100.0,Quarterly,Bank Transfer,0,0,140316.54
C109023,28.0,Male,Chennai,47,2520.54,127390.07,13.0,2,93.0,Monthly,UPI,1,0,142248.16
C109024,62.0,Male,Mumbai,57,1233.39,69646.12,18.0,2,57.0,Monthly,UPI,1,0,79241.82
C109025,24.0,Male,Delhi,19,2014.03,39585.12,19.0,3,73.0,Monthly,Debit Card,1,0,79197.35
C109026,62.0,Male,Other,34,1900.49,68478.22,10.0,1,73.0,Monthly,Credit Card,0,0,86931.3
C109027,19.0,Male,Kolkata,3,2200.82,5885.17,14.0,2,98.0,Quarterly,Credit Card,0,0,50452.94
C109028,23.0,Female,Chennai,39,1720.59,66394.63,13.0,3,98.0,Quarterly,Credit Card,0,0,94315.06
C109029,58.0,Male,Hyderabad,60,1293.82,77247.36,13.0,0,69.0,Monthly,Credit Card,0,0,107932.77
C109030,49.0,Female,Hyderabad,10,1164.27,12625.49,18.0,1,45.0,Monthly,Credit Card,1,0,41837.61
C109031,37.0,Male,Hyderabad,40,1795.78,66598.58,15.0,4,83.0,Annual,Credit Card,1,0,102045.09
C109032,51.0,Male,Bengaluru,2,2143.59,3939.63,1.0,3,100.0,Monthly,UPI,1,0,40693.22
C109033,67.0,Male,Kolkata,45,2201.45,99746.87,16.0,2,57.0,Quarterly,Credit Card,1,0,107385.51
C109034,33.0,Male,Chennai,27,2882.93,80532.19,17.0,1,74.0,Monthly,Debit Card,1,0,99637.22
C109035,42.0,Male,Mumbai,53,399.0,18964.08,21.0,2,79.0,Monthly,Credit Card,0,0,41659.42
C109036,29.0,Male,Hyderabad,9,2895.89,25828.25,17.0,3,60.0,Quarterly,Credit Card,0,0,79598.52
C109037,24.0,Male,Mumbai,1,684.55,620.33,18.0,1,36.0,Annual,Bank Transfer,0,0,24387.41
C109038,56.0,Male,Kolkata,33,2187.91,69546.24,1.0,4,36.0,Quarterly,Credit Card,0,0,87493.72
C109039,34.0,Female,Pune,38,2039.95,79659.29,15.0,2,83.0,Quarterly,Bank Transfer,0,0,106280.38
C109040,62.0,Female,Hyderabad,57,1156.09,72959.0,15.0,1,72.0,Monthly,UPI,0,0,85177.7
C109041,28.0,Male,Kolkata,33,1958.86,64444.47,20.0,2,75.0,Monthly,Bank Transfer,0,0,96569.0
C109042,23.0,Female,Bengaluru,48,1405.85,63405.67,22.0,1,54.0,Monthly,Bank Transfer,1,0,87258.15
C109043,40.0,Female,Delhi,3,2639.57,8466.3,13.0,2,73.0,Monthly,Bank Transfer,0,0,63629.0
C109044,44.0,Female,Hyderabad,32,1025.38,30849.02,27.0,2,87.0,Quarterly,Credit Card,0,0,68503.65
C109045,63.0,Female,Delhi,21,2133.78,49250.28,16.0,3,61.0,Monthly,Bank Transfer,0,0,86968.88
C109046,23.0,Female,Hyderabad,68,2362.49,150669.55,18.0,3,76.0,Quarterly,Debit Card,0,0,177185.68
C109047,55.0,Male,Mumbai,17,725.65,12441.71,14.0,2,64.0,Monthly,Debit Card,1,0,39696.99
C109048,19.0,Female,Delhi,42,1328.87,54038.64,10.0,3,72.0,Annual,Credit Card,0,0,70637.82
C109049,39.0,Female,Bengaluru,68,1295.66,82456.99,14.0,4,100.0,Monthly,Credit Card,1,0,97630.46
C109050,37.0,Male,Other,12,745.82,9926.48,18.0,1,58.0,Quarterly,UPI,0,0,23490.83
C109051,42.0,Male,Hyderabad,45,2427.15,113351.99,19.0,0,100.0,Quarterly,UPI,0,0,146678.44
C109052,32.0,Female,Kolkata,36,2071.73,71654.19,15.0,2,100.0,Quarterly,Debit Card,1,0,106811.18
C109053,66.0,Female,Chennai,51,2214.99,116297.42,7.0,2,81.0,Monthly,Credit Card,0,0,132421.6
C109054,46.0,Male,Delhi,7,2306.34,14414.9,9.0,3,92.0,Monthly,Credit Card,0,0,49030.34
C109055,25.0,Male,Delhi,33,1943.79,60990.69,27.0,2,71.0,Quarterly,Credit Card,0,0,94224.68
C109056,54.0,Female,Hyderabad,48,995.55,44557.46,15.0,2,73.0,Annual,Credit Card,0,0,72329.83
C109057,66.0,Male,Bengaluru,66,1564.19,99492.65,22.0,0,82.0,Quarterly,Debit Card,0,0,128337.51
C109058,69.0,Female,Mumbai,33,2449.4,80329.28,30.0,4,100.0,Monthly,UPI,0,0,115968.9
C109059,50.0,Male,Pune,27,1588.72,40101.47,6.0,1,66.0,Monthly,Debit Card,0,0,77023.37
C109060,39.0,Male,Other,47,2127.74,101038.64,8.0,0,94.0,Annual,Credit Card,1,0,119660.39
C109061,67.0,Male,Hyderabad,66,2685.96,190745.03,14.0,5,100.0,Annual,Bank Transfer,0,0,183432.17
C109062,64.0,Male,Bengaluru,43,2556.16,106563.73,9.0,1,68.0,Monthly,Debit Card,1,0,121313.38
C109063,22.0,Male,Delhi,19,3272.18,68497.83,15.0,0,57.0,Annual,UPI,0,0,108274.45
C109064,56.0,Female,Mumbai,68,1816.46,125070.6,9.0,1,95.0,Monthly,Credit Card,0,0,132842.58
C109065,35.0,Female,Other,10,1825.84,16322.99,13.0,2,80.0,Annual,UPI,0,0,60794.92
C109066,55.0,Male,Hyderabad,22,1762.99,36910.67,15.0,1,74.0,Quarterly,Credit Card,0,0,78104.57
C109067,70.0,Female,Chennai,66,1450.43,95521.34,8.0,1,50.0,Monthly,UPI,0,0,110243.17
C109068,54.0,Female,Delhi,2,1761.65,3349.26,16.0,2,76.0,Monthly,UPI,0,0,49048.61
C109069,47.0,Male,Hyderabad,18,1858.615,24687.12,11.0,1,66.0,Quarterly,UPI,0,1,48388.43
C109070,68.0,Male,Delhi,19,2466.45,49166.51,11.0,4,34.0,Quarterly,Credit Card,0,0,70605.92
C109071,48.0,Male,Hyderabad,30,1324.96,42597.59,19.0,1,87.0,Quarterly,UPI,0,0,71057.0
C109072,27.0,Female,Chennai,6,2933.57,16564.39,17.0,2,90.0,Monthly,Bank Transfer,1,0,68474.33
C109073,32.0,Female,Delhi,27,399.0,11215.95,15.0,2,73.0,Quarterly,Credit Card,0,0,34122.28
C109074,59.0,Male,Bengaluru,15,2023.72,27713.93,17.0,1,78.0,Annual,UPI,0,0,80629.41
C109075,65.0,Female,Hyderabad,31,2649.41,77124.58,7.0,1,100.0,Annual,Credit Card,0,0,123063.32
C109076,61.0,Male,Other,44,1094.84,43837.62,13.0,1,77.0,Monthly,Debit Card,0,0,73647.17
C109077,35.0,Male,Kolkata,10,1216.4,12898.64,11.0,5,79.0,Monthly,UPI,1,0,41110.19
C109078,40.0,Male,Kolkata,21,2164.29,41733.13,15.0,6,76.0,Monthly,UPI,0,0,77942.64
C109079,50.0,Female,Other,47,2248.18,109036.69,12.0,0,100.0,Monthly,UPI,0,0,137686.08
C109080,33.0,Male,Hyderabad,55,1496.58,88068.52,19.0,2,97.0,Annual,Wallet,0,0,113885.37
C109081,55.0,Female,Hyderabad,36,1731.39,64957.03,21.0,1,100.0,Monthly,Wallet,0,0,91573.33
C109082,52.0,Male,Hyderabad,58,2721.83,158112.35,11.0,2,83.0,Monthly,Bank Transfer,0,0,172839.74
C109083,51.0,Male,Kolkata,19,2178.02,41929.46,11.0,4,90.0,Annual,UPI,1,0,65175.28
C109084,45.0,Other,Pune,64,1081.8,71023.85,22.0,3,58.0,Monthly,Debit Card,1,0,93111.43
C109085,19.0,Male,Delhi,10,1078.04,10706.59,24.0,4,79.0,Annual,Credit Card,1,0,47300.52
C109086,47.0,Female,Kolkata,49,2058.53,100740.68,18.0,2,88.0,Monthly,UPI,0,0,124600.31
C109087,30.0,Female,Mumbai,54,2389.41,136183.84,9.0,1,99.0,Monthly,Debit Card,0,0,152932.09
C109088,58.0,Female,Hyderabad,61,2511.64,154008.96,19.0,4,100.0,Monthly,Wallet,0,0,172680.41
C109089,33.0,Male,Hyderabad,59,2963.65,176485.78,20.0,5,71.0,Annual,UPI,0,0,188343.76
C109090,22.0,Male,Hyderabad,2,2205.49,4568.57,24.0,1,73.0,Annual,Debit Card,0,0,44686.07
C109091,45.0,Female,Bengaluru,8,1813.02,15119.34,12.0,3,63.0,Quarterly,UPI,1,0,55405.6
C109092,70.0,Female,Bengaluru,19,2005.11,37960.89,25.0,2,49.0,Monthly,Credit Card,1,0,80427.13
C109093,56.0,Female,Pune,68,2183.39,138439.2,6.0,0,74.0,Monthly,Credit Card,1,0,144629.4
C109094,62.0,Male,Hyderabad,14,1421.65,21664.93,20.0,1,71.0,Quarterly,UPI,0,0,51357.85
C109095,37.0,Male,Delhi,22,2212.14,50978.8,21.0,3,70.0,Annual,Credit Card,0,0,91351.29
C109096,41.0,Female,Mumbai,17,1418.58,22599.84,21.0,0,100.0,Annual,UPI,1,0,56024.32
C109097,44.0,Male,Other,63,399.0,23124.83,2.0,0,58.0,Annual,Credit Card,0,0,52896.44
C109098,47.0,Male,Pune,26,1619.52,40609.97,5.0,1,53.0,Quarterly,UPI,0,0,76391.63
C109099,62.0,Male,Other,36,2255.89,81622.27,18.0,3,97.0,Monthly,UPI,1,0,122937.63
C109100,44.0,Male,Bengaluru,45,684.97,34231.21,21.0,4,100.0,Monthly,UPI,0,0,67317.11
C109101,43.0,Female,Hyderabad,30,2279.85,75793.18,12.0,3,70.0,Monthly,Bank Transfer,1,0,96299.16
C109102,24.0,Female,Mumbai,21,2167.78,44687.59,14.0,1,65.0,Monthly,Debit Card,0,0,69461.32
C109103,59.0,Male,Hyderabad,20,1286.72,24181.75,13.0,3,70.0,Monthly,UPI,1,0,62487.71
C109104,64.0,Male,Mumbai,42,2928.9,128428.4,10.0,3,90.0,Monthly,Credit Card,0,0,146270.42
C109105,70.0,Female,Bengaluru,56,1449.4,79808.86,30.0,3,78.0,Quarterly,Bank Transfer,0,0,100706.63
C109106,55.0,Male,Mumbai,12,819.76,8700.15,21.0,0,85.0,Quarterly,Bank Transfer,0,0,40942.44
C109107,22.0,Female,Other,8,2106.84,15219.73,9.0,8,51.0,Monthly,UPI,0,1,31047.71
C109108,40.0,Female,Bengaluru,63,2458.81,150871.56,20.0,1,100.0,Monthly,Debit Card,0,0,185054.19
C109109,45.0,Female,Other,56,2851.83,165555.05,7.0,1,61.0,Quarterly,Credit Card,0,0,171003.03
C109110,51.0,Female,Bengaluru,7,2091.4,13182.99,14.0,4,82.0,Annual,Debit Card,0,0,54130.21
C109111,70.0,Male,Hyderabad,62,2413.28,163054.22,8.0,6,80.0,Monthly,Credit Card,0,0,158942.58
C109112,32.0,Female,Mumbai,61,1457.53,91519.94,4.0,3,84.0,Quarterly,UPI,0,0,106730.26
C109113,49.0,Male,Pune,10,2183.7,20502.23,17.0,4,55.0,Monthly,Debit Card,0,0,60821.38
C109114,43.0,Male,Pune,50,2924.69,149084.29,14.0,3,80.0,Monthly,Credit Card,0,0,166542.84
C109115,65.0,Male,Delhi,20,1858.615,71763.51,17.0,3,82.0,Monthly,Bank Transfer,0,0,112362.44
C109116,48.0,Male,Bengaluru,28,1396.68,38909.35,5.0,5,44.0,Monthly,Bank Transfer,0,1,44596.4
C109117,36.0,Male,Hyderabad,14,3003.4,40396.34,32.0,0,82.0,Annual,Bank Transfer,0,1,82532.69
C109118,26.0,Male,Hyderabad,8,1440.66,12659.98,13.0,2,40.0,Annual,Credit Card,0,0,26206.23
C109119,46.0,Female,Bengaluru,7,1401.81,9708.68,22.0,4,59.0,Monthly,Debit Card,1,0,39351.18
C109120,68.0,Other,Other,5,1521.79,7721.68,14.0,3,44.0,Monthly,Credit Card,0,0,25856.43
C109121,56.0,Male,Kolkata,1,2389.02,2558.46,14.0,3,73.0,Monthly,UPI,0,0,58325.33
C109122,21.0,Female,Hyderabad,10,1874.11,18622.21,9.0,0,75.0,Monthly,Bank Transfer,1,0,74108.25
C109123,20.0,Male,Delhi,58,864.63,45896.46,30.0,0,85.0,Monthly,UPI,0,0,78408.18
C109124,46.0,Female,Mumbai,65,2117.56,141738.29,31.0,4,100.0,Monthly,UPI,1,0,152219.51
C109125,69.0,Male,Hyderabad,60,2673.52,146016.35,11.0,5,89.0,Monthly,UPI,0,0,176406.24
C109126,28.0,Female,Bengaluru,20,2143.92,41045.88,17.0,1,88.0,Annual,Credit Card,0,0,86955.65
C109127,50.0,Male,Mumbai,58,2380.02,125254.62,15.0,0,74.0,Monthly,Credit Card,0,0,157633.3
C109128,55.0,Female,Delhi,43,1303.26,61734.36,23.0,3,100.0,Quarterly,Debit Card,0,0,87097.68
C109129,28.0,Male,Bengaluru,29,2430.09,63248.8,28.0,1,67.0,Monthly,UPI,1,0,97554.58
C109130,44.0,Male,Other,2,1592.1,3245.79,5.0,2,55.0,Annual,Wallet,0,0,26820.18
C109131,50.0,Male,Chennai,26,1879.6,54392.4,1.0,1,57.0,Monthly,Bank Transfer,0,0,66746.34
C109132,38.0,Male,Bengaluru,59,1237.43,69690.08,12.0,3,74.0,Monthly,Credit Card,1,0,93732.16
C109133,56.0,Female,Bengaluru,1,1038.02,1090.28,8.0,1,100.0,Monthly,Credit Card,0,1,31382.36
C109134,48.0,Female,Pune,31,1378.84,43165.47,12.0,3,92.0,Annual,Debit Card,0,0,76481.01
C109135,55.0,Male,Delhi,38,1775.27,63724.07,19.0,2,57.0,Annual,Wallet,0,0,90124.63
C109136,63.0,Female,Pune,22,1897.53,44597.01,22.0,0,100.0,Quarterly,Credit Card,0,0,85672.05
C109137,19.0,Male,Bengaluru,66,1281.38,75096.9,15.0,4,52.0,Monthly,Wallet,1,0,87688.96
C109138,44.0,Female,Bengaluru,47,3521.58,155781.27,21.0,3,81.0,Monthly,Credit Card,1,0,185313.84
C109139,53.0,Male,Chennai,1,1873.28,1694.3,12.0,2,96.0,Annual,Bank Transfer,1,0,38777.4
C109140,28.0,Female,Hyderabad,50,1219.98,65658.9,24.0,3,90.0,Annual,Bank Transfer,0,0,83273.94
C109141,64.0,Male,Delhi,36,399.0,14042.97,5.0,2,62.0,Monthly,Bank Transfer,1,0,37417.13
C109142,35.0,Female,Bengaluru,45,3021.86,122476.58,16.0,1,92.0,Monthly,Bank Transfer,0,0,159716.64
C109143,18.0,Male,Bengaluru,36,2101.83,84209.65,3.0,2,99.0,Quarterly,Credit Card,1,0,114031.86
C109144,52.0,Female,Bengaluru,34,1136.31,37746.37,17.0,1,82.0,Monthly,UPI,1,0,61319.46
C109145,52.0,Female,Chennai,9,1585.85,12796.42,17.0,4,77.0,Monthly,UPI,0,1,49036.55
C109146,48.0,Male,Pune,4,1341.0,5204.61,4.0,2,87.0,Monthly,Bank Transfer,0,0,36508.78
C109147,45.0,Other,Pune,63,2342.73,142796.36,16.0,2,53.0,Monthly,UPI,1,0,154016.46
C109148,56.0,Female,Pune,4,3131.1,11416.01,18.0,0,57.0,Quarterly,Debit Card,1,0,73135.83
C109149,18.0,Female,Delhi,5,1475.29,7768.55,23.0,2,88.0,Annual,UPI,1,0,39590.59
C109150,42.0,Female,Bengaluru,10,2278.52,24677.07,25.0,2,98.0,Quarterly,Credit Card,0,0,64176.28
C109151,60.0,Female,Delhi,44,1820.7,86298.36,15.0,6,33.0,Quarterly,Bank Transfer,0,0,85268.91
C109152,55.0,Other,Hyderabad,40,1726.64,65547.75,17.0,1,87.0,Annual,Debit Card,1,0,82520.25
C109153,37.0,Female,Pune,36,1595.78,52444.29,6.0,2,74.0,Monthly,Credit Card,1,0,73830.14
C109154,20.0,Male,Pune,35,1085.35,41676.34,16.0,2,85.0,Monthly,UPI,0,0,43686.0
C109155,68.0,Female,Delhi,59,1998.98,114252.14,17.0,1,76.0,Monthly,Bank Transfer,0,0,130894.77
C109156,19.0,Female,Hyderabad,65,2286.5,157557.89,13.0,3,37.0,Annual,UPI,0,0,155183.22
C109157,35.0,Female,Other,31,2201.5,64474.07,16.0,7,75.0,Quarterly,Wallet,0,0,83902.28
C109158,61.0,Male,Pune,46,2181.87,97721.1,17.0,3,100.0,Annual,Credit Card,0,0,125686.71
C109159,27.0,Male,Delhi,49,1154.71,52962.91,7.0,1,87.0,Monthly,Debit Card,1,0,68240.91
C109160,22.0,Female,Hyderabad,6,2231.54,13218.74,20.0,2,60.0,Monthly,Debit Card,0,0,53141.93
C109161,26.0,Female,Chennai,70,1251.66,77818.02,18.0,2,97.0,Monthly,Credit Card,0,0,101428.62
C109162,19.0,Male,Hyderabad,19,2005.81,36301.61,13.0,0,98.0,Annual,Credit Card,1,0,80855.54
C109163,51.0,Male,Bengaluru,42,1169.17,44349.02,21.0,2,65.0,Monthly,Credit Card,0,0,88161.66
C109164,55.0,Male,Mumbai,30,2681.56,82899.21,12.0,1,63.0,Annual,Debit Card,1,0,95272.47
C109165,48.0,Female,Kolkata,26,1342.73,31534.01,28.0,4,43.0,Monthly,Bank Transfer,1,0,57046.69
C109166,27.0,Male,Bengaluru,3,3167.97,9496.09,20.0,1,64.0,Monthly,UPI,1,0,77334.55
C109167,67.0,Female,Delhi,33,1466.55,51409.32,14.0,1,63.0,Monthly,Debit Card,0,0,77285.31
C109168,29.0,Female,Hyderabad,50,2410.57,113930.3,21.0,2,93.0,Annual,Credit Card,1,0,142181.97
C109169,53.0,Female,Bengaluru,31,2196.05,65264.94,21.0,2,91.0,Monthly,Credit Card,0,0,90687.42
C109170,38.0,Male,Other,68,955.43,66669.07,9.0,2,83.0,Monthly,Credit Card,0,0,93412.12
C109171,66.0,Female,Pune,10,526.31,4809.3,13.0,6,65.0,Monthly,Debit Card,1,0,27625.05
C109172,64.0,Female,Mumbai,22,1143.28,23894.25,10.0,2,75.0,Monthly,Debit Card,1,0,50583.01
C109173,23.0,Male,Bengaluru,63,1923.81,131862.15,31.0,3,100.0,Monthly,Credit Card,0,0,143536.74
C109174,65.0,Female,Bengaluru,54,1426.83,82382.85,3.0,1,97.0,Annual,Wallet,1,0,85489.45
C109175,66.0,Female,Hyderabad,51,1518.49,72672.31,19.0,1,100.0,Annual,Debit Card,0,0,115665.23
C109176,20.0,Female,Bengaluru,4,2867.61,12041.76,11.0,1,85.0,Monthly,Credit Card,1,0,56066.42
C109177,27.0,Female,Hyderabad,37,1694.65,57334.91,10.0,1,100.0,Annual,Debit Card,0,0,100252.51
C109178,22.0,Male,Pune,71,2385.16,166327.55,18.0,4,100.0,Monthly,Credit Card,0,0,176701.78
C109179,44.0,Male,Hyderabad,63,1591.1,91525.45,15.0,4,100.0,Monthly,Debit Card,0,0,123048.41
C109180,43.0,Male,Hyderabad,51,1656.59,83320.14,20.0,0,72.0,Quarterly,Credit Card,1,0,118355.84
C109181,38.0,Female,Delhi,8,1499.44,10730.98,17.0,0,56.0,Monthly,Credit Card,1,0,54931.0
C109182,62.0,Female,Kolkata,1,1932.52,2102.52,9.0,4,98.0,Annual,UPI,0,0,46051.02
C109183,43.0,Male,Other,8,887.25,7413.59,22.0,1,49.0,Quarterly,UPI,1,0,31811.95
C109184,55.0,Male,Pune,55,1219.12,64896.5,15.0,2,82.0,Monthly,Credit Card,1,0,79147.59
C109185,61.0,Female,Hyderabad,9,1315.46,11529.51,8.0,5,100.0,Quarterly,Bank Transfer,0,0,58188.15
C109186,43.0,Female,Bengaluru,51,2221.65,124614.22,9.0,1,78.0,Monthly,Credit Card,0,0,135751.74
C109187,25.0,Male,Kolkata,16,2788.92,49205.39,13.0,1,39.0,Monthly,UPI,1,0,75716.92
C109188,22.0,Female,Kolkata,53,2634.14,145981.99,27.0,4,64.0,Monthly,Credit Card,1,0,158090.91
C109189,32.0,Female,Delhi,59,1598.94,93983.36,1.0,1,69.0,Monthly,Debit Card,0,0,101338.52
C109190,33.0,Male,Bengaluru,45,1133.82,51966.41,20.0,0,47.0,Quarterly,Credit Card,1,0,64395.06
C109191,44.0,Male,Bengaluru,37,1722.65,62146.49,20.0,0,95.0,Quarterly,Credit Card,0,0,97222.49
C109192,33.0,Male,Pune,66,2299.82,138731.0,21.0,4,71.0,Annual,Wallet,0,0,165903.47
C109193,54.0,Male,Hyderabad,64,1776.07,113936.13,14.0,2,91.0,Monthly,Credit Card,0,0,131314.52
C109194,20.0,Female,Delhi,36,2295.25,89704.42,13.0,2,94.0,Quarterly,UPI,0,1,115545.07
C109195,69.0,Male,Other,50,1325.77,62096.6,24.0,2,71.0,Annual,UPI,0,0,100487.32
C109196,64.0,Male,Delhi,53,1785.82,93998.07,5.0,4,100.0,Monthly,Debit Card,0,0,121267.3
C109197,48.0,Female,Bengaluru,57,1996.46,108386.94,7.0,2,58.0,Annual,Credit Card,0,0,123545.8
C109198,30.0,Male,Bengaluru,19,1661.6,30984.16,1.0,2,66.0,Monthly,UPI,0,0,50134.5
C109199,33.0,Female,Hyderabad,26,1611.0,36861.7,12.0,3,86.0,Annual,Debit Card,1,0,74800.86
C109200,60.0,Male,Delhi,68,831.51,61619.14,32.0,4,100.0,Quarterly,Bank Transfer,0,0,86627.09
C109201,38.0,Male,Mumbai,43,873.62,40999.62,8.0,2,79.0,Quarterly,UPI,1,0,72078.98
C109202,19.0,Female,Hyderabad,58,3217.5,192995.72,19.0,0,72.0,Annual,UPI,0,0,209521.42
C109203,44.0,Male,Bengaluru,59,1195.07,70310.37,11.0,0,100.0,Annual,Wallet,1,0,85817.84
C109204,55.0,Female,Hyderabad,46,1670.51,83478.07,13.0,2,75.0,Annual,Bank Transfer,1,0,105663.15
C109205,43.0,Male,Other,68,1356.26,99613.95,8.0,2,64.0,Quarterly,Bank Transfer,1,0,101884.62
C109206,55.0,Female,Pune,40,1476.8,54726.58,11.0,1,80.0,Monthly,UPI,0,0,90023.86
C109207,63.0,Female,Chennai,13,3442.18,48443.53,8.0,2,65.0,Annual,Credit Card,1,0,103500.76
C109208,42.0,Male,Other,9,2091.12,20015.55,26.0,0,97.0,Quarterly,Bank Transfer,0,0,72885.98
C109209,28.0,Female,Delhi,66,1457.36,84787.76,13.0,2,80.0,Monthly,Credit Card,0,0,106162.44
C109210,25.0,Male,Pune,53,2010.23,117849.85,5.0,3,69.0,Annual,Bank Transfer,1,0,119147.71
C109211,25.0,Female,Delhi,4,2294.37,8434.42,25.0,1,89.0,Quarterly,UPI,1,0,72824.72
C109212,50.0,Male,Pune,14,2572.71,36167.08,3.0,4,50.0,Monthly,Bank Transfer,0,0,60566.43
C109213,70.0,Female,Hyderabad,8,2079.42,18193.77,19.0,2,89.0,Monthly,Debit Card,0,0,65541.79
C109214,24.0,Male,Mumbai,62,3237.02,221835.92,15.0,3,42.0,Annual,Credit Card,0,0,202106.98
C109215,55.0,Female,Pune,45,1280.66,53901.36,23.0,4,42.0,Monthly,UPI,0,0,68424.6
C109216,38.0,Other,Hyderabad,67,1614.15,114871.38,8.0,3,73.0,Monthly,Wallet,0,0,112061.06
C109217,25.0,Female,Hyderabad,62,1858.615,114957.41,23.0,1,51.0,Monthly,Bank Transfer,0,0,140235.48
C109218,68.0,Male,Bengaluru,70,2278.68,157433.37,18.0,0,56.0,Annual,Bank Transfer,0,0,164672.72
C109219,38.0,Female,Bengaluru,36,1372.88,51784.18,17.0,3,92.0,Quarterly,UPI,1,0,76601.39
C109220,37.0,Male,Hyderabad,1,2739.5,2950.8,17.0,2,91.0,Annual,Credit Card,0,0,63294.77
C109221,25.0,Male,Delhi,60,2178.75,132468.83,9.0,2,80.0,Monthly,Bank Transfer,0,0,132247.16
C109222,63.0,Male,Bengaluru,13,1453.51,19771.13,35.0,1,99.0,Quarterly,Credit Card,0,0,72232.05
C109223,48.0,Male,Hyderabad,12,1551.56,17028.2,15.0,2,86.0,Monthly,Credit Card,0,0,48781.81
C109224,67.0,Female,Kolkata,17,2460.99,41769.39,13.0,5,97.0,Quarterly,UPI,0,0,78824.13
C109225,46.0,Male,Delhi,47,1423.7,72080.06,12.0,4,72.0,Monthly,UPI,0,0,92908.63
C109226,65.0,Female,Bengaluru,53,1442.19,82898.69,17.0,2,56.0,Annual,Credit Card,0,0,99148.79
C109227,26.0,Male,Bengaluru,67,1026.43,72203.28,18.0,3,64.0,Monthly,Credit Card,0,0,75393.09
C109228,32.0,Male,Pune,10,539.72,4953.26,20.0,0,77.0,Monthly,Bank Transfer,1,0,26879.67
C109229,47.0,Female,Pune,46,1524.3,71026.5,13.0,6,79.0,Monthly,Wallet,1,0,90505.66
C109230,43.0,Male,Hyderabad,4,399.0,1423.33,20.0,2,80.0,Monthly,Credit Card,0,0,24550.88
C109231,27.0,Male,Other,57,1326.61,82967.9,22.0,2,36.0,Monthly,UPI,1,0,91508.64
C109232,46.0,Male,Pune,38,3549.38,124602.24,27.0,1,44.0,Annual,UPI,0,0,157181.23
C109233,33.0,Male,Pune,12,1287.05,14837.46,17.0,1,96.0,Monthly,Debit Card,1,0,56724.22
C109234,53.0,Female,Hyderabad,31,2532.41,82280.11,21.0,5,59.0,Annual,Bank Transfer,0,1,109921.62
C109235,37.0,Male,Hyderabad,2,1934.1,4122.33,8.0,1,44.0,Monthly,UPI,1,0,43510.4
C109236,62.0,Male,Bengaluru,1,2979.4,2944.8,13.0,0,90.0,Annual,UPI,0,0,58256.78
C109237,54.0,Female,Hyderabad,25,1322.86,32664.56,5.0,3,80.0,Monthly,UPI,0,1,46600.81
C109238,39.0,Other,Hyderabad,5,2079.7,10182.71,7.0,2,34.0,Annual,UPI,0,0,42307.83
C109239,24.0,Male,Hyderabad,48,1626.8,78535.46,16.0,6,98.0,Quarterly,UPI,0,0,105551.15
C109240,40.0,Female,Delhi,14,1848.96,28859.57,19.0,0,61.0,Monthly,UPI,0,0,53199.5
C109241,58.0,Male,Hyderabad,52,1068.65,59166.59,18.0,1,42.0,Quarterly,Bank Transfer,0,0,73403.17
C109242,57.0,Male,Hyderabad,21,1628.64,31301.16,10.0,2,100.0,Annual,Debit Card,0,0,76097.76
C109243,46.0,Male,Other,25,904.82,21259.51,20.0,2,47.0,Quarterly,UPI,0,0,43204.31
C109244,33.0,Female,Hyderabad,67,1049.9,78066.24,7.0,3,44.0,Monthly,Credit Card,1,0,84720.49
C109245,55.0,Male,Mumbai,50,1879.0,93394.15,10.0,3,100.0,Quarterly,Credit Card,0,0,119814.11
C109246,45.0,Female,Delhi,33,3292.68,114781.03,14.0,3,68.0,Annual,Bank Transfer,0,0,145174.57
C109247,65.0,Male,Other,17,2731.29,42191.73,9.0,1,46.0,Annual,Debit Card,1,0,76715.89
C109248,55.0,Male,Kolkata,70,1964.4,144071.08,9.0,1,56.0,Quarterly,UPI,0,0,133291.3
C109249,48.0,Female,Chennai,34,1440.57,44034.04,17.0,1,70.0,Monthly,UPI,1,0,68705.03
C109250,31.0,Male,Other,26,1080.38,29903.0,12.0,1,62.0,Annual,Bank Transfer,0,0,58681.94
C109251,70.0,Male,Chennai,42,1135.34,47212.15,13.0,3,42.0,Annual,Credit Card,0,0,65849.78
C109252,50.0,Male,Delhi,31,1780.99,58383.26,26.0,0,100.0,Monthly,UPI,0,0,94915.55
C109253,26.0,Male,Bengaluru,51,3071.98,154476.1,21.0,2,100.0,Monthly,UPI,1,0,170887.7
C109254,44.0,Male,Delhi,36,2237.19,73765.09,15.0,0,58.0,Quarterly,Credit Card,0,1,103210.27
C109255,44.0,Male,Mumbai,13,1942.92,22786.01,11.0,1,54.0,Monthly,Credit Card,1,0,47245.54
C109256,30.0,Male,Mumbai,13,3522.33,45050.83,23.0,2,57.0,Annual,Debit Card,0,0,105020.88
C109257,43.0,Male,Delhi,32,2123.22,60584.69,8.0,3,96.0,Annual,Debit Card,1,0,97389.49
C109258,46.0,Other,Hyderabad,5,2149.64,11218.3,12.0,1,66.0,Monthly,Bank Transfer,1,0,45425.27
C109259,68.0,Male,Bengaluru,12,3457.82,46059.98,14.0,4,42.0,Annual,UPI,0,0,69979.02
C109260,66.0,Male,Delhi,59,2682.66,174534.8,14.0,0,40.0,Annual,UPI,1,0,162602.51
C109261,60.0,Female,Hyderabad,41,2111.15,88209.06,2.0,3,72.0,Monthly,Credit Card,0,0,96532.45
C109262,45.0,Female,Bengaluru,37,399.0,15014.64,16.0,2,100.0,Quarterly,Credit Card,1,0,43600.31
C109263,45.0,Male,Delhi,68,2743.47,189510.55,22.0,4,73.0,Monthly,UPI,0,0,206263.86
C109264,25.0,Male,Other,48,947.78,49884.39,18.0,0,65.0,Monthly,Bank Transfer,0,0,69139.67
C109265,40.0,Female,Hyderabad,43,678.32,26009.93,22.0,2,54.0,Monthly,UPI,0,0,56135.61
C109266,46.0,Male,Mumbai,41,1986.64,84382.82,14.0,3,68.0,Monthly,Bank Transfer,1,0,114159.0
C109267,22.0,Female,Hyderabad,56,2429.61,134927.48,21.0,2,72.0,Annual,UPI,0,0,158811.95
C109268,59.0,Female,Bengaluru,69,1367.29,104442.27,5.0,4,74.0,Annual,Credit Card,0,0,96737.15
C109269,24.0,Female,Hyderabad,11,812.2,8410.96,27.0,2,80.0,Monthly,Credit Card,1,0,45437.27
C109270,59.0,Male,Delhi,9,399.0,3389.64,25.0,3,89.0,Monthly,Wallet,1,0,34285.1
C109271,53.0,Female,Pune,28,1459.24,43478.77,20.0,3,80.0,Monthly,Debit Card,0,0,68464.99
C109272,58.0,Female,Bengaluru,22,1845.82,39924.97,18.0,4,35.0,Annual,Bank Transfer,1,0,65368.8
C109273,44.0,Female,Delhi,6,1134.4,6574.79,1.0,2,65.0,Annual,UPI,0,0,41621.05
C109274,63.0,Male,Chennai,26,3104.43,76938.54,7.0,1,74.0,Quarterly,Bank Transfer,1,0,101616.88
C109275,19.0,Female,Bengaluru,16,1583.45,23212.83,18.0,0,99.0,Annual,Credit Card,1,0,65711.52
C109276,42.0,Female,Mumbai,14,1419.68,18211.26,15.0,2,71.0,Monthly,UPI,0,0,51240.38
C109277,26.0,Other,Bengaluru,35,2436.79,79504.72,21.0,1,57.0,Monthly,UPI,1,0,103716.65
C109278,70.0,Female,Bengaluru,42,1195.58,52919.71,13.0,2,25.0,Monthly,UPI,0,0,56908.38
C109279,44.0,Male,Pune,53,3105.23,168508.51,11.0,1,86.0,Quarterly,Bank Transfer,1,0,189228.4
C109280,18.0,Female,Pune,22,2439.41,58774.1,16.0,0,52.0,Quarterly,Wallet,0,0,89116.55
C109281,40.0,Male,Pune,53,1575.36,84507.41,3.0,1,62.0,Monthly,Credit Card,1,0,82397.67
C109282,27.0,Female,Chennai,66,2739.28,191235.92,4.0,2,73.0,Monthly,Debit Card,0,0,182243.68
C109283,59.0,Male,Hyderabad,13,2744.48,34130.54,12.0,1,70.0,Quarterly,UPI,0,0,94151.26
C109284,69.0,Male,Pune,11,1516.89,18010.23,11.0,0,75.0,Monthly,UPI,1,0,67661.23
C109285,42.0,Female,Bengaluru,12,1165.4,15102.43,13.0,2,74.0,Monthly,Debit Card,1,0,44611.56
C109286,20.0,Male,Pune,53,1516.26,72354.22,14.0,0,55.0,Monthly,Bank Transfer,1,0,95286.59
C109287,23.0,Female,Pune,9,2137.97,17899.76,1.0,4,30.0,Monthly,UPI,1,0,44480.94
C109288,23.0,Female,Pune,71,1458.7,113475.81,17.0,1,100.0,Quarterly,UPI,0,0,116767.78
C109289,70.0,Male,Chennai,17,1597.56,25659.57,23.0,2,96.0,Monthly,Credit Card,0,0,72568.18
C109290,19.0,Male,Other,61,1714.08,104630.54,10.0,3,46.0,Annual,Debit Card,1,0,107842.47
C109291,35.0,Female,Delhi,10,1369.42,15087.44,16.0,2,44.0,Monthly,Wallet,0,0,50270.16
C109292,40.0,Male,Mumbai,38,1995.7,81128.41,23.0,3,87.0,Quarterly,Bank Transfer,0,0,116864.04
C109293,19.0,Female,Delhi,39,1707.18,73648.48,12.0,1,53.0,Annual,UPI,1,0,90289.71
C109294,29.0,Female,Hyderabad,30,2776.36,78443.33,3.0,2,44.0,Monthly,Bank Transfer,1,0,116268.02
C109295,39.0,Female,Chennai,34,1772.35,62593.09,24.0,4,70.0,Monthly,Credit Card,1,0,88855.81
C109296,54.0,Female,Kolkata,33,1106.96,35623.83,8.0,5,71.0,Monthly,Credit Card,1,0,41786.3
C109297,37.0,Female,Hyderabad,32,1841.3,55177.1,14.0,1,82.0,Monthly,Bank Transfer,0,0,100449.28
C109298,56.0,Female,Chennai,12,2255.16,27153.69,7.0,3,100.0,Quarterly,Debit Card,1,0,61885.52
C109299,41.0,Female,Chennai,65,1723.0,124325.72,8.0,1,94.0,Monthly,UPI,1,0,130071.04
C109300,65.0,Female,Bengaluru,10,1293.78,13454.99,8.0,0,44.0,Monthly,Bank Transfer,0,0,45292.45
C109301,37.0,Male,Mumbai,19,1385.59,29112.18,19.0,2,59.0,Annual,Debit Card,0,0,64828.14
C109302,18.0,Male,Other,23,1995.95,42191.68,21.0,2,92.0,Quarterly,UPI,1,0,89837.64
C109303,18.0,Female,Bengaluru,57,2055.77,118015.58,23.0,1,79.0,Monthly,Credit Card,0,0,140736.49
C109304,34.0,Female,Delhi,59,2480.59,147760.71,18.0,1,96.0,Monthly,Wallet,0,0,162853.46
C109305,18.0,Male,Pune,54,1132.11,56863.39,9.0,5,47.0,Monthly,Wallet,1,0,70400.5
C109306,70.0,Male,Mumbai,2,1857.05,3483.09,9.0,0,69.0,Monthly,Debit Card,1,0,41842.64
C109307,69.0,Female,Hyderabad,48,1249.47,66193.26,12.0,4,80.0,Monthly,Bank Transfer,0,0,86603.26
C109308,62.0,Male,Mumbai,6,2153.4,12786.86,23.0,1,100.0,Annual,UPI,1,0,60700.86
C109309,47.0,Male,Other,43,873.58,41298.88,18.0,2,69.0,Monthly,Credit Card,0,0,53573.05
C109310,58.0,Male,Bengaluru,17,2852.16,45189.25,15.0,3,95.0,Annual,Credit Card,0,0,98339.95
C109311,64.0,Female,Delhi,36,461.58,16286.1,18.0,4,65.0,Monthly,Credit Card,1,0,27296.17
C109312,20.0,Male,Other,24,1397.62,35036.31,6.0,3,70.0,Annual,Credit Card,0,0,64840.8
C109313,63.0,Male,Pune,61,1908.84,103285.23,31.0,3,67.0,Monthly,UPI,0,0,140844.4
C109314,28.0,Male,Delhi,29,1196.55,35681.57,10.0,1,69.0,Quarterly,UPI,1,0,52697.82
C109315,41.0,Female,Other,58,1216.34,78656.63,12.0,4,56.0,Monthly,Wallet,0,0,79336.11
C109316,39.0,Female,Hyderabad,66,2230.95,135623.75,8.0,3,74.0,Monthly,Debit Card,0,0,146868.76
C109317,61.0,Female,Pune,53,399.0,23519.77,6.0,1,45.0,Annual,UPI,0,0,26044.7
C109318,62.0,Male,Chennai,70,580.15,40761.48,10.0,1,47.0,Monthly,Debit Card,0,0,55309.71
C109319,43.0,Male,Bengaluru,9,1296.99,11544.68,18.0,3,43.0,Annual,Credit Card,0,0,39040.94
C109320,30.0,Female,Mumbai,42,1289.76,49992.96,16.0,2,100.0,Annual,Bank Transfer,0,0,84117.24
C109321,18.0,Male,Hyderabad,39,2313.97,91187.79,8.0,2,100.0,Monthly,Debit Card,1,0,117915.75
C109322,41.0,Female,Bengaluru,69,2338.07,151650.22,4.0,4,93.0,Annual,Bank Transfer,0,0,159536.63
C109323,27.0,Male,Hyderabad,40,1880.62,66316.04,4.0,1,92.0,Monthly,Wallet,0,0,95659.78
C109324,52.0,Male,Hyderabad,59,2602.32,164070.21,22.0,3,48.0,Monthly,Bank Transfer,0,0,165150.84
C109325,44.0,Male,Bengaluru,44,399.0,16863.72,24.0,2,60.0,Annual,Credit Card,0,0,37375.74
C109326,45.0,Female,Pune,65,2087.26,146112.15,16.0,1,93.0,Annual,Wallet,0,0,162597.08
C109327,53.0,Male,Hyderabad,11,2950.11,32228.72,16.0,3,60.0,Monthly,Credit Card,0,0,75064.38
C109328,33.0,Male,Mumbai,5,2009.0,8888.18,7.0,4,66.0,Quarterly,Wallet,0,0,32322.72
C109329,57.0,Male,Pune,49,1127.71,59706.92,17.0,3,46.0,Monthly,UPI,0,0,61757.74
C109330,33.0,Male,Bengaluru,51,2464.9,130186.57,12.0,2,77.0,Annual,Debit Card,0,0,146154.73
C109331,34.0,Male,Kolkata,36,1808.06,63423.13,1.0,2,100.0,Monthly,UPI,1,0,95924.12
C109332,68.0,Male,Kolkata,16,1852.12,30230.54,5.0,1,92.0,Monthly,UPI,0,0,65107.72
C109333,32.0,Male,Bengaluru,7,1218.34,9460.27,25.0,2,84.0,Monthly,Bank Transfer,0,0,51106.86
C109334,33.0,Female,Other,44,2773.33,131726.28,22.0,2,51.0,Monthly,UPI,0,0,149428.2
C109335,32.0,Female,Delhi,26,2749.27,64886.36,14.0,3,43.0,Quarterly,Debit Card,0,0,101571.23
C109336,51.0,Male,Bengaluru,36,1687.95,59135.24,17.0,3,85.0,Monthly,Debit Card,1,0,76645.91
C109337,28.0,Male,Delhi,53,1513.46,87176.44,12.0,1,55.0,Quarterly,Debit Card,1,0,95614.41
C109338,18.0,Female,Delhi,44,2364.99,99817.66,13.0,1,73.0,Quarterly,Debit Card,1,0,134861.65
C109339,32.0,Male,Mumbai,12,1054.61,11612.91,14.0,0,40.0,Monthly,Credit Card,1,0,25193.72
C109340,43.0,Male,Delhi,68,1255.82,92097.67,7.0,4,58.0,Monthly,UPI,0,0,91145.07
C109341,68.0,Female,Bengaluru,23,2240.64,51877.29,18.0,4,65.0,Monthly,Debit Card,0,0,73742.23
C109342,21.0,Female,Other,30,1761.08,57065.3,23.0,1,71.0,Monthly,UPI,1,0,79433.84
C109343,60.0,Male,Pune,63,2648.01,173499.32,18.0,2,100.0,Monthly,UPI,1,0,193688.54
C109344,22.0,Male,Pune,3,1220.55,3376.0,22.0,1,63.0,Monthly,Bank Transfer,1,0,58658.85
C109345,52.0,Female,Hyderabad,34,1114.08,35135.67,15.0,2,65.0,Monthly,Bank Transfer,1,0,57383.48
C109346,30.0,Male,Mumbai,49,2226.61,119888.41,6.0,2,67.0,Quarterly,Wallet,1,0,118598.9
C109347,27.0,Female,Delhi,44,834.13,38634.9,16.0,4,72.0,Monthly,Credit Card,0,0,68510.89
C109348,28.0,Male,Pune,41,2265.71,92826.38,22.0,3,100.0,Quarterly,Credit Card,0,0,126201.94
C109349,35.0,Male,Other,48,1828.73,92765.72,23.0,1,81.0,Monthly,Debit Card,1,0,105619.9
C109350,51.0,Female,Kolkata,71,1450.47,114050.83,21.0,2,84.0,Annual,Bank Transfer,0,0,118456.55
C109351,56.0,Female,Chennai,8,1049.65,9162.89,17.0,2,48.0,Monthly,UPI,0,0,35473.34
C109352,58.0,Female,Kolkata,7,1423.84,9850.91,28.0,3,84.0,Monthly,Debit Card,1,0,41331.39
C109353,59.0,Male,Hyderabad,37,1093.82,35770.75,16.0,1,76.0,Annual,UPI,0,0,58134.26
C109354,67.0,Female,Bengaluru,55,3148.68,166185.1,5.0,3,83.0,Monthly,UPI,0,0,187592.53
C109355,40.0,Female,Hyderabad,71,1765.47,119407.48,11.0,4,73.0,Monthly,UPI,0,0,135546.91
C109356,24.0,Female,Kolkata,50,1960.13,94329.85,16.0,0,57.0,Quarterly,UPI,0,0,118305.96
C109357,56.0,Female,Kolkata,21,1175.53,27358.95,1.0,1,83.0,Annual,UPI,1,0,44673.67
C109358,20.0,Male,Bengaluru,34,1207.32,38592.65,13.0,3,67.0,Monthly,UPI,0,0,76462.45
C109359,29.0,Male,Bengaluru,49,2323.58,108793.8,23.0,1,95.0,Monthly,UPI,1,0,148362.65
C109360,24.0,Female,Other,27,1052.65,27251.17,25.0,3,69.0,Monthly,Credit Card,0,0,56822.06
C109361,66.0,Female,Mumbai,8,1422.91,12159.27,16.0,2,45.0,Monthly,Credit Card,0,0,38504.9
C109362,43.0,Male,Mumbai,34,2240.45,78294.86,13.0,1,95.0,Annual,Debit Card,0,0,112608.14
C109363,50.0,Male,Mumbai,18,1760.87,34420.79,19.0,2,89.0,Annual,Bank Transfer,0,0,75115.49
C109364,54.0,Other,Delhi,51,1366.82,63761.83,17.0,3,100.0,Monthly,Debit Card,1,0,102867.78
C109365,65.0,Female,Other,12,949.76,11732.36,6.0,1,77.0,Monthly,Bank Transfer,0,0,44161.86
C109366,32.0,Female,Bengaluru,51,2591.18,142011.78,13.0,2,31.0,Annual,Bank Transfer,0,0,143965.06
C109367,19.0,Male,Hyderabad,63,2664.61,180237.59,19.0,2,72.0,Monthly,Bank Transfer,0,0,183199.21
C109368,58.0,Female,Hyderabad,40,3116.22,120537.92,1.0,2,82.0,Monthly,Credit Card,1,0,146854.42
C109369,24.0,Male,Hyderabad,22,1619.75,38085.74,14.0,1,84.0,Monthly,Credit Card,1,0,55565.2
C109370,49.0,Male,Mumbai,8,2034.7,17696.93,14.0,3,56.0,Monthly,Credit Card,1,0,52229.95
C109371,21.0,Male,Kolkata,28,2486.49,63543.5,21.0,4,37.0,Monthly,UPI,1,0,97644.27
C109372,37.0,Female,Delhi,50,1871.37,90195.87,7.0,3,47.0,Monthly,Debit Card,0,0,97021.9
C109373,67.0,Female,Other,47,2458.77,121718.8,15.0,2,63.0,Quarterly,Credit Card,1,0,137193.83
C109374,70.0,Female,Kolkata,56,2115.97,116488.29,1.0,1,64.0,Quarterly,UPI,0,0,129546.62
C109375,53.0,Male,Mumbai,32,2242.73,80332.04,11.0,3,100.0,Monthly,UPI,1,0,105299.2
C109376,49.0,Female,Mumbai,11,1488.67,15545.1,15.0,0,63.0,Annual,UPI,0,0,38714.5
C109377,45.0,Female,Delhi,21,861.75,17774.13,4.0,3,43.0,Annual,Bank Transfer,1,0,28377.71
C109378,30.0,Female,Hyderabad,26,2259.95,53106.83,11.0,2,54.0,Monthly,Bank Transfer,1,0,79296.44
C109379,18.0,Female,Mumbai,14,1765.43,26329.05,19.0,3,100.0,Monthly,Debit Card,1,0,58874.42
C109380,52.0,Male,Chennai,14,2028.82,30582.62,20.0,1,100.0,Annual,Credit Card,1,0,80103.42
C109381,65.0,Female,Delhi,3,869.14,2907.09,19.0,1,100.0,Annual,Debit Card,0,0,39165.76
C109382,47.0,Female,Mumbai,57,2673.46,163030.36,4.0,5,57.0,Monthly,Credit Card,0,0,151157.34
C109383,53.0,Female,Bengaluru,7,1534.28,10201.32,6.0,3,41.0,Monthly,Credit Card,0,0,38394.71
C109384,42.0,Female,Mumbai,39,399.0,16452.91,14.0,1,59.0,Monthly,Wallet,1,0,34123.65
C109385,33.0,Male,Bengaluru,57,3089.84,173802.98,12.0,4,100.0,Quarterly,Wallet,0,0,198131.9
C109386,36.0,Female,Hyderabad,65,1705.27,123626.74,14.0,4,33.0,Monthly,Debit Card,1,0,110952.6
C109387,18.0,Female,Delhi,25,2146.78,57371.97,10.0,2,96.0,Monthly,Bank Transfer,0,0,92596.53
C109388,22.0,Male,Bengaluru,31,3698.97,111173.36,28.0,4,40.0,Quarterly,Credit Card,0,0,147728.55
C109389,68.0,Female,Kolkata,10,1449.92,15520.17,6.0,3,36.0,Monthly,Debit Card,1,0,37778.53
C109390,39.0,Male,Hyderabad,72,1825.83,127426.62,20.0,4,72.0,Monthly,UPI,0,0,147584.28
C109391,41.0,Male,Mumbai,9,1615.27,15019.59,24.0,2,78.0,Annual,UPI,1,0,52986.4
C109392,60.0,Female,Mumbai,8,2589.53,18758.26,8.0,1,45.0,Monthly,Bank Transfer,0,0,52757.79
C109393,62.0,Male,Hyderabad,19,937.15,17571.85,24.0,3,80.0,Monthly,Wallet,0,0,56577.81
C109394,69.0,Male,Chennai,30,2930.98,78961.61,27.0,2,34.0,Annual,Credit Card,1,0,110230.07
C109395,54.0,Male,Delhi,9,2398.82,21670.84,12.0,3,69.0,Monthly,Bank Transfer,0,0,57644.65
C109396,70.0,Male,Bengaluru,47,1231.57,58932.37,17.0,2,55.0,Monthly,Debit Card,1,0,77262.41
C109397,53.0,Male,Hyderabad,46,1654.95,80640.36,15.0,1,51.0,Quarterly,Debit Card,1,0,89588.27
C109398,53.0,Male,Mumbai,1,2945.07,2845.21,24.0,2,68.0,Monthly,Credit Card,1,0,58224.07
C109399,21.0,Male,Bengaluru,3,464.91,1488.99,3.0,1,67.0,Monthly,Bank Transfer,0,0,19809.16
C109400,53.0,Male,Delhi,34,1827.67,63689.47,8.0,2,96.0,Monthly,UPI,0,0,101872.72
C109401,69.0,Female,Pune,25,1858.615,38684.94,20.0,8,71.0,Monthly,Bank Transfer,0,0,66219.16
C109402,70.0,Female,Hyderabad,30,1708.25,47792.92,19.0,0,92.0,Annual,Credit Card,0,0,92715.92
C109403,35.0,Female,Chennai,1,452.13,499.22,16.0,3,39.0,Annual,Credit Card,0,0,21090.28
C109404,67.0,Female,Chennai,18,1749.87,29058.05,21.0,0,72.0,Monthly,Debit Card,0,0,74766.81
C109405,33.0,Male,Delhi,33,545.77,16146.07,2.0,3,91.0,Monthly,UPI,0,0,34495.31
C109406,58.0,Female,Bengaluru,9,1965.29,19044.93,21.0,3,76.0,Monthly,Debit Card,0,0,55814.69
C109407,35.0,Female,Chennai,7,2019.26,13645.41,17.0,3,55.0,Monthly,Debit Card,0,0,44773.84
C109408,39.0,Male,Hyderabad,30,3040.63,98313.19,20.0,0,76.0,Annual,Credit Card,0,0,135908.39
C109409,19.0,Male,Hyderabad,13,2958.2,42442.25,13.0,1,54.0,Annual,Credit Card,1,1,71595.67
C109410,38.0,Male,Mumbai,13,1767.79,22436.34,23.0,3,100.0,Monthly,Debit Card,1,0,62704.09
C109411,53.0,Female,Hyderabad,42,2427.25,93131.52,21.0,1,76.0,Monthly,Debit Card,0,0,124299.74
C109412,61.0,Male,Hyderabad,63,2533.41,144365.9,13.0,1,51.0,Monthly,Bank Transfer,1,0,155190.55
C109413,56.0,Female,Bengaluru,69,2130.12,135711.96,11.0,1,72.0,Annual,Bank Transfer,0,0,157849.86
C109414,64.0,Male,Hyderabad,36,1535.45,52278.59,15.0,0,100.0,Monthly,UPI,0,0,82610.89
C109415,56.0,Male,Hyderabad,35,2806.68,101450.46,8.0,4,61.0,Monthly,Bank Transfer,0,0,123254.82
C109416,46.0,Female,Bengaluru,46,2164.77,105965.32,13.0,1,71.0,Annual,Credit Card,1,0,121212.83
C109417,43.0,Female,Hyderabad,45,795.66,35405.07,23.0,2,57.0,Annual,Debit Card,0,0,56377.65
C109418,38.0,Male,Pune,56,2032.97,123765.04,10.0,0,86.0,Monthly,Debit Card,1,0,137457.8
C109419,44.0,Female,Hyderabad,5,1310.17,7031.58,8.0,0,68.0,Monthly,Credit Card,0,0,35364.25
C109420,33.0,Male,Pune,44,3337.79,129516.72,26.0,1,64.0,Monthly,UPI,0,0,170827.66
C109421,48.0,Female,Chennai,28,1224.43,34871.17,18.0,1,92.0,Monthly,Bank Transfer,0,0,64893.62
C109422,68.0,Female,Delhi,42,1532.51,62924.25,17.0,3,67.0,Quarterly,Credit Card,1,0,82064.21
C109423,26.0,Female,Hyderabad,31,2444.52,75357.61,17.0,1,100.0,Quarterly,Credit Card,1,0,108386.99
C109424,48.0,Male,Kolkata,7,3722.88,26741.67,9.0,6,17.0,Quarterly,UPI,1,0,62056.32
C109425,31.0,Male,Pune,7,1702.22,12155.32,26.0,2,80.0,Monthly,Credit Card,0,0,55638.31
C109426,66.0,Female,Hyderabad,4,1417.01,6205.01,12.0,3,63.0,Annual,UPI,0,0,36119.0
C109427,54.0,Male,Hyderabad,32,1182.02,36515.81,1.0,2,49.0,Monthly,Bank Transfer,0,0,46931.17
C109428,19.0,Female,Delhi,28,706.02,20250.15,12.0,0,100.0,Monthly,UPI,1,0,59101.31
C109429,69.0,Female,Kolkata,56,1918.13,118854.42,24.0,1,84.0,Quarterly,Bank Transfer,0,0,119386.42
C109430,65.0,Male,Chennai,4,2284.97,8830.79,13.0,1,71.0,Annual,Credit Card,0,0,45187.93
C109431,63.0,Female,Mumbai,8,897.25,7175.17,24.0,1,100.0,Monthly,Credit Card,1,0,39626.2
C109432,31.0,Male,Bengaluru,14,1600.47,20101.58,16.0,3,76.0,Monthly,UPI,1,0,57446.07
C109433,50.0,Other,Chennai,30,1574.97,51894.45,11.0,2,62.0,Monthly,Wallet,1,1,71637.88
C109434,52.0,Female,Bengaluru,3,1343.27,4324.0,10.0,1,78.0,Monthly,Wallet,0,0,39261.83
C109435,56.0,Female,Bengaluru,2,2454.49,4385.87,22.0,2,6.0,Annual,Credit Card,1,1,42061.8
C109436,64.0,Male,Hyderabad,10,1429.53,15021.94,19.0,2,87.0,Quarterly,UPI,0,0,37640.09
C109437,68.0,Female,Hyderabad,70,2761.2,212164.97,6.0,2,56.0,Quarterly,Credit Card,0,0,190794.05
C109438,37.0,Female,Delhi,71,944.91,71393.7,20.0,3,43.0,Annual,UPI,0,0,89918.43
C109439,19.0,Male,Delhi,16,1955.65,31865.64,14.0,1,72.0,Annual,UPI,1,0,68704.15
C109440,68.0,Male,Bengaluru,70,522.45,40222.54,13.0,1,77.0,Monthly,Bank Transfer,0,0,50459.43
C109441,58.0,Male,Kolkata,22,2171.49,50279.75,25.0,1,100.0,Quarterly,UPI,1,0,91355.0
C109442,36.0,Other,Bengaluru,35,1637.17,51841.61,29.0,5,61.0,Monthly,Bank Transfer,0,0,91041.03
C109443,54.0,Female,Chennai,49,1653.18,75622.52,9.0,2,72.0,Monthly,Bank Transfer,0,0,105442.34
C109444,35.0,Female,Delhi,2,1682.72,3084.39,1.0,5,72.0,Annual,UPI,0,0,30814.97
C109445,33.0,Female,Pune,66,2506.06,157883.99,16.0,3,78.0,Quarterly,UPI,0,0,184050.23
C109446,21.0,Male,Kolkata,19,2493.11,44641.99,23.0,2,82.0,Monthly,UPI,1,0,83166.1
C109447,29.0,Male,Hyderabad,69,2049.81,133471.98,14.0,4,77.0,Monthly,UPI,0,0,156036.52
C109448,46.0,Male,Hyderabad,4,1773.43,6826.86,11.0,2,42.0,Annual,UPI,1,0,29332.45
C109449,24.0,Male,Delhi,41,2175.82,78985.43,8.0,2,86.0,Annual,Credit Card,0,0,120719.77
C109450,31.0,Female,Bengaluru,56,1982.88,105075.23,16.0,0,95.0,Quarterly,Debit Card,0,0,128477.62
C109451,29.0,Female,Hyderabad,55,1649.6,83566.12,5.0,1,55.0,Monthly,UPI,0,0,94821.09
C109452,52.0,Other,Mumbai,31,3370.4,93415.3,12.0,2,65.0,Monthly,Credit Card,1,0,133175.46
C109453,22.0,Male,Chennai,22,1341.07,28993.13,13.0,1,57.0,Monthly,UPI,0,0,56641.46
C109454,34.0,Female,Bengaluru,48,1792.27,92130.22,19.0,4,34.0,Quarterly,Debit Card,1,0,104056.5
C109455,59.0,Female,Bengaluru,4,1510.04,6033.63,20.0,4,86.0,Monthly,UPI,1,0,42864.2
C109456,49.0,Male,Hyderabad,21,2970.96,65439.17,12.0,1,66.0,Monthly,Debit Card,0,0,107065.87
C109457,27.0,Female,Hyderabad,41,1365.17,50816.27,7.0,2,79.0,Quarterly,Wallet,1,0,72674.71
C109458,60.0,Male,Chennai,45,2410.29,106977.32,5.0,2,70.0,Quarterly,Debit Card,0,0,121795.17
C109459,34.0,Female,Bengaluru,8,1235.6,9196.52,22.0,0,54.0,Quarterly,UPI,0,0,53494.51
C109460,22.0,Female,Kolkata,9,2126.36,17336.53,26.0,0,71.0,Annual,Credit Card,0,0,64165.11
C109461,62.0,Female,Hyderabad,18,3143.78,52962.77,6.0,6,71.0,Quarterly,UPI,0,0,93289.78
C109462,59.0,Male,Kolkata,31,840.2,27849.69,28.0,1,49.0,Monthly,UPI,0,0,57736.34
C109463,26.0,Male,Chennai,35,1447.25,51562.33,29.0,1,100.0,Annual,Debit Card,0,0,84572.98
C109464,66.0,Male,Bengaluru,30,3376.81,94718.36,8.0,1,75.0,Monthly,Debit Card,0,0,137705.04
C109465,50.0,Female,Bengaluru,18,2520.42,42377.95,14.0,1,52.0,Monthly,Debit Card,1,1,76340.36
C109466,53.0,Female,Bengaluru,41,560.71,21565.34,20.0,1,59.0,Quarterly,Debit Card,0,0,40182.24
C109467,53.0,Male,Mumbai,24,1441.75,37021.38,14.0,1,60.0,Monthly,Credit Card,0,0,63355.26
C109468,35.0,Female,Bengaluru,48,1565.23,77512.98,13.0,1,67.0,Monthly,Credit Card,0,0,92940.37
C109469,26.0,Male,Delhi,14,2269.95,29935.07,23.0,1,60.0,Quarterly,Wallet,0,0,64252.27
C109470,46.0,Male,Chennai,19,2478.05,45728.2,20.0,3,82.0,Annual,Debit Card,1,0,88571.31
C109471,67.0,Female,Delhi,60,1982.04,114614.28,8.0,1,69.0,Quarterly,UPI,0,0,131771.97
C109472,31.0,Female,Mumbai,22,958.32,20001.86,19.0,2,100.0,Monthly,Debit Card,0,0,56971.06
C109473,42.0,Male,Bengaluru,30,2721.87,87059.71,17.0,0,39.0,Monthly,Bank Transfer,0,0,117602.69
C109474,32.0,Male,Pune,15,2310.13,34111.7,14.0,4,91.0,Monthly,UPI,1,0,73617.4
C109475,23.0,Female,Pune,21,1507.28,29771.77,12.0,3,92.0,Monthly,Debit Card,1,0,68933.41
C109476,59.0,Male,Other,26,3471.49,92715.55,8.0,5,100.0,Monthly,UPI,0,0,136635.35
C109477,46.0,Female,Hyderabad,12,1620.2,19863.49,13.0,2,100.0,Quarterly,UPI,0,0,61834.07
C109478,32.0,Female,Pune,7,2342.75,16801.61,12.0,6,57.0,Monthly,Credit Card,0,0,54059.68
C109479,46.0,Male,Kolkata,35,3596.26,128008.13,19.0,2,74.0,Annual,UPI,0,0,157568.34
C109480,21.0,Male,Delhi,68,1804.65,135210.67,25.0,2,100.0,Monthly,Bank Transfer,0,0,147046.41
C109481,35.0,Female,Mumbai,2,1422.75,2793.31,12.0,0,40.0,Monthly,Credit Card,0,0,33359.7
C109482,67.0,Female,Other,20,2296.74,50290.99,16.0,6,100.0,Monthly,UPI,1,0,74033.78
C109483,66.0,Female,Other,47,2126.54,108180.42,8.0,1,78.0,Annual,Bank Transfer,0,0,120991.05
C109484,61.0,Male,Delhi,12,2913.26,38689.52,14.0,4,78.0,Annual,Wallet,0,0,83567.34
C109485,56.0,Female,Bengaluru,53,2578.79,142238.92,19.0,1,85.0,Annual,UPI,0,0,158100.09
C109486,33.0,Male,Pune,17,2706.95,49291.0,14.0,0,55.0,Annual,Debit Card,0,0,83269.47
C109487,28.0,Female,Hyderabad,18,1495.13,23846.29,13.0,1,79.0,Annual,UPI,0,0,56493.59
C109488,31.0,Female,Bengaluru,24,2423.34,62939.43,13.0,4,50.0,Quarterly,Credit Card,1,0,93475.69
C109489,20.0,Male,Other,72,1028.84,71227.12,18.0,3,84.0,Quarterly,Debit Card,0,0,98691.6
C109490,68.0,Male,Pune,37,2223.4,89935.2,14.0,2,57.0,Monthly,UPI,0,0,102353.37
C109491,67.0,Male,Other,30,2478.95,72506.94,8.0,1,79.0,Annual,Credit Card,1,0,98322.88
C109492,59.0,Female,Mumbai,52,1858.615,21822.44,22.0,1,66.0,Quarterly,UPI,0,0,40640.47
C109493,55.0,Male,Chennai,23,2809.94,71938.22,10.0,4,72.0,Annual,UPI,0,0,100586.66
C109494,62.0,Female,Other,37,1731.9,67640.86,23.0,3,56.0,Monthly,Credit Card,0,0,89645.89
C109495,59.0,Male,Bengaluru,24,1672.98,39497.16,6.0,4,34.0,Annual,UPI,0,0,58822.83
C109496,35.0,Female,Pune,50,1744.31,89336.57,30.0,3,58.0,Quarterly,Debit Card,0,0,104344.34
C109497,37.0,Female,Mumbai,20,890.36,16884.14,24.0,2,54.0,Monthly,Debit Card,1,0,26615.49
C109498,65.0,Other,Bengaluru,47,2880.36,144747.46,6.0,0,95.0,Monthly,Debit Card,0,0,156827.04
C109499,42.0,Female,Hyderabad,18,2560.25,46521.97,15.0,3,75.0,Annual,Bank Transfer,0,0,82063.19
C109500,55.0,Male,Chennai,26,3162.88,76001.96,15.0,1,59.0,Monthly,Debit Card,1,0,115707.11
C109501,44.0,Male,Mumbai,71,1686.0,121111.46,10.0,2,48.0,Monthly,Bank Transfer,0,0,128401.95
C109502,21.0,Male,Hyderabad,43,1580.05,68378.06,25.0,1,60.0,Monthly,Credit Card,0,0,97220.14
C109503,31.0,Female,Chennai,47,2432.92,104675.69,21.0,7,100.0,Monthly,Credit Card,0,0,132608.55
C109504,50.0,Male,Mumbai,43,2755.02,108625.67,21.0,1,100.0,Annual,Debit Card,1,0,156018.62
C109505,44.0,Male,Delhi,32,2637.28,85333.21,21.0,2,74.0,Monthly,Debit Card,0,0,116139.24
C109506,69.0,Male,Hyderabad,7,2524.1,19233.6,10.0,3,93.0,Monthly,Debit Card,0,0,61560.69
C109507,54.0,Female,Delhi,32,2983.74,98974.93,17.0,1,100.0,Quarterly,UPI,0,0,143744.45
C109508,25.0,Male,Hyderabad,65,2576.56,178974.6,19.0,0,46.0,Annual,UPI,1,0,165067.53
C109509,61.0,Male,Hyderabad,58,2423.85,143830.04,7.0,1,75.0,Annual,UPI,1,0,155286.57
C109510,51.0,Male,Hyderabad,53,2852.94,137114.4,12.0,1,63.0,Monthly,Bank Transfer,0,0,168615.0
C109511,61.0,Female,Delhi,34,1316.1,41562.83,17.0,2,58.0,Annual,Credit Card,0,0,66723.4
C109512,22.0,Female,Hyderabad,69,2334.08,173470.95,6.0,2,78.0,Quarterly,Bank Transfer,0,0,179111.86
C109513,22.0,Male,Hyderabad,56,1275.35,68397.29,17.0,0,83.0,Monthly,Bank Transfer,0,0,86040.36
C109514,48.0,Female,Hyderabad,66,2008.19,141440.21,14.0,1,61.0,Quarterly,Credit Card,1,0,135006.39
C109515,62.0,Male,Other,32,2352.88,73892.89,4.0,2,74.0,Annual,UPI,1,0,94407.86
C109516,26.0,Male,Kolkata,50,1076.24,53596.82,21.0,0,72.0,Quarterly,Credit Card,0,0,81637.99
C109517,59.0,Male,Hyderabad,24,2032.41,46443.35,27.0,1,97.0,Annual,Wallet,1,0,96793.17
C109518,49.0,Female,Bengaluru,46,1930.34,84824.41,13.0,2,80.0,Monthly,UPI,0,0,101453.7
C109519,50.0,Female,Other,3,1954.57,5385.7,11.0,1,93.0,Quarterly,Credit Card,1,0,49744.79
C109520,20.0,Male,Hyderabad,10,2324.74,23820.63,17.0,2,100.0,Monthly,UPI,0,0,71882.46
C109521,47.0,Female,Hyderabad,6,2345.6,14361.09,19.0,2,48.0,Annual,UPI,1,0,53849.38
C109522,67.0,Male,Hyderabad,52,1965.84,101648.1,6.0,2,93.0,Quarterly,UPI,0,0,133561.81
C109523,29.0,Other,Other,50,1811.16,98724.73,20.0,6,64.0,Quarterly,Credit Card,1,0,105852.78
C109524,46.0,Female,Pune,58,1597.28,81818.97,15.0,2,56.0,Quarterly,UPI,1,0,92783.76
C109525,20.0,Female,Hyderabad,52,2003.12,101216.31,4.0,1,98.0,Quarterly,Bank Transfer,0,0,113920.4
C109526,43.0,Female,Hyderabad,13,1288.05,17122.08,11.0,1,61.0,Annual,Wallet,0,0,46027.15
C109527,47.0,Other,Other,59,1573.99,83377.52,15.0,6,9.0,Quarterly,UPI,0,0,85032.56
C109528,44.0,Other,Chennai,39,1803.54,62265.3,13.0,2,31.0,Monthly,Bank Transfer,0,0,92962.3
C109529,43.0,Female,Mumbai,53,797.11,44454.04,17.0,1,83.0,Monthly,Wallet,1,0,60131.09
C109530,19.0,Male,Bengaluru,58,2268.79,123620.88,16.0,4,65.0,Monthly,Credit Card,0,0,144093.43
C109531,20.0,Male,Pune,20,1641.43,33523.62,11.0,4,64.0,Monthly,Debit Card,0,0,50077.92
C109532,63.0,Male,Hyderabad,63,1729.84,112381.35,25.0,1,77.0,Quarterly,Debit Card,0,0,131526.14
C109533,21.0,Female,Pune,10,1913.01,18941.44,4.0,1,40.0,Monthly,Debit Card,1,0,37422.6
C109534,42.0,Male,Bengaluru,26,1061.05,29967.02,10.0,2,96.0,Monthly,Bank Transfer,1,0,65843.97
C109535,68.0,Female,Hyderabad,19,1862.58,33219.26,21.0,4,100.0,Monthly,Wallet,0,0,75976.79
C109536,30.0,Female,Chennai,61,1473.0,86860.74,20.0,1,100.0,Quarterly,Bank Transfer,0,0,114253.7
C109537,56.0,Female,Pune,34,2356.82,75393.74,14.0,1,54.0,Quarterly,Credit Card,1,0,95824.03
C109538,61.0,Male,Chennai,44,2271.05,91545.75,25.0,3,70.0,Monthly,Bank Transfer,1,0,133396.14
C109539,52.0,Female,Hyderabad,18,1253.14,24920.82,9.0,4,53.0,Monthly,Bank Transfer,0,0,40571.7
C109540,40.0,Male,Mumbai,72,1743.3,114883.71,20.0,0,72.0,Monthly,UPI,0,0,149327.67
C109541,26.0,Female,Delhi,16,1023.68,17618.38,5.0,4,88.0,Monthly,UPI,1,0,33046.82
C109542,19.0,Female,Pune,26,1292.96,35566.18,14.0,1,54.0,Monthly,Bank Transfer,0,0,61029.89
C109543,58.0,Male,Chennai,65,1909.77,129552.31,17.0,3,66.0,Monthly,Wallet,0,0,140543.56
C109544,61.0,Female,Hyderabad,66,2329.13,135715.5,18.0,0,92.0,Monthly,Credit Card,0,0,179332.05
C109545,48.0,Male,Mumbai,27,1633.66,39224.62,11.0,4,47.0,Monthly,Credit Card,0,0,62813.84
C109546,61.0,Male,Bengaluru,4,1557.82,6485.38,6.0,2,74.0,Monthly,Wallet,0,0,37048.92
C109547,64.0,Male,Other,51,2282.48,124469.28,27.0,3,78.0,Quarterly,Debit Card,0,0,159044.43
C109548,19.0,Female,Mumbai,3,2083.32,6811.55,15.0,4,100.0,Quarterly,Credit Card,0,0,46242.11
C109549,49.0,Male,Chennai,66,866.97,58307.79,15.0,2,100.0,Monthly,Debit Card,1,0,71125.44
C109550,35.0,Female,Bengaluru,16,1670.63,25557.24,11.0,3,82.0,Monthly,UPI,0,0,57222.93
C109551,30.0,Male,Bengaluru,28,1604.03,45155.11,22.0,0,90.0,Monthly,Debit Card,1,0,79255.28
C109552,63.0,Male,Mumbai,44,1752.47,82354.76,23.0,1,84.0,Annual,Bank Transfer,0,0,99658.28
C109553,22.0,Female,Bengaluru,18,1710.74,31217.75,11.0,1,72.0,Annual,UPI,0,0,62459.73
C109554,59.0,Male,Kolkata,2,2413.86,4743.36,28.0,2,100.0,Annual,Debit Card,0,0,78071.51
C109555,61.0,Female,Chennai,44,986.03,39754.58,11.0,1,74.0,Quarterly,Wallet,0,0,51209.33
C109556,27.0,Male,Bengaluru,20,2786.85,61930.8,11.0,3,100.0,Annual,Bank Transfer,0,0,91758.81
C109557,60.0,Male,Hyderabad,56,1775.82,88157.17,9.0,1,64.0,Monthly,Bank Transfer,0,0,123076.22
C109558,42.0,Female,Delhi,23,1794.51,36584.26,9.0,2,81.0,Quarterly,UPI,1,0,63798.87
C109559,51.0,Female,Hyderabad,60,2927.61,166733.37,17.0,2,64.0,Monthly,UPI,0,0,183878.8
C109560,54.0,Female,Chennai,71,2378.36,173978.68,11.0,2,99.0,Monthly,Debit Card,1,0,171080.92
C109561,47.0,Female,Mumbai,45,1464.48,64941.36,8.0,2,49.0,Monthly,Debit Card,0,0,77554.65
C109562,24.0,Male,Bengaluru,47,1858.615,100645.54,12.0,4,77.0,Monthly,Bank Transfer,1,0,117258.11
C109563,23.0,Male,Pune,37,1445.28,51277.1,22.0,1,75.0,Monthly,UPI,1,0,78596.69
C109564,20.0,Male,Delhi,8,1855.17,13785.83,2.0,4,66.0,Monthly,Debit Card,0,0,49380.49
C109565,30.0,Female,Other,5,1148.94,5423.23,20.0,2,46.0,Monthly,Bank Transfer,0,0,39010.62
C109566,20.0,Female,Mumbai,23,1654.63,42578.9,9.0,0,85.0,Quarterly,Debit Card,1,0,65509.05
C109567,43.0,Male,Mumbai,10,2022.89,20595.31,25.0,2,28.0,Monthly,Debit Card,0,0,61381.64
C109568,41.0,Male,Bengaluru,27,1651.41,44391.13,27.0,6,81.0,Quarterly,Credit Card,1,0,75716.58
C109569,70.0,Male,Chennai,1,1659.81,1549.43,12.0,2,36.0,Annual,UPI,1,1,31430.3
C109570,23.0,Female,Hyderabad,71,2953.52,193588.57,28.0,2,74.0,Quarterly,UPI,1,0,217093.43
C109571,60.0,Female,Delhi,8,1688.44,11936.96,9.0,2,58.0,Monthly,Debit Card,1,0,37144.16
C109572,66.0,Male,Bengaluru,11,1250.94,14558.2,5.0,1,57.0,Monthly,Credit Card,0,0,48533.85
C109573,59.0,Male,Mumbai,28,1678.97,48410.83,3.0,1,100.0,Monthly,Credit Card,1,0,76952.18
C109574,29.0,Male,Bengaluru,34,2059.51,70338.33,5.0,4,82.0,Annual,Credit Card,1,0,97735.19
C109575,66.0,Female,Delhi,43,2194.33,93172.0,14.0,1,72.0,Monthly,Bank Transfer,0,0,123765.58
C109576,53.0,Female,Chennai,28,1922.88,56949.21,6.0,1,72.0,Quarterly,UPI,0,1,83507.41
C109577,19.0,Male,Mumbai,49,1768.48,90823.14,33.0,2,53.0,Monthly,UPI,1,0,112684.73
C109578,28.0,Female,Other,61,2204.9,132685.27,12.0,4,16.0,Annual,Debit Card,1,0,127547.3
C109579,56.0,Female,Delhi,37,3230.19,115446.14,9.0,1,100.0,Monthly,Debit Card,1,0,141932.71
C109580,51.0,Male,Bengaluru,3,1280.83,3415.11,11.0,5,75.0,Quarterly,Bank Transfer,0,0,38395.46
C109581,43.0,Female,Mumbai,9,1255.71,10299.78,18.0,3,100.0,Quarterly,UPI,0,0,51305.78
C109582,35.0,Male,Chennai,2,2651.42,5562.25,19.0,6,82.0,Monthly,Credit Card,0,0,63946.46
C109583,38.0,Female,Pune,23,1332.29,30767.47,22.0,1,83.0,Monthly,UPI,0,0,69467.95
C109584,53.0,Male,Pune,51,1479.16,70656.66,15.0,2,72.0,Monthly,UPI,0,0,87947.85
C109585,57.0,Male,Bengaluru,17,2129.26,35523.04,24.0,1,100.0,Quarterly,Debit Card,0,0,80811.39
C109586,69.0,Female,Pune,25,1449.18,39133.69,14.0,3,60.0,Monthly,Credit Card,0,0,64043.94
C109587,63.0,Female,Hyderabad,27,2458.67,59113.59,16.0,2,87.0,Monthly,Debit Card,0,0,101962.22
C109588,61.0,Male,Pune,20,1433.59,31365.65,15.0,0,79.0,Monthly,Debit Card,0,0,63975.56
C109589,39.0,Other,Bengaluru,36,1440.21,47823.51,14.0,6,100.0,Monthly,UPI,0,0,82988.6
C109590,70.0,Male,Bengaluru,28,2812.19,87158.57,14.0,1,100.0,Monthly,Bank Transfer,0,0,123058.38
C109591,47.0,Male,Pune,29,1661.43,50761.59,9.0,2,33.0,Monthly,Debit Card,1,0,67281.09
C109592,67.0,Female,Chennai,42,1010.52,38971.49,4.0,2,43.0,Monthly,UPI,0,0,55293.32
C109593,60.0,Male,Other,58,3379.16,176766.31,23.0,1,99.0,Monthly,UPI,0,0,217210.05
C109594,47.0,Male,Hyderabad,32,1828.48,55812.36,14.0,2,75.0,Quarterly,UPI,1,0,82195.16
C109595,25.0,Female,Chennai,12,1584.04,19774.61,10.0,3,80.0,Quarterly,UPI,0,0,49208.68
C109596,51.0,Male,Delhi,30,1367.16,36599.58,17.0,1,59.0,Monthly,UPI,1,0,64404.72
C109597,64.0,Other,Hyderabad,60,1988.14,131569.85,23.0,3,78.0,Monthly,Bank Transfer,0,0,130500.45
C109598,26.0,Male,Hyderabad,11,2212.33,23759.44,21.0,2,37.0,Annual,Bank Transfer,0,0,62644.08
C109599,68.0,Female,Hyderabad,11,3060.54,31933.45,15.0,2,56.0,Monthly,Credit Card,1,0,75032.26
C109600,37.0,Male,Other,50,1661.29,89324.27,8.0,7,100.0,Monthly,Credit Card,0,0,97125.11
C109601,57.0,Male,Pune,1,2420.33,2637.06,8.0,3,50.0,Monthly,UPI,0,0,39959.1
C109602,42.0,Female,Bengaluru,27,3717.75,105366.3,11.0,3,96.0,Quarterly,Debit Card,1,0,139365.3
C109603,36.0,Female,Hyderabad,32,2109.57,67685.52,18.0,2,62.0,Monthly,Debit Card,0,0,105248.71
C109604,22.0,Female,Hyderabad,6,2214.44,11789.05,19.0,4,76.0,Annual,Debit Card,0,0,56315.27
C109605,28.0,Male,Mumbai,41,2005.71,89079.6,16.0,1,78.0,Monthly,Bank Transfer,0,0,104318.93
C109606,32.0,Female,Other,36,2015.31,66702.67,25.0,2,60.0,Monthly,UPI,1,0,101189.51
C109607,25.0,Male,Delhi,39,1608.62,63963.59,16.0,2,89.0,Quarterly,Debit Card,1,0,92549.67
C109608,36.0,Female,Bengaluru,30,958.71,27786.28,22.0,4,100.0,Monthly,Debit Card,1,0,61856.78
C109609,40.0,Female,Mumbai,57,2307.35,132337.3,2.0,2,79.0,Monthly,Bank Transfer,1,0,139014.62
C109610,44.0,Male,Other,11,1620.01,18783.33,19.0,1,49.0,Monthly,Credit Card,0,0,46826.29
C109611,57.0,Female,Mumbai,3,1632.58,5273.75,30.0,1,90.0,Monthly,Credit Card,1,0,45825.17
C109612,49.0,Male,Other,48,2480.02,121484.37,17.0,1,100.0,Annual,Debit Card,0,0,154822.63
C109613,43.0,Female,Hyderabad,6,1603.73,9237.18,15.0,1,59.0,Monthly,Wallet,0,0,47053.85
C109614,44.0,Female,Delhi,7,2670.32,19481.01,17.0,2,79.0,Monthly,Bank Transfer,0,0,63971.08
C109615,36.0,Male,Delhi,44,998.72,40934.41,16.0,1,55.0,Monthly,Debit Card,1,0,63305.12
C109616,67.0,Female,Delhi,61,1852.29,123589.61,7.0,0,53.0,Monthly,Credit Card,1,0,118499.86
C109617,59.0,Male,Mumbai,54,1153.12,55269.62,17.0,1,67.0,Quarterly,UPI,0,0,79208.97
C109618,46.0,Female,Hyderabad,51,1164.52,63666.34,12.0,1,75.0,Monthly,Bank Transfer,0,0,82862.25
C109619,56.0,Male,Hyderabad,48,1755.87,76370.47,13.0,2,99.0,Annual,UPI,1,0,112063.78
C109620,58.0,Female,Kolkata,61,2156.13,144725.75,10.0,1,63.0,Monthly,UPI,0,0,146365.79
C109621,50.0,Male,Bengaluru,40,2386.08,92824.04,20.0,1,70.0,Annual,UPI,1,0,139039.92
C109622,36.0,Male,Other,3,2478.05,7374.01,6.0,4,92.0,Monthly,Wallet,0,0,50358.99
C109623,54.0,Female,Delhi,30,945.73,27957.56,12.0,4,65.0,Monthly,UPI,0,0,46601.43
C109624,36.0,Male,Chennai,24,1722.67,42046.23,23.0,2,95.0,Annual,UPI,0,0,84562.41
C109625,50.0,Male,Kolkata,67,1723.88,118909.05,22.0,3,56.0,Monthly,Debit Card,0,0,137054.06
C109626,64.0,Female,Pune,2,3227.15,7168.81,13.0,3,71.0,Annual,UPI,0,0,65228.67
C109627,33.0,Female,Chennai,44,679.3,26963.78,3.0,1,97.0,Monthly,UPI,0,0,57858.04
C109628,40.0,Female,Hyderabad,40,1952.33,82498.43,25.0,3,45.0,Monthly,Credit Card,0,0,105071.95
C109629,24.0,Male,Kolkata,19,1731.81,30105.58,14.0,4,70.0,Quarterly,UPI,0,0,62373.14
C109630,43.0,Female,Pune,63,717.1,45376.06,11.0,1,72.0,Annual,Credit Card,0,0,56776.7
C109631,49.0,Male,Pune,24,2651.93,63063.27,16.0,1,84.0,Annual,Wallet,1,0,97914.06
C109632,29.0,Female,Pune,50,1501.61,83641.69,17.0,0,87.0,Annual,Credit Card,0,0,103581.14
C109633,25.0,Female,Bengaluru,20,2610.18,46916.9,14.0,2,38.0,Monthly,Wallet,0,0,91655.21
C109634,22.0,Female,Pune,57,1258.71,67692.97,16.0,3,67.0,Monthly,Wallet,0,0,87751.56
C109635,59.0,Male,Hyderabad,50,1738.41,76773.75,17.0,2,35.0,Annual,UPI,0,0,85078.29
C109636,45.0,Female,Bengaluru,58,2595.48,164537.46,6.0,3,69.0,Quarterly,Debit Card,1,0,145259.37
C109637,70.0,Female,Hyderabad,31,1614.78,48209.23,10.0,2,81.0,Annual,Credit Card,0,0,89685.97
C109638,22.0,Female,Hyderabad,37,2170.99,70882.14,21.0,5,95.0,Monthly,Credit Card,0,0,114970.24
C109639,66.0,Male,Mumbai,4,612.36,2580.4,23.0,3,100.0,Monthly,Credit Card,1,0,35364.18
C109640,43.0,Female,Hyderabad,58,1951.52,101756.35,22.0,1,90.0,Quarterly,Debit Card,0,0,137536.61
C109641,22.0,Female,Hyderabad,10,2120.67,21486.06,11.0,1,72.0,Monthly,UPI,0,0,58937.84
C109642,39.0,Male,Bengaluru,63,2496.45,162733.49,21.0,0,87.0,Monthly,Debit Card,0,0,177021.54
C109643,32.0,Male,Delhi,36,1917.18,66672.97,10.0,3,83.0,Quarterly,Bank Transfer,1,0,92191.56
C109644,30.0,Male,Chennai,55,1362.94,75570.04,12.0,2,80.0,Annual,UPI,0,0,102678.75
C109645,45.0,Male,Chennai,57,1414.91,88152.01,8.0,2,49.0,Monthly,Credit Card,0,0,87610.36
C109646,44.0,Male,Pune,43,708.74,27857.65,13.0,3,85.0,Monthly,Credit Card,0,0,52201.11
C109647,60.0,Male,Chennai,65,1661.43,114860.67,11.0,0,100.0,Annual,UPI,0,0,126950.06
C109648,40.0,Female,Bengaluru,12,1996.94,22266.56,23.0,2,100.0,Annual,Credit Card,1,0,64294.44
C109649,50.0,Female,Other,62,2003.49,129127.84,6.0,1,93.0,Monthly,UPI,1,0,134390.86
C109650,60.0,Male,Hyderabad,24,999.73,25890.99,19.0,5,64.0,Quarterly,Debit Card,0,0,48055.14
C109651,35.0,Female,Bengaluru,2,2364.92,4310.89,26.0,2,58.0,Monthly,UPI,0,0,59703.61
C109652,67.0,Female,Mumbai,47,1973.07,95766.55,12.0,5,55.0,Annual,Debit Card,0,0,118100.51
C109653,70.0,Male,Pune,56,2372.71,142950.07,25.0,3,84.0,Quarterly,Bank Transfer,0,0,155197.1
C109654,47.0,Male,Pune,16,2926.23,51174.1,5.0,2,88.0,Monthly,Debit Card,1,0,84566.34
C109655,43.0,Female,Hyderabad,34,1643.12,52280.93,24.0,3,98.0,Annual,Bank Transfer,1,0,76450.9
C109656,33.0,Female,Delhi,18,2116.32,35550.82,7.0,3,57.0,Annual,Credit Card,0,0,73113.03
C109657,30.0,Female,Delhi,29,1222.38,34561.87,16.0,2,57.0,Monthly,Debit Card,1,1,58606.88
C109658,56.0,Female,Hyderabad,54,1448.72,84719.26,6.0,2,51.0,Monthly,Credit Card,0,0,90237.87
C109659,50.0,Male,Hyderabad,51,1513.11,84974.69,18.0,3,60.0,Quarterly,Debit Card,0,0,103943.45
C109660,43.0,Female,Pune,14,1612.2,23032.34,29.0,2,100.0,Quarterly,Wallet,0,0,65421.92
C109661,65.0,Male,Bengaluru,58,1740.24,110198.12,11.0,3,55.0,Quarterly,Credit Card,1,0,116616.84
C109662,18.0,Male,Hyderabad,35,2518.87,78830.03,6.0,1,86.0,Monthly,Credit Card,1,0,113144.69
C109663,66.0,Male,Bengaluru,9,1128.63,9187.51,12.0,6,18.0,Monthly,Credit Card,1,0,4362.61
C109664,55.0,Male,Hyderabad,37,2000.28,68392.44,21.0,0,83.0,Annual,Credit Card,0,0,106520.05
C109665,19.0,Female,Bengaluru,12,2487.74,30663.21,19.0,5,55.0,Annual,Credit Card,1,0,66951.94
C109666,66.0,Female,Bengaluru,11,2844.58,30168.7,35.0,4,22.0,Annual,UPI,0,0,76321.71
C109667,23.0,Female,Bengaluru,27,949.88,23840.98,16.0,3,39.0,Quarterly,Credit Card,0,0,57526.82
C109668,63.0,Male,Kolkata,43,2232.96,100508.8,24.0,2,75.0,Monthly,Credit Card,0,0,127741.76
C109669,67.0,Other,Bengaluru,50,1329.49,67339.38,2.0,1,80.0,Quarterly,UPI,1,0,83296.3
C109670,55.0,Female,Chennai,20,2023.65,45291.1,26.0,3,96.0,Monthly,Debit Card,0,0,87862.91
C109671,59.0,Male,Other,13,1858.615,25255.68,14.0,2,100.0,Monthly,Credit Card,1,0,64376.9
C109672,41.0,Female,Kolkata,47,2175.5,97526.13,14.0,4,56.0,Annual,Wallet,1,0,101633.72
C109673,35.0,Female,Bengaluru,8,2129.45,17367.03,4.0,1,70.0,Monthly,UPI,1,0,48070.92
C109674,44.0,Male,Bengaluru,69,1244.09,83276.81,11.0,3,96.0,Monthly,UPI,1,0,104618.0
C109675,58.0,Female,Mumbai,71,2018.3,148549.36,12.0,3,100.0,Monthly,Bank Transfer,0,0,154033.88
C109676,25.0,Female,Kolkata,64,2504.63,161978.81,19.0,4,94.0,Annual,Bank Transfer,0,0,167212.11
C109677,45.0,Female,Hyderabad,44,1524.84,74012.95,14.0,5,97.0,Monthly,Credit Card,0,0,101037.18
C109678,27.0,Female,Chennai,12,1121.48,13844.17,31.0,2,87.0,Quarterly,Credit Card,0,0,48190.18
C109679,34.0,Male,Pune,4,574.71,2245.53,2.0,2,61.0,Monthly,UPI,0,0,20823.95
C109680,46.0,Female,Chennai,40,1635.21,68032.08,18.0,2,52.0,Quarterly,UPI,0,0,87399.9
C109681,23.0,Female,Delhi,19,2566.35,51089.13,1.0,4,43.0,Quarterly,Credit Card,0,0,79648.04
C109682,31.0,Male,Delhi,54,1541.17,89088.41,15.0,1,78.0,Monthly,Debit Card,0,0,111967.65
C109683,39.0,Male,Hyderabad,1,1913.17,1844.92,18.0,3,41.0,Monthly,UPI,1,0,38803.36
C109684,23.0,Female,Chennai,13,2217.51,28286.65,14.0,0,98.0,Annual,Bank Transfer,0,0,65274.03
C109685,43.0,Male,Mumbai,50,2730.32,129519.1,25.0,2,82.0,Quarterly,UPI,1,0,155463.97
C109686,56.0,Female,Delhi,53,446.51,22560.51,20.0,1,100.0,Monthly,Bank Transfer,1,0,43269.14
C109687,29.0,Female,Pune,42,2413.27,98849.27,18.0,3,68.0,Quarterly,Credit Card,0,0,131802.1
C109688,52.0,Male,Pune,25,1813.58,42392.41,17.0,5,69.0,Monthly,Debit Card,1,0,77003.9
C109689,31.0,Male,Hyderabad,44,2402.05,100858.75,11.0,2,55.0,Quarterly,Credit Card,0,0,109063.63
C109690,39.0,Male,Delhi,61,2285.37,147321.24,13.0,2,52.0,Monthly,Wallet,0,0,148279.95
C109691,68.0,Female,Mumbai,21,1441.27,27746.7,30.0,1,81.0,Monthly,Bank Transfer,0,0,70273.14
C109692,40.0,Female,Mumbai,51,2750.8,138073.63,13.0,0,85.0,Monthly,UPI,1,0,160857.44
C109693,65.0,Female,Bengaluru,52,3179.99,161598.66,7.0,3,59.0,Annual,Credit Card,0,0,179816.7
C109694,24.0,Male,Delhi,63,2819.27,176261.14,26.0,1,90.0,Annual,UPI,0,0,190275.12
C109695,57.0,Female,Delhi,54,3362.83,171773.4,22.0,2,56.0,Annual,Bank Transfer,0,0,188056.57
C109696,67.0,Female,Mumbai,10,1675.63,15937.37,13.0,3,37.0,Quarterly,Bank Transfer,1,0,48279.49
C109697,42.0,Male,Kolkata,59,1481.8,79109.07,8.0,2,88.0,Annual,UPI,0,0,100190.55
C109698,30.0,Female,Hyderabad,8,2266.48,16894.93,25.0,3,100.0,Quarterly,Debit Card,0,0,68507.08
C109699,38.0,Male,Bengaluru,51,2000.69,106577.91,13.0,1,84.0,Monthly,UPI,0,0,121387.29
C109700,58.0,Female,Mumbai,5,2421.08,10759.43,19.0,3,42.0,Annual,UPI,1,0,63796.84
C109701,27.0,Male,Other,42,1682.7,69565.22,22.0,2,73.0,Annual,Debit Card,0,0,93877.49
C109702,70.0,Male,Hyderabad,12,2998.41,38850.2,15.0,2,57.0,Quarterly,Wallet,1,0,68211.63
C109703,26.0,Female,Bengaluru,24,2170.1,46728.52,22.0,3,79.0,Annual,Credit Card,1,0,91707.25
C109704,32.0,Female,Kolkata,45,1301.88,52321.48,13.0,3,45.0,Annual,Bank Transfer,1,0,57779.53
C109705,69.0,Male,Kolkata,53,1913.53,90495.51,9.0,3,94.0,Monthly,Debit Card,0,0,116647.76
C109706,19.0,Female,Kolkata,53,2176.74,118443.24,5.0,2,58.0,Monthly,UPI,1,0,122089.31
C109707,42.0,Female,Bengaluru,17,1215.45,22480.08,22.0,1,92.0,Monthly,Debit Card,0,0,59854.34
C109708,30.0,Male,Pune,65,2160.21,149666.8,12.0,1,85.0,Monthly,UPI,0,0,155719.58
C109709,51.0,Female,Mumbai,58,2140.35,135153.52,16.0,1,68.0,Annual,Bank Transfer,0,0,141203.02
C109710,68.0,Female,Mumbai,37,1352.32,51220.09,16.0,2,41.0,Annual,Credit Card,1,0,84951.22
C109711,51.0,Female,Bengaluru,42,1368.64,55585.06,16.0,5,100.0,Quarterly,UPI,0,0,77381.7
C109712,52.0,Male,Delhi,70,1895.33,138616.72,12.0,3,100.0,Quarterly,Debit Card,0,0,148663.51
C109713,55.0,Female,Bengaluru,40,1831.45,68172.76,11.0,0,56.0,Monthly,Wallet,0,0,88538.98
C109714,20.0,Female,Bengaluru,23,887.61,18473.78,16.0,3,46.0,Annual,UPI,0,0,44187.25
C109715,59.0,Female,Delhi,23,2351.5,60233.12,1.0,1,94.0,Annual,Credit Card,1,0,95461.77
C109716,23.0,Male,Bengaluru,49,1936.06,90004.34,1.0,4,58.0,Monthly,Bank Transfer,0,0,109855.66
C109717,65.0,Female,Bengaluru,7,2305.89,16536.63,19.0,2,54.0,Monthly,Bank Transfer,0,0,64526.59
C109718,66.0,Male,Bengaluru,37,2132.09,86931.8,25.0,2,53.0,Monthly,Credit Card,1,0,102914.88
C109719,36.0,Female,Pune,16,1610.83,28028.97,19.0,3,94.0,Quarterly,Wallet,0,0,62082.6
C109720,20.0,Female,Bengaluru,38,1836.44,67271.06,27.0,2,74.0,Monthly,Debit Card,1,0,86640.57
C109721,35.0,Male,Pune,40,3377.36,133272.23,20.0,3,93.0,Monthly,Bank Transfer,0,0,169350.31
C109722,56.0,Male,Delhi,29,1290.57,38855.33,18.0,2,67.0,Monthly,Debit Card,1,0,68173.02
C109723,26.0,Female,Delhi,17,1576.21,26992.96,6.0,0,36.0,Quarterly,Credit Card,0,0,50623.73
C109724,69.0,Female,Chennai,20,1547.15,34552.81,16.0,4,67.0,Annual,Bank Transfer,0,0,61991.54
C109725,29.0,Male,Pune,25,1290.67,29982.51,10.0,5,35.0,Annual,Bank Transfer,0,0,46329.55
C109726,22.0,Female,Hyderabad,60,1542.23,101652.01,6.0,2,63.0,Quarterly,Credit Card,0,0,100760.5
C109727,20.0,Female,Bengaluru,38,1672.37,67759.48,20.0,2,57.0,Monthly,UPI,1,0,86691.14
C109728,28.0,Female,Delhi,63,1283.45,82816.76,17.0,6,54.0,Monthly,Bank Transfer,0,0,92059.28
C109729,47.0,Female,Other,39,3460.36,147074.26,17.0,1,95.0,Monthly,Debit Card,0,0,174928.65
C109730,21.0,Male,Hyderabad,64,1742.33,99589.27,14.0,3,69.0,Monthly,Bank Transfer,1,0,121158.38
C109731,22.0,Female,Mumbai,21,1172.13,21809.78,27.0,4,34.0,Monthly,UPI,0,0,56810.69
C109732,18.0,Male,Kolkata,32,2372.71,83030.52,21.0,1,72.0,Monthly,UPI,1,0,102467.28
C109733,44.0,Male,Kolkata,28,1186.29,31839.75,10.0,1,95.0,Monthly,Bank Transfer,0,0,78156.82
C109734,45.0,Male,Hyderabad,12,1689.7,17931.48,14.0,3,100.0,Quarterly,Debit Card,0,0,53888.69
C109735,46.0,Female,Mumbai,23,723.48,18063.24,4.0,3,74.0,Monthly,UPI,0,0,37062.58
C109736,35.0,Female,Hyderabad,15,2236.61,37486.69,7.0,4,49.0,Quarterly,UPI,1,0,57599.38
C109737,29.0,Male,Pune,12,2219.6,24022.85,12.0,3,73.0,Quarterly,Debit Card,0,0,68352.65
C109738,30.0,Female,Bengaluru,4,2159.45,9095.83,17.0,5,84.0,Monthly,Debit Card,0,0,59037.41
C109739,58.0,Female,Pune,35,2529.19,80793.04,15.0,2,100.0,Annual,Bank Transfer,1,0,126318.1
C109740,19.0,Female,Other,61,1863.86,104075.71,15.0,4,52.0,Annual,Credit Card,1,0,120961.16
C109741,54.0,Female,Other,27,2293.25,61026.44,1.0,4,51.0,Monthly,Debit Card,0,0,83804.57
C109742,62.0,Male,Kolkata,33,3209.21,97476.42,5.0,4,65.0,Quarterly,Wallet,0,0,137939.54
C109743,33.0,Male,Hyderabad,13,2051.47,26199.51,11.0,2,51.0,Monthly,Credit Card,1,0,55668.33
C109744,65.0,Female,Hyderabad,37,1809.96,63118.89,19.0,1,69.0,Monthly,Bank Transfer,0,0,92780.6
C109745,41.0,Female,Delhi,44,877.65,38327.96,12.0,4,59.0,Monthly,Debit Card,1,0,62851.03
C109746,52.0,Male,Mumbai,2,1982.43,4378.75,15.0,2,100.0,Monthly,UPI,0,0,46637.67
C109747,39.0,Female,Hyderabad,38,1435.72,58850.7,15.0,1,74.0,Annual,Debit Card,0,0,79865.91
C109748,53.0,Female,Chennai,37,1805.05,67649.76,25.0,0,84.0,Monthly,Credit Card,1,0,95666.2
C109749,28.0,Female,Kolkata,59,1194.19,77746.0,17.0,2,71.0,Quarterly,UPI,1,0,85255.11
C109750,63.0,Male,Kolkata,69,1155.47,75032.97,12.0,2,52.0,Quarterly,Wallet,1,0,83829.29
C109751,46.0,Male,Hyderabad,18,1986.32,34438.36,25.0,1,100.0,Annual,Bank Transfer,1,0,72870.49
C109752,52.0,Female,Chennai,48,3017.28,134133.02,11.0,3,80.0,Quarterly,Wallet,0,0,152111.26
C109753,65.0,Male,Mumbai,66,1384.69,83237.73,12.0,0,77.0,Monthly,UPI,0,0,103833.98
C109754,32.0,Male,Pune,49,1139.44,60637.29,5.0,2,89.0,Quarterly,Credit Card,0,0,85046.3
C109755,48.0,Male,Mumbai,58,3291.31,175552.22,20.0,6,66.0,Monthly,UPI,1,0,204896.16
C109756,59.0,Female,Other,35,1704.07,64611.42,14.0,1,100.0,Annual,UPI,1,0,89971.72
C109757,58.0,Male,Pune,58,1694.44,97387.39,18.0,4,67.0,Quarterly,Credit Card,1,0,106999.3
C109758,60.0,Male,Other,7,1728.18,12402.21,24.0,2,100.0,Monthly,Bank Transfer,0,0,62579.7
C109759,33.0,Male,Delhi,9,2136.55,18227.52,28.0,1,57.0,Quarterly,UPI,1,0,63301.14
C109760,27.0,Male,Kolkata,69,1138.5,72680.59,13.0,4,70.0,Monthly,Debit Card,1,0,107778.4
C109761,66.0,Male,Pune,4,1651.34,6003.23,16.0,2,97.0,Monthly,Debit Card,1,0,52832.28
C109762,49.0,Female,Bengaluru,32,2059.81,61742.26,16.0,6,80.0,Quarterly,Credit Card,0,0,95407.19
C109763,68.0,Female,Bengaluru,5,1817.71,10016.96,16.0,1,100.0,Monthly,Wallet,1,0,54002.69
C109764,19.0,Female,Kolkata,56,1257.28,77857.31,15.0,3,63.0,Quarterly,Bank Transfer,0,0,81711.7
C109765,41.0,Male,Hyderabad,56,1081.93,56189.26,23.0,0,91.0,Monthly,UPI,0,0,95295.44
C109766,40.0,Male,Chennai,44,2386.59,108096.68,12.0,1,46.0,Annual,Wallet,0,0,128409.99
C109767,19.0,Male,Pune,72,1807.8,128417.46,29.0,2,96.0,Annual,Credit Card,1,0,148416.67
C109768,55.0,Male,Pune,13,2902.35,38656.15,12.0,5,68.0,Annual,Bank Transfer,0,0,84481.58
C109769,48.0,Male,Hyderabad,4,1734.69,7262.15,10.0,2,42.0,Quarterly,UPI,1,0,40062.18
C109770,68.0,Male,Mumbai,52,1858.615,108271.44,9.0,4,71.0,Annual,Wallet,0,0,140384.04
C109771,57.0,Other,Chennai,15,2212.45,29986.22,11.0,3,100.0,Monthly,UPI,0,0,82430.16
C109772,43.0,Male,Bengaluru,1,2084.25,2109.39,15.0,1,71.0,Monthly,UPI,0,0,39919.72
C109773,46.0,Female,Kolkata,65,1285.17,78674.69,3.0,2,72.0,Monthly,Credit Card,0,0,101249.6
C109774,20.0,Male,Delhi,11,2355.52,27435.96,3.0,1,67.0,Monthly,Debit Card,0,0,61501.97
C109775,31.0,Male,Other,61,2551.66,140985.98,10.0,3,69.0,Annual,Debit Card,0,0,154885.12
C109776,42.0,Female,Hyderabad,63,1397.54,93215.89,16.0,3,54.0,Monthly,UPI,0,0,97867.11
C109777,65.0,Male,Chennai,38,1503.02,54741.43,16.0,2,83.0,Quarterly,Debit Card,0,0,88316.01
C109778,18.0,Male,Pune,69,1946.45,125706.81,14.0,1,53.0,Monthly,Bank Transfer,1,0,140590.31
C109779,70.0,Female,Chennai,45,2177.3,103507.39,15.0,4,100.0,Monthly,Credit Card,0,0,133213.72
C109780,20.0,Female,Bengaluru,70,1535.45,102683.09,13.0,2,50.0,Monthly,Bank Transfer,0,0,113378.97
C109781,43.0,Male,Other,68,1957.63,139529.99,11.0,3,99.0,Monthly,Bank Transfer,0,0,156070.48
C109782,35.0,Male,Kolkata,4,1366.47,5543.37,20.0,3,43.0,Monthly,UPI,0,0,31503.4
C109783,26.0,Female,Mumbai,71,1963.09,145699.83,17.0,2,73.0,Annual,Credit Card,0,0,152132.56
C109784,55.0,Female,Mumbai,48,1706.12,73923.62,17.0,2,63.0,Monthly,Debit Card,0,0,94412.73
C109785,40.0,Male,Hyderabad,9,3191.73,29381.95,15.0,2,54.0,Monthly,Debit Card,1,0,70859.31
C109786,38.0,Male,Other,47,2639.62,134027.49,16.0,1,88.0,Annual,Debit Card,0,0,148736.25
C109787,18.0,Female,Pune,60,1728.97,103253.31,20.0,2,90.0,Monthly,UPI,0,0,124974.3
C109788,38.0,Male,Hyderabad,52,2132.27,108761.11,29.0,2,53.0,Annual,Debit Card,0,0,130916.42
C109789,44.0,Male,Hyderabad,33,1727.31,50437.05,12.0,3,75.0,Annual,Credit Card,0,0,83575.69
C109790,59.0,Female,Pune,58,1881.42,121277.12,10.0,5,76.0,Annual,Bank Transfer,1,0,116734.69
C109791,23.0,Male,Hyderabad,48,2096.36,112428.16,25.0,0,85.0,Annual,Debit Card,0,0,128883.46
C109792,61.0,Female,Other,5,1474.72,7807.06,10.0,5,65.0,Monthly,Debit Card,0,0,32992.47
C109793,53.0,Female,Other,27,2069.59,50901.7,15.0,1,53.0,Quarterly,Bank Transfer,1,0,83104.87
C109794,45.0,Female,Kolkata,41,2082.9,88273.33,11.0,1,100.0,Monthly,Bank Transfer,0,0,119041.08
C109795,62.0,Male,Delhi,1,3347.69,3205.17,21.0,2,82.0,Monthly,UPI,1,0,69755.5
C109796,34.0,Male,Mumbai,51,1858.615,20539.13,13.0,6,45.0,Monthly,Debit Card,0,0,33419.87
C109797,57.0,Male,Hyderabad,16,1614.56,23069.31,9.0,3,100.0,Monthly,Credit Card,0,0,71316.12
C109798,69.0,Male,Delhi,32,1315.34,44715.07,10.0,2,72.0,Quarterly,UPI,0,0,60853.19
C109799,20.0,Female,Chennai,47,399.0,19167.99,21.0,0,50.0,Monthly,Credit Card,1,0,34604.39
C109800,29.0,Male,Mumbai,23,2038.15,43892.6,16.0,0,80.0,Monthly,Debit Card,1,0,76596.87
C109801,56.0,Male,Bengaluru,15,1689.31,26202.41,15.0,0,64.0,Monthly,UPI,0,0,65117.64
C109802,29.0,Male,Bengaluru,26,2266.24,58475.77,19.0,4,79.0,Quarterly,UPI,1,0,99527.65
C109803,19.0,Male,Bengaluru,37,2566.4,95221.9,7.0,2,58.0,Annual,UPI,0,0,114997.9
C109804,63.0,Female,Pune,55,1210.95,59875.72,17.0,1,68.0,Monthly,UPI,1,0,75677.6
C109805,39.0,Female,Chennai,2,1781.4,3153.98,25.0,1,55.0,Annual,Credit Card,1,0,53231.25
C109806,40.0,Male,Bengaluru,19,2652.58,48404.04,22.0,3,83.0,Monthly,UPI,1,0,96044.56
C109807,47.0,Female,Chennai,32,569.61,16244.71,11.0,4,48.0,Monthly,UPI,0,0,35229.74
C109808,22.0,Female,Hyderabad,69,1514.76,100503.5,13.0,1,76.0,Monthly,Credit Card,1,0,119234.98
C109809,26.0,Male,Kolkata,55,1799.41,96054.03,6.0,1,84.0,Quarterly,Wallet,1,0,112835.34
C109810,38.0,Male,Mumbai,56,1638.65,86527.75,15.0,4,86.0,Annual,Credit Card,1,0,99870.22
C109811,28.0,Female,Hyderabad,29,1591.8,48988.09,3.0,5,61.0,Monthly,Credit Card,1,0,59782.31
C109812,22.0,Male,Bengaluru,36,2665.3,94170.39,7.0,2,44.0,Quarterly,UPI,0,0,118205.73
C109813,52.0,Male,Other,71,2716.96,173982.98,12.0,2,51.0,Annual,Bank Transfer,1,0,201040.57
C109814,44.0,Other,Mumbai,53,948.48,49431.09,10.0,3,57.0,Quarterly,Credit Card,1,0,65061.61
C109815,66.0,Male,Bengaluru,39,2362.44,82415.48,18.0,2,100.0,Monthly,Credit Card,0,0,126464.93
C109816,19.0,Female,Chennai,11,1905.23,20695.02,25.0,4,73.0,Monthly,Credit Card,0,0,51424.22
C109817,41.0,Female,Bengaluru,30,2298.76,73320.14,16.0,5,35.0,Monthly,UPI,1,0,86375.49
C109818,48.0,Male,Hyderabad,72,2600.23,200405.53,22.0,1,58.0,Monthly,UPI,0,0,190232.79
C109819,50.0,Male,Pune,53,2046.61,106870.54,14.0,0,93.0,Quarterly,UPI,1,0,126850.6
C109820,56.0,Female,Bengaluru,8,2932.1,25743.05,18.0,2,84.0,Monthly,Credit Card,0,0,62515.44
C109821,47.0,Male,Pune,20,2718.34,48825.55,14.0,1,95.0,Quarterly,Credit Card,0,0,96153.92
C109822,63.0,Male,Chennai,12,2777.23,36770.94,20.0,1,56.0,Monthly,Credit Card,0,0,88885.13
C109823,54.0,Female,Hyderabad,67,1683.98,124162.0,25.0,2,79.0,Monthly,UPI,1,0,132620.6
C109824,68.0,Male,Pune,50,1950.1,107462.9,20.0,2,43.0,Quarterly,UPI,0,0,108264.72
C109825,45.0,Male,Bengaluru,12,1748.44,20860.5,4.0,4,55.0,Quarterly,UPI,0,0,59673.01
C109826,48.0,Male,Delhi,54,1347.66,65436.02,7.0,0,100.0,Monthly,UPI,0,0,99120.69
C109827,28.0,Female,Pune,54,2744.47,149480.95,17.0,0,77.0,Annual,UPI,1,0,168484.02
C109828,40.0,Male,Other,19,2214.73,42036.68,16.0,4,95.0,Monthly,Wallet,1,0,70832.01
C109829,19.0,Male,Hyderabad,14,1429.01,18685.83,23.0,1,66.0,Quarterly,UPI,0,0,57915.19
C109830,57.0,Male,Hyderabad,52,2031.56,112456.94,13.0,2,63.0,Monthly,UPI,0,0,105687.5
C109831,58.0,Male,Mumbai,22,933.51,18181.66,9.0,2,80.0,Monthly,UPI,1,0,38920.47
C109832,44.0,Female,Bengaluru,4,399.0,1733.69,15.0,0,100.0,Annual,Bank Transfer,0,0,38721.53
C109833,52.0,Female,Chennai,59,2231.61,135931.21,11.0,1,58.0,Annual,Wallet,0,0,132459.48
C109834,19.0,Male,Hyderabad,34,2920.09,108638.02,17.0,1,100.0,Monthly,UPI,0,0,137727.28
C109835,56.0,Male,Mumbai,64,1640.19,101911.55,17.0,1,100.0,Annual,Credit Card,1,0,121304.13
C109836,54.0,Male,Hyderabad,18,1652.96,27369.01,22.0,4,64.0,Monthly,UPI,0,0,69108.72
C109837,38.0,Female,Pune,31,1492.62,44202.04,7.0,1,57.0,Annual,UPI,0,0,68733.67
C109838,22.0,Male,Pune,42,1772.56,82339.4,11.0,1,68.0,Quarterly,Wallet,1,0,86128.67
C109839,69.0,Male,Hyderabad,3,1551.78,4476.6,21.0,1,66.0,Monthly,Credit Card,1,0,45274.65
C109840,62.0,Other,Pune,55,2023.23,98422.74,19.0,0,85.0,Annual,Wallet,1,0,132556.77
C109841,38.0,Male,Bengaluru,10,1129.7,11826.6,21.0,2,36.0,Monthly,UPI,1,0,47884.22
C109842,46.0,Other,Bengaluru,71,1645.67,124873.79,20.0,0,42.0,Monthly,Wallet,1,0,123522.18
C109843,37.0,Male,Hyderabad,22,1247.77,28230.47,8.0,1,84.0,Monthly,Bank Transfer,0,0,50555.9
C109844,55.0,Male,Pune,23,661.39,16132.31,26.0,6,100.0,Annual,Bank Transfer,0,0,59920.16
C109845,37.0,Female,Chennai,13,2520.88,33243.24,9.0,2,91.0,Annual,Debit Card,0,0,93217.42
C109846,67.0,Male,Hyderabad,40,1969.31,75736.23,16.0,1,39.0,Monthly,Credit Card,0,1,98129.78
C109847,42.0,Male,Other,13,1827.43,24306.12,26.0,5,59.0,Monthly,UPI,0,0,71629.95
C109848,19.0,Male,Bengaluru,51,2056.84,110253.27,5.0,3,55.0,Monthly,Debit Card,0,0,107803.62
C109849,49.0,Female,Other,64,787.84,52800.32,16.0,2,39.0,Monthly,Wallet,1,0,59356.59
C109850,43.0,Male,Bengaluru,13,2693.2,37263.67,7.0,4,13.0,Monthly,UPI,0,0,72007.94
C109851,23.0,Female,Pune,29,1717.18,54243.83,23.0,0,90.0,Monthly,Credit Card,0,0,98587.2
C109852,58.0,Female,Delhi,71,2482.99,156276.25,7.0,6,32.0,Monthly,UPI,1,0,168652.31
C109853,20.0,Female,Kolkata,47,883.91,43925.33,9.0,1,59.0,Monthly,UPI,1,0,54247.45
C109854,50.0,Female,Other,26,1575.35,42696.0,18.0,0,47.0,Quarterly,Credit Card,0,0,64900.93
C109855,18.0,Male,Kolkata,70,2938.17,229185.39,20.0,2,94.0,Monthly,Credit Card,0,0,219278.2
C109856,68.0,Male,Chennai,23,2539.06,53395.83,16.0,0,66.0,Annual,Credit Card,0,0,91884.44
C109857,22.0,Male,Pune,56,901.55,51158.56,20.0,0,60.0,Monthly,UPI,1,0,70625.42
C109858,30.0,Male,Delhi,19,2160.64,39900.36,21.0,2,100.0,Monthly,Debit Card,0,0,91512.86
C109859,36.0,Male,Hyderabad,50,1385.09,65948.27,17.0,2,72.0,Quarterly,Credit Card,1,0,90524.55
C109860,29.0,Male,Kolkata,35,1047.07,37426.44,13.0,0,59.0,Monthly,Bank Transfer,0,0,61342.3
C109861,65.0,Female,Chennai,49,1639.68,82676.4,4.0,3,64.0,Annual,Credit Card,0,0,96031.35
C109862,42.0,Female,Hyderabad,46,1894.83,91643.23,8.0,2,89.0,Monthly,UPI,0,0,101825.26
C109863,68.0,Male,Chennai,70,1875.47,145165.03,21.0,3,93.0,Monthly,UPI,1,0,147571.31
C109864,52.0,Male,Mumbai,53,1486.31,78815.01,17.0,1,81.0,Annual,UPI,1,0,105062.29
C109865,29.0,Male,Mumbai,31,1941.04,65005.1,14.0,3,60.0,Annual,Credit Card,0,0,81459.5
C109866,47.0,Male,Mumbai,22,1137.99,27058.39,11.0,1,45.0,Quarterly,Bank Transfer,1,0,45973.53
C109867,22.0,Male,Bengaluru,67,1718.85,104888.34,6.0,4,100.0,Monthly,Debit Card,0,0,130619.31
C109868,51.0,Female,Delhi,8,2052.47,16413.19,21.0,2,91.0,Monthly,Credit Card,0,0,67913.78
C109869,39.0,Male,Kolkata,19,741.04,14400.55,11.0,0,90.0,Quarterly,UPI,1,0,43764.2
C109870,56.0,Male,Chennai,31,992.05,28300.99,13.0,8,100.0,Monthly,Bank Transfer,0,0,45449.95
C109871,30.0,Male,Delhi,32,1382.0,45527.44,21.0,0,85.0,Monthly,Debit Card,0,0,83674.38
C109872,64.0,Other,Bengaluru,55,2140.33,121951.68,9.0,3,100.0,Quarterly,UPI,0,0,149367.16
C109873,20.0,Female,Hyderabad,31,1043.74,29815.89,17.0,0,48.0,Quarterly,Debit Card,0,0,51684.27
C109874,70.0,Female,Mumbai,67,2296.99,169587.85,13.0,0,70.0,Quarterly,Credit Card,1,0,159970.19
C109875,37.0,Male,Hyderabad,51,1281.5,71548.57,15.0,2,60.0,Annual,UPI,1,0,89471.97
C109876,48.0,Male,Delhi,27,1412.69,35926.89,8.0,3,85.0,Annual,Wallet,0,0,70583.31
C109877,22.0,Male,Delhi,48,1516.63,76752.59,19.0,4,24.0,Monthly,Debit Card,1,0,88640.34
C109878,41.0,Male,Bengaluru,43,1424.22,63189.51,17.0,4,42.0,Monthly,Credit Card,1,0,65043.34
C109879,57.0,Female,Chennai,51,1522.51,80773.45,21.0,4,47.0,Annual,UPI,0,0,100390.75
C109880,50.0,Male,Kolkata,69,918.21,64803.13,15.0,1,43.0,Monthly,Bank Transfer,0,0,60205.16
C109881,25.0,Male,Hyderabad,71,762.75,52457.94,6.0,3,53.0,Monthly,UPI,0,1,77271.48
C109882,41.0,Female,Mumbai,72,2311.7,147568.87,13.0,2,81.0,Quarterly,Credit Card,0,0,177517.65
C109883,67.0,Male,Kolkata,50,1799.26,88348.49,5.0,1,51.0,Quarterly,UPI,0,0,103788.77
C109884,37.0,Female,Kolkata,61,1858.615,190783.77,27.0,3,70.0,Quarterly,Debit Card,0,0,212353.75
C109885,33.0,Male,Mumbai,41,1773.42,64456.83,13.0,3,77.0,Monthly,Credit Card,0,0,98004.51
C109886,67.0,Male,Chennai,51,2307.13,122907.5,15.0,0,72.0,Annual,Bank Transfer,0,0,154050.27
C109887,69.0,Male,Hyderabad,24,1858.615,63939.66,16.0,1,72.0,Annual,Bank Transfer,1,0,108514.11
C109888,29.0,Female,Hyderabad,30,2167.8,66884.34,13.0,0,64.0,Quarterly,Bank Transfer,1,0,88266.44
C109889,30.0,Male,Delhi,52,1570.8,81079.37,24.0,0,91.0,Monthly,UPI,1,0,95694.7
C109890,62.0,Male,Hyderabad,50,1445.0,73849.07,15.0,0,92.0,Monthly,Debit Card,1,0,98406.05
C109891,59.0,Male,Kolkata,57,2025.44,114880.27,9.0,5,53.0,Monthly,UPI,1,0,119979.0
C109892,56.0,Female,Mumbai,62,2366.8,134994.27,13.0,4,42.0,Annual,Credit Card,1,0,152525.52
C109893,42.0,Female,Hyderabad,53,2316.67,137087.13,17.0,3,65.0,Annual,Debit Card,0,0,142800.75
C109894,63.0,Male,Bengaluru,68,1939.3,146981.26,11.0,1,100.0,Annual,Credit Card,1,0,153879.67
C109895,49.0,Male,Mumbai,69,1519.18,97798.33,13.0,2,49.0,Monthly,Debit Card,0,0,101654.58
C109896,41.0,Female,Hyderabad,31,2358.42,78517.64,18.0,1,90.0,Annual,UPI,1,0,98958.42
C109897,65.0,Female,Pune,30,1968.48,63601.55,13.0,2,99.0,Annual,Credit Card,0,0,88054.2
C109898,64.0,Female,Kolkata,10,1164.32,11584.82,16.0,1,93.0,Annual,Wallet,0,0,55148.25
C109899,61.0,Male,Other,44,1581.46,76180.56,16.0,3,72.0,Annual,UPI,1,0,82526.12
C109900,26.0,Male,Delhi,6,1351.39,8692.16,11.0,2,33.0,Annual,Credit Card,0,0,41288.95
C109901,57.0,Female,Pune,27,2045.15,57500.62,11.0,2,68.0,Monthly,Credit Card,0,0,76184.34
C109902,67.0,Female,Mumbai,20,1578.03,31953.53,3.0,6,72.0,Annual,Credit Card,1,0,51097.72
C109903,40.0,Female,Chennai,20,3225.13,66550.0,23.0,2,66.0,Monthly,Wallet,1,0,123986.39
C109904,44.0,Male,Delhi,12,2154.48,24420.25,16.0,4,70.0,Monthly,Credit Card,0,0,67233.87
C109905,30.0,Female,Bengaluru,49,3090.87,166923.0,13.0,1,69.0,Annual,Credit Card,0,0,184103.66
C109906,49.0,Female,Hyderabad,52,2859.74,160541.33,10.0,3,61.0,Monthly,Credit Card,0,0,163099.58
C109907,67.0,Female,Pune,10,1578.06,16424.78,1.0,4,31.0,Monthly,Debit Card,0,0,29285.96
C109908,32.0,Male,Other,5,2521.24,13016.11,5.0,3,60.0,Quarterly,UPI,1,0,50763.11
C109909,53.0,Female,Mumbai,64,2113.07,123840.61,26.0,2,76.0,Annual,Credit Card,1,0,152601.07
C109910,44.0,Female,Mumbai,58,2826.46,172873.43,6.0,2,76.0,Annual,Credit Card,0,0,180279.09
C109911,22.0,Female,Mumbai,8,1138.73,10198.82,13.0,3,65.0,Annual,Wallet,0,0,51501.6
C109912,39.0,Female,Chennai,30,2275.85,67358.21,22.0,2,60.0,Annual,UPI,1,0,99710.25
C109913,33.0,Female,Chennai,17,2293.7,40922.76,7.0,4,84.0,Annual,Credit Card,1,0,74109.42
C109914,58.0,Female,Other,67,2706.51,167713.16,16.0,3,96.0,Monthly,UPI,0,0,192571.02
C109915,27.0,Male,Chennai,21,1075.33,20985.11,11.0,3,77.0,Monthly,Credit Card,0,0,53982.39
C109916,41.0,Female,Hyderabad,16,1858.615,27795.71,11.0,5,62.0,Monthly,Wallet,1,0,46820.44
C109917,35.0,Female,Pune,27,1858.615,48511.58,15.0,2,87.0,Monthly,Debit Card,1,0,88982.11
C109918,66.0,Male,Chennai,6,2328.01,12943.41,4.0,2,76.0,Annual,Credit Card,0,0,48508.86
C109919,35.0,Male,Delhi,42,3027.82,127784.68,12.0,1,59.0,Monthly,UPI,1,0,136861.53
C109920,24.0,Male,Mumbai,16,2239.98,32416.56,15.0,2,78.0,Annual,Credit Card,0,0,81829.59
C109921,21.0,Female,Delhi,45,2113.49,86164.28,3.0,1,46.0,Quarterly,UPI,0,0,111207.69
C109922,43.0,Male,Hyderabad,3,2398.03,6338.39,26.0,4,88.0,Quarterly,Bank Transfer,1,0,64234.64
C109923,22.0,Female,Hyderabad,40,1929.38,84419.41,25.0,4,60.0,Monthly,Debit Card,1,0,96285.72
C109924,33.0,Female,Bengaluru,20,1612.44,29947.87,5.0,0,72.0,Annual,Debit Card,0,0,49467.98
C109925,52.0,Female,Delhi,7,1304.66,8090.62,9.0,2,72.0,Quarterly,Credit Card,0,0,39445.19
C109926,43.0,Male,Bengaluru,59,2313.06,150299.83,25.0,3,93.0,Monthly,UPI,0,0,158767.79
C109927,35.0,Male,Chennai,11,1944.0,19405.51,17.0,1,69.0,Annual,Credit Card,1,0,50679.71
C109928,46.0,Male,Other,52,1103.18,61709.57,16.0,1,77.0,Monthly,Debit Card,0,0,80008.75
C109929,40.0,Male,Hyderabad,3,1147.25,3498.04,21.0,1,43.0,Monthly,Bank Transfer,0,0,36000.62
C109930,70.0,Female,Pune,21,1843.63,37907.15,18.0,3,91.0,Quarterly,Credit Card,1,0,61226.77
C109931,31.0,Female,Pune,53,2171.03,113553.45,15.0,2,67.0,Monthly,Bank Transfer,1,0,132597.13
C109932,32.0,Male,Kolkata,30,2593.06,73690.19,10.0,2,8.0,Annual,UPI,0,0,91221.93
C109933,66.0,Female,Kolkata,11,1955.12,22409.34,14.0,2,97.0,Quarterly,Credit Card,0,0,54565.19
C109934,50.0,Male,Mumbai,25,1151.98,28373.24,25.0,1,86.0,Annual,Credit Card,1,0,52658.92
C109935,42.0,Male,Delhi,50,1375.52,71597.52,25.0,3,97.0,Monthly,UPI,1,0,103090.74
C109936,38.0,Female,Mumbai,9,812.04,7010.84,13.0,1,66.0,Annual,UPI,1,0,31043.35
C109937,34.0,Male,Bengaluru,45,2777.84,119570.6,4.0,4,73.0,Monthly,UPI,0,0,135912.4
C109938,40.0,Female,Bengaluru,29,476.33,13816.94,13.0,0,82.0,Monthly,UPI,0,0,28276.46
C109939,60.0,Female,Bengaluru,62,2014.01,118246.22,1.0,1,47.0,Monthly,Debit Card,0,0,134532.33
C109940,34.0,Female,Hyderabad,15,2349.83,39049.03,19.0,2,42.0,Monthly,Credit Card,0,0,61200.36
C109941,31.0,Male,Pune,19,2534.28,46439.82,12.0,5,45.0,Annual,UPI,1,0,68527.99
C109942,46.0,Male,Other,15,3068.2,43013.13,8.0,0,44.0,Monthly,UPI,0,0,96776.84
C109943,37.0,Male,Kolkata,39,1251.91,46389.7,7.0,5,71.0,Quarterly,UPI,0,0,64149.28
C109944,47.0,Female,Hyderabad,35,1497.76,57426.19,11.0,4,67.0,Quarterly,Credit Card,1,0,70964.7
C109945,36.0,Male,Hyderabad,13,779.96,9051.15,7.0,2,28.0,Annual,Credit Card,0,0,31959.47
C109946,70.0,Male,Pune,16,2140.72,37548.29,18.0,2,100.0,Annual,Bank Transfer,0,0,90798.97
C109947,56.0,Female,Chennai,67,1232.89,84904.56,1.0,1,48.0,Quarterly,Bank Transfer,0,0,86178.91
C109948,30.0,Female,Pune,55,2298.42,129646.67,19.0,4,55.0,Monthly,Wallet,0,0,140822.79
C109949,35.0,Female,Pune,65,1327.65,77624.35,21.0,1,43.0,Monthly,Debit Card,0,0,89867.43
C109950,40.0,Female,Delhi,35,2018.65,68667.92,20.0,2,80.0,Monthly,Credit Card,0,0,98212.68
C109951,63.0,Male,Bengaluru,16,3151.37,55633.78,8.0,1,56.0,Annual,Debit Card,0,0,80810.11
C109952,50.0,Male,Hyderabad,1,1299.78,1143.89,13.0,0,58.0,Quarterly,Debit Card,0,0,37336.93
C109953,56.0,Male,Bengaluru,50,2677.4,130365.56,13.0,2,71.0,Monthly,Credit Card,0,0,145510.1
C109954,57.0,Male,Mumbai,14,632.63,8956.87,3.0,2,26.0,Quarterly,UPI,1,0,11368.2
C109955,35.0,Female,Other,62,2072.43,126641.88,7.0,4,68.0,Monthly,Credit Card,0,0,135981.87
C109956,26.0,Male,Hyderabad,7,2321.26,17450.17,20.0,2,65.0,Annual,Credit Card,0,0,62588.75
C109957,50.0,Female,Hyderabad,23,1837.65,42573.58,7.0,3,80.0,Annual,UPI,0,0,80079.35
C109958,49.0,Male,Delhi,63,2277.71,148898.61,25.0,3,80.0,Monthly,Debit Card,1,0,171010.95
C109959,34.0,Male,Bengaluru,29,2245.21,59176.32,18.0,1,56.0,Annual,UPI,1,0,95576.88
C109960,36.0,Female,Pune,22,2280.28,47037.99,8.0,3,69.0,Annual,Credit Card,0,0,78960.74
C109961,44.0,Male,Hyderabad,6,1405.46,9220.51,22.0,5,56.0,Monthly,Debit Card,0,0,49302.1
C109962,23.0,Female,Other,29,1557.04,45888.08,15.0,0,81.0,Monthly,Bank Transfer,0,0,75216.08
C109963,52.0,Other,Kolkata,2,2421.38,5046.39,15.0,3,100.0,Monthly,UPI,1,0,59990.71
C109964,54.0,Female,Kolkata,64,1171.03,70792.9,15.0,2,72.0,Monthly,Bank Transfer,0,0,94252.79
C109965,51.0,Male,Hyderabad,36,1434.88,56392.52,20.0,2,84.0,Monthly,UPI,1,0,68276.05
C109966,37.0,Female,Bengaluru,20,862.37,15848.2,19.0,3,45.0,Monthly,UPI,0,0,28332.04
C109967,42.0,Male,Pune,55,1752.37,102436.67,13.0,4,43.0,Monthly,Bank Transfer,1,0,96356.09
C109968,21.0,Female,Pune,37,3132.82,107324.23,14.0,4,30.0,Monthly,Credit Card,0,0,135179.22
C109969,27.0,Male,Delhi,52,2114.41,116510.61,18.0,2,45.0,Quarterly,Debit Card,0,0,130700.94
C109970,27.0,Male,Chennai,69,993.91,76499.86,18.0,4,72.0,Monthly,Wallet,0,0,80450.68
C109971,41.0,Other,Bengaluru,70,2722.59,195170.27,24.0,0,100.0,Monthly,Credit Card,0,0,197381.73
C109972,38.0,Male,Other,22,1123.57,26071.27,21.0,3,71.0,Monthly,UPI,1,0,46672.28
C109973,28.0,Female,Hyderabad,15,2390.03,37451.32,18.0,2,55.0,Monthly,Bank Transfer,0,0,71479.52
C109974,44.0,Male,Hyderabad,47,1755.42,80809.0,4.0,3,48.0,Quarterly,Wallet,1,0,97632.52
C109975,33.0,Female,Hyderabad,71,2113.08,141892.01,21.0,3,46.0,Monthly,Bank Transfer,1,0,146935.97
C109976,43.0,Female,Pune,69,2781.42,197833.6,16.0,2,78.0,Annual,UPI,0,0,193631.54
C109977,47.0,Male,Hyderabad,52,824.61,47043.17,12.0,1,98.0,Monthly,UPI,0,0,67118.0
C109978,66.0,Female,Mumbai,39,1585.94,68016.21,14.0,2,75.0,Quarterly,Debit Card,1,0,79504.6
C109979,44.0,Female,Bengaluru,2,2600.44,4964.46,1.0,0,100.0,Annual,Credit Card,1,0,58776.22
C109980,24.0,Female,Hyderabad,45,1670.19,81593.65,26.0,2,95.0,Monthly,Wallet,0,0,105117.68
C109981,33.0,Male,Pune,24,1418.17,31344.13,18.0,0,48.0,Quarterly,Wallet,1,0,59176.45
C109982,52.0,Female,Hyderabad,61,1710.9,107588.22,27.0,2,85.0,Monthly,Debit Card,1,0,122390.15
C109983,33.0,Male,Bengaluru,65,1444.92,93829.87,33.0,2,67.0,Monthly,Debit Card,1,0,113394.3
C109984,57.0,Male,Mumbai,53,1539.3,77836.11,1.0,1,48.0,Quarterly,Debit Card,1,0,93705.6
C109985,29.0,Male,Chennai,21,2713.36,60725.13,10.0,1,67.0,Monthly,Debit Card,0,0,94214.23
C109986,52.0,Female,Bengaluru,67,1547.33,109169.53,13.0,3,100.0,Quarterly,Bank Transfer,0,0,122633.63
C109987,66.0,Female,Kolkata,1,2687.98,2907.63,15.0,2,41.0,Monthly,Debit Card,0,0,34711.09
C109988,38.0,Male,Other,59,2745.93,167147.9,8.0,1,63.0,Annual,Bank Transfer,0,0,176671.81
C109989,67.0,Female,Chennai,47,2368.36,103502.81,22.0,1,67.0,Annual,UPI,1,0,137494.84
C109990,60.0,Female,Chennai,18,1683.28,30875.16,24.0,3,92.0,Annual,Wallet,0,0,57782.76
C109991,53.0,Male,Bengaluru,33,1962.76,60446.26,4.0,1,68.0,Monthly,UPI,1,0,80486.4
C109992,65.0,Female,Pune,15,1855.45,30570.66,20.0,1,76.0,Monthly,Debit Card,0,0,57325.8
C109993,34.0,Male,Mumbai,24,1687.91,41839.24,7.0,2,78.0,Annual,Bank Transfer,0,0,72962.4
C109994,49.0,Male,Hyderabad,36,1875.1,66502.64,17.0,4,76.0,Quarterly,Credit Card,0,0,97202.61
C109995,58.0,Male,Pune,60,1490.06,81636.03,8.0,3,66.0,Monthly,Wallet,1,0,90919.53
C109996,23.0,Female,Mumbai,34,3005.23,106281.76,22.0,0,51.0,Monthly,Credit Card,1,0,132935.96
C109997,41.0,Other,Chennai,51,1074.48,49374.42,22.0,2,80.0,Monthly,UPI,0,0,85823.96
C109998,44.0,Male,Bengaluru,40,2252.39,81094.03,16.0,2,40.0,Monthly,Credit Card,0,0,105117.53
C109999,37.0,Male,Hyderabad,22,1821.74,35831.98,26.0,2,56.0,Monthly,Credit Card,0,0,69676.41
